age_s,S
0,1.00000000
60,0.99872448
120,0.99751272
180,0.99657978
240,0.99603503
300,0.99531892
360,0.99480914
420,0.99440601
480,0.99352778
540,0.99299850
600,0.99260348
660,0.99206763
720,0.99182297
780,0.99153749
840,0.99108674
900,0.99059583
960,0.98994604
1020,0.98973009
1080,0.98956628
1140,0.98944509
1200,0.98898843
1260,0.98891716
1320,0.98882754
1380,0.98875157
1440,0.98867642
1500,0.98858698
1560,0.98848269
1620,0.98837921
1680,0.98830571
1740,0.98822206
1800,0.98813440
1860,0.98806744
1920,0.98798387
1980,0.98791713
2040,0.98784531
2100,0.98776005
2160,0.98756692
2220,0.98743176
2280,0.98732088
2340,0.98723743
2400,0.98718786
2460,0.98710343
2520,0.98679955
2580,0.98656887
2640,0.98647277
2700,0.98638545
2760,0.98629818
2820,0.98620586
2880,0.98611165
2940,0.98602395
3000,0.98593638
3060,0.98586414
3120,0.98577906
3180,0.98565551
3240,0.98558454
3300,0.98551272
3360,0.98541073
3420,0.98524955
3480,0.98514154
3540,0.98506203
3600,0.98496559
3660,0.98484054
3720,0.98473643
3780,0.98465787
3840,0.98446382
3900,0.98415896
3960,0.98383636
4020,0.98349736
4080,0.98309669
4140,0.98278942
4200,0.98244367
4260,0.98213491
4320,0.98181336
4380,0.98144464
4440,0.98110804
4500,0.98078790
4560,0.98045929
4620,0.98012136
4680,0.97979053
4740,0.97940696
4800,0.97911565
4860,0.97883007
4920,0.97803297
4980,0.97767330
5040,0.97700148
5100,0.97671097
5160,0.97642083
5220,0.97611563
5280,0.97580379
5340,0.97548451
5400,0.97517935
5460,0.97484008
5520,0.97449455
5580,0.97443504
5640,0.97435850
5700,0.97429738
5760,0.97419714
5820,0.97412756
5880,0.97405699
5940,0.97400256
6000,0.97393424
6060,0.97386885
6120,0.97376500
6180,0.97370178
6240,0.97361841
6300,0.97355902
6360,0.97349814
6420,0.97341817
6480,0.97319777
6540,0.97309418
6600,0.97300055
6660,0.97287157
6720,0.97278068
6780,0.97269575
6840,0.97257542
6900,0.97247988
6960,0.97242475
7020,0.97236131
7080,0.97221570
7140,0.97215927
7200,0.97206507
7260,0.97201129
7320,0.97195261
7380,0.97187709
7440,0.97180909
7500,0.97170979
7560,0.97161717
7620,0.97152073
7680,0.97129278
7740,0.97120349
7800,0.97111341
7860,0.97102624
7920,0.97093755
7980,0.97085313
8040,0.97076535
8100,0.97067646
8160,0.97054581
8220,0.97046039
8280,0.97036176
8340,0.97027262
8400,0.96960721
8460,0.96951850
8520,0.96902514
8580,0.96861797
8640,0.96850752
8700,0.96839664
8760,0.96831055
8820,0.96822459
8880,0.96812283
8940,0.96793106
9000,0.96787423
9060,0.96779317
9120,0.96773339
9180,0.96765541
9240,0.96755581
9300,0.96747778
9360,0.96738340
9420,0.96717260
9480,0.96706246
9540,0.96697278
9600,0.96687065
9660,0.96679574
9720,0.96670756
9780,0.96663917
9840,0.96657705
9900,0.96646195
9960,0.96639760
10020,0.96601657
10080,0.96594958
10140,0.96588253
10200,0.96579780
10260,0.96573513
10320,0.96550602
10380,0.96543537
10440,0.96535020
10500,0.96528528
10560,0.96521380
10620,0.96512316
10680,0.96505092
10740,0.96495670
10800,0.96488900
10860,0.96482008
10920,0.96475546
10980,0.96467171
11040,0.96460362
11100,0.96451059
11160,0.96444876
11220,0.96437897
11280,0.96426663
11340,0.96418007
11400,0.96409709
11460,0.96400069
11520,0.96392864
11580,0.96385991
11640,0.96378832
11700,0.96365219
11760,0.96358518
11820,0.96350912
11880,0.96343862
11940,0.96335846
12000,0.96327894
12060,0.96320286
12120,0.96311724
12180,0.96280646
12240,0.96273290
12300,0.96259864
12360,0.96253058
12420,0.96239640
12480,0.96233243
12540,0.96220433
12600,0.96208029
12660,0.96201269
12720,0.96194367
12780,0.96187474
12840,0.96181018
12900,0.96174031
12960,0.96164627
13020,0.96156990
13080,0.96148470
13140,0.96141248
13200,0.96131375
13260,0.96122759
13320,0.96114045
13380,0.96106966
13440,0.96100547
13500,0.96093538
13560,0.96084923
13620,0.96077731
13680,0.96068328
13740,0.96039962
13800,0.96024458
13860,0.96013189
13920,0.95988956
13980,0.95953909
14040,0.95940433
14100,0.95924227
14160,0.95902762
14220,0.95890553
14280,0.95879789
14340,0.95854564
14400,0.95840308
14460,0.95824331
14520,0.95806985
14580,0.95772773
14640,0.95751635
14700,0.95720292
14760,0.95691068
14820,0.95680484
14880,0.95673728
14940,0.95624776
15000,0.95614945
15060,0.95594169
15120,0.95583923
15180,0.95546775
15240,0.95524844
15300,0.95514270
15360,0.95501764
15420,0.95492920
15480,0.95482345
15540,0.95388180
15600,0.95293559
15660,0.95286734
15720,0.95280972
15780,0.95275070
15840,0.95250602
15900,0.95244951
15960,0.95239028
16020,0.95232474
16080,0.95226950
16140,0.95221162
16200,0.95215090
16260,0.95209043
16320,0.95202966
16380,0.95196950
16440,0.95154669
16500,0.95148823
16560,0.95143346
16620,0.95137977
16680,0.95132122
16740,0.95126155
16800,0.95119944
16860,0.95114090
16920,0.95107549
16980,0.95101593
17040,0.95095475
17100,0.95089253
17160,0.95083464
17220,0.95077398
17280,0.95071358
17340,0.95064719
17400,0.95058561
17460,0.95052308
17520,0.95046022
17580,0.95040196
17640,0.95033627
17700,0.95027261
17760,0.95021268
17820,0.95015047
17880,0.95008671
17940,0.95002419
18000,0.94992007
18060,0.94985510
18120,0.94979116
18180,0.94972694
18240,0.94966559
18300,0.94960325
18360,0.94953868
18420,0.94947459
18480,0.94941070
18540,0.94934921
18600,0.94928644
18660,0.94922851
18720,0.94916440
18780,0.94910165
18840,0.94904256
18900,0.94897872
18960,0.94891741
19020,0.94885252
19080,0.94878252
19140,0.94872197
19200,0.94863697
19260,0.94857629
19320,0.94851645
19380,0.94845844
19440,0.94839593
19500,0.94833635
19560,0.94826802
19620,0.94820640
19680,0.94815053
19740,0.94812649
19800,0.94810378
19860,0.94805593
19920,0.94799448
19980,0.94793100
20040,0.94789416
20100,0.94785237
20160,0.94779397
20220,0.94774001
20280,0.94770638
20340,0.94766106
20400,0.94760903
20460,0.94755580
20520,0.94750514
20580,0.94744906
20640,0.94739750
20700,0.94734052
20760,0.94729453
20820,0.94723917
20880,0.94717999
20940,0.94712900
21000,0.94707612
21060,0.94701883
21120,0.94696019
21180,0.94690309
21240,0.94684652
21300,0.94679034
21360,0.94673540
21420,0.94668624
21480,0.94663232
21540,0.94658317
21600,0.94653169
21660,0.94647634
21720,0.94642114
21780,0.94636313
21840,0.94628774
21900,0.94623634
21960,0.94617917
22020,0.94607472
22080,0.94599831
22140,0.94594288
22200,0.94587077
22260,0.94564912
22320,0.94559452
22380,0.94554528
22440,0.94548835
22500,0.94543783
22560,0.94538194
22620,0.94533253
22680,0.94351855
22740,0.94346407
22800,0.94314477
22860,0.94309114
22920,0.94303424
22980,0.94297841
23040,0.94292533
23100,0.94287113
23160,0.94281580
23220,0.94218709
23280,0.94213381
23340,0.94206695
23400,0.94201074
23460,0.94195331
23520,0.94190078
23580,0.94184405
23640,0.94178766
23700,0.94173014
23760,0.94167670
23820,0.94162711
23880,0.94157243
23940,0.94151459
24000,0.94145459
24060,0.94140188
24120,0.94134878
24180,0.94129602
24240,0.94123839
24300,0.94118951
24360,0.94113711
24420,0.94108316
24480,0.94102838
24540,0.94097395
24600,0.94092497
24660,0.94087009
24720,0.94080921
24780,0.94076994
24840,0.94074427
24900,0.94074131
24960,0.94073536
25020,0.94073454
25080,0.94072861
25140,0.94072565
25200,0.94071969
25260,0.94071905
25320,0.94071903
25380,0.94071902
25440,0.94071011
25500,0.94071008
25560,0.94070838
25620,0.94070728
25680,0.94070671
25740,0.94070671
25800,0.94070642
25860,0.94070605
25920,0.94070505
25980,0.94070503
26040,0.94070503
26100,0.94070492
26160,0.94070485
26220,0.94070485
26280,0.94070485
26340,0.94070485
26400,0.94070485
26460,0.94070448
26520,0.94068184
26580,0.94068184
26640,0.94068184
26700,0.94048915
26760,0.94048904
26820,0.94048904
26880,0.94048904
26940,0.94048878
27000,0.94048878
27060,0.94048874
27120,0.94048704
27180,0.94048704
27240,0.94048704
27300,0.94048701
27360,0.94048694
27420,0.94048693
27480,0.94048678
27540,0.94048671
27600,0.94042184
27660,0.94042163
27720,0.94039501
27780,0.94038739
27840,0.94038264
27900,0.94037851
27960,0.94037498
28020,0.94025063
28080,0.94024619
28140,0.94024315
28200,0.94023885
28260,0.94023159
28320,0.94022815
28380,0.94022198
28440,0.93993218
28500,0.93993218
28560,0.93992461
28620,0.93991995
28680,0.93991686
28740,0.93991542
28800,0.93991483
28860,0.93990862
28920,0.93990862
28980,0.93990855
29040,0.93990849
29100,0.93990722
29160,0.93990720
29220,0.93990720
29280,0.93990713
29340,0.93990649
29400,0.93990649
29460,0.93990649
29520,0.93990649
29580,0.93902586
29640,0.93902562
29700,0.93814502
29760,0.93814502
29820,0.93814449
29880,0.93814442
29940,0.93814432
30000,0.93814243
30060,0.93789747
30120,0.93789602
30180,0.93789598
30240,0.93789588
30300,0.93789082
30360,0.93788516
30420,0.93788506
30480,0.93788505
30540,0.93788497
30600,0.93788439
30660,0.93788386
30720,0.93788060
30780,0.93788057
30840,0.93788051
30900,0.93788035
30960,0.93787893
31020,0.93787882
31080,0.93767224
31140,0.93766891
31200,0.93766891
31260,0.93766891
31320,0.93766734
31380,0.93766734
31440,0.93766728
31500,0.93751750
31560,0.93751750
31620,0.93751393
31680,0.93751393
31740,0.93751393
31800,0.93751393
31860,0.93751389
31920,0.93751386
31980,0.93751386
32040,0.93751386
32100,0.93751386
32160,0.93751386
32220,0.93751372
32280,0.93751372
32340,0.93751230
32400,0.93751230
32460,0.93751227
32520,0.93750932
32580,0.93750919
32640,0.93750509
32700,0.93750506
32760,0.93750501
32820,0.93750497
32880,0.93750483
32940,0.93750483
33000,0.93750439
33060,0.93750439
33120,0.93750412
33180,0.93749872
33240,0.93749869
33300,0.93749859
33360,0.93711834
33420,0.93711826
33480,0.93711826
33540,0.93711812
33600,0.93711802
33660,0.93711798
33720,0.93711792
33780,0.93711792
33840,0.93711779
33900,0.93711480
33960,0.93711244
34020,0.93711238
34080,0.93711238
34140,0.93711238
34200,0.93711024
34260,0.93711024
34320,0.93711017
34380,0.93711010
34440,0.93711007
34500,0.93710920
34560,0.93710917
34620,0.93710910
34680,0.93710903
34740,0.93710894
34800,0.93710883
34860,0.93710868
34920,0.93710719
34980,0.93710719
35040,0.93710719
35100,0.93710715
35160,0.93710715
35220,0.93710714
35280,0.93710714
35340,0.93710714
35400,0.93710515
35460,0.93710515
35520,0.93710515
35580,0.93709414
35640,0.93709096
35700,0.93709093
35760,0.93709025
35820,0.93708468
35880,0.93708468
35940,0.93708075
36000,0.93706986
36060,0.93706986
36120,0.93698373
36180,0.93697912
36240,0.93697302
36300,0.93697281
36360,0.93697166
36420,0.93696895
36480,0.93696895
36540,0.93695969
36600,0.93598054
36660,0.93598054
36720,0.93509175
36780,0.93508783
36840,0.93508375
36900,0.93508368
36960,0.93507510
37020,0.93507482
37080,0.93507107
37140,0.93506877
37200,0.93506495
37260,0.93506491
37320,0.93505990
37380,0.93504450
37440,0.93504014
37500,0.93498353
37560,0.93498076
37620,0.93497344
37680,0.93491419
37740,0.93490890
37800,0.93490877
37860,0.93490443
37920,0.93490443
37980,0.93490050
38040,0.93489763
38100,0.93489625
38160,0.93489305
38220,0.93489299
38280,0.93488874
38340,0.93488874
38400,0.93488477
38460,0.93487910
38520,0.93487795
38580,0.93487466
38640,0.93487128
38700,0.93486677
38760,0.93486677
38820,0.93486200
38880,0.93486200
38940,0.93485767
39000,0.93485618
39060,0.93485136
39120,0.93484647
39180,0.93484636
39240,0.93484636
39300,0.93484636
39360,0.93484116
39420,0.93484116
39480,0.93483751
39540,0.93483751
39600,0.93482778
39660,0.93482778
39720,0.93467106
39780,0.93466721
39840,0.93466721
39900,0.93466011
39960,0.93465899
40020,0.93465729
40080,0.93465393
40140,0.93465081
40200,0.93464556
40260,0.93464556
40320,0.93463432
40380,0.93463006
40440,0.93462860
40500,0.93462860
40560,0.93462857
40620,0.93462854
40680,0.93462846
40740,0.93462331
40800,0.93462331
40860,0.93461672
40920,0.93461666
40980,0.93461510
41040,0.93461186
41100,0.93461185
41160,0.93460812
41220,0.93460809
41280,0.93460406
41340,0.93460403
41400,0.93459686
41460,0.93459680
41520,0.93459680
41580,0.93458848
41640,0.93458845
41700,0.93458402
41760,0.93446300
41820,0.93445938
41880,0.93445934
41940,0.93445923
42000,0.93445539
42060,0.93445529
42120,0.93445442
42180,0.93445392
42240,0.93445392
42300,0.93445388
42360,0.93445381
42420,0.93445381
42480,0.93445381
42540,0.93443931
42600,0.93443789
42660,0.93443640
42720,0.93443640
42780,0.93443022
42840,0.93443022
42900,0.93443022
42960,0.93443015
43020,0.93442843
43080,0.93442647
43140,0.93442647
43200,0.93442643
43260,0.93442640
43320,0.93442323
43380,0.93442314
43440,0.93442301
43500,0.93442294
43560,0.93442284
43620,0.93442120
43680,0.93442120
43740,0.93442120
43800,0.93264345
43860,0.93264052
43920,0.93263726
43980,0.93263726
44040,0.93263673
44100,0.93263669
44160,0.93263662
44220,0.93263660
44280,0.93263647
44340,0.93263640
44400,0.93263538
44460,0.93263533
44520,0.93263387
44580,0.93263204
44640,0.93263204
44700,0.93263204
44760,0.93263192
44820,0.93262841
44880,0.93262841
44940,0.93262838
45000,0.93262833
45060,0.93262823
45120,0.93262817
45180,0.93262817
45240,0.93262817
45300,0.93262817
45360,0.93262481
45420,0.93262481
45480,0.93262417
45540,0.93262417
45600,0.93262404
45660,0.93262401
45720,0.93262401
45780,0.93262401
45840,0.93262394
45900,0.93262390
45960,0.93262336
46020,0.93262328
46080,0.93262322
46140,0.93261978
46200,0.93261978
46260,0.93261978
46320,0.93261978
46380,0.93261978
46440,0.93261967
46500,0.93261963
46560,0.93261963
46620,0.93261963
46680,0.93261390
46740,0.93261386
46800,0.93261383
46860,0.93261379
46920,0.93261372
46980,0.93261372
47040,0.93261366
47100,0.93261362
47160,0.93261355
47220,0.93261353
47280,0.93261345
47340,0.93261339
47400,0.93261335
47460,0.93261052
47520,0.93261046
47580,0.93261043
47640,0.93260721
47700,0.93260721
47760,0.93260718
47820,0.93260715
47880,0.93260386
47940,0.93260243
48000,0.93260243
48060,0.93260243
48120,0.93260138
48180,0.93260137
48240,0.93260137
48300,0.93260129
48360,0.93259980
48420,0.93259980
48480,0.93259516
48540,0.93259163
48600,0.93259163
48660,0.93259162
48720,0.93259152
48780,0.93259152
48840,0.93259152
48900,0.93259152
48960,0.93258829
49020,0.93258812
49080,0.93258812
49140,0.93258812
49200,0.93258812
49260,0.93258812
49320,0.93258808
49380,0.91832429
49440,0.91832429
49500,0.91832417
49560,0.91832399
49620,0.91832395
49680,0.91832208
49740,0.91832021
49800,0.91832017
49860,0.91831999
49920,0.91831993
49980,0.91831993
50040,0.91831991
50100,0.91831991
50160,0.91831987
50220,0.91831981
50280,0.91831959
50340,0.91831959
50400,0.91831395
50460,0.91831395
50520,0.91831395
50580,0.91831390
50640,0.91831390
50700,0.91831242
50760,0.91831237
50820,0.91831047
50880,0.91831047
50940,0.91652754
51000,0.91627533
51060,0.91627533
51120,0.91627526
51180,0.91627220
51240,0.91627220
51300,0.91625146
51360,0.91625125
51420,0.91625117
51480,0.91624970
51540,0.91624969
51600,0.91624969
51660,0.91624531
51720,0.91624528
51780,0.91624521
51840,0.91624271
51900,0.91624271
51960,0.91624040
52020,0.91624033
52080,0.91624025
52140,0.91624025
52200,0.91624025
52260,0.91623990
52320,0.91623990
52380,0.91623990
52440,0.91606144
52500,0.91606141
52560,0.91606140
52620,0.91606135
52680,0.91606132
52740,0.91606132
52800,0.91606132
52860,0.91605656
52920,0.91605651
52980,0.91605637
53040,0.91605636
53100,0.91605636
53160,0.91605636
53220,0.91605632
53280,0.91605628
53340,0.91605628
53400,0.91605625
53460,0.91605625
53520,0.91605621
53580,0.91605618
53640,0.91605618
53700,0.91605617
53760,0.91605617
53820,0.91605561
53880,0.91605550
53940,0.91605544
54000,0.91605544
54060,0.91605541
54120,0.91605064
54180,0.91605050
54240,0.91605047
54300,0.91604963
54360,0.91604952
54420,0.91604952
54480,0.91604945
54540,0.91604919
54600,0.91604918
54660,0.91604918
54720,0.91604914
54780,0.91603969
54840,0.91603966
54900,0.91603954
54960,0.91603071
55020,0.91602958
55080,0.91602903
55140,0.91601962
55200,0.91601005
55260,0.91600732
55320,0.91600526
55380,0.91600106
55440,0.91599725
55500,0.91599721
55560,0.91599700
55620,0.91599219
55680,0.91599219
55740,0.91599218
55800,0.91599218
55860,0.91596744
55920,0.91596743
55980,0.91596742
56040,0.91596635
56100,0.91596634
56160,0.91596626
56220,0.91593269
56280,0.91593269
56340,0.91593269
56400,0.91593269
56460,0.91593265
56520,0.91590841
56580,0.91590658
56640,0.91590430
56700,0.91589968
56760,0.91589323
56820,0.91589298
56880,0.91588784
56940,0.91588226
57000,0.91587644
57060,0.91587607
57120,0.91587563
57180,0.91587465
57240,0.91587301
57300,0.91587271
57360,0.91587175
57420,0.91586819
57480,0.91586427
57540,0.91586098
57600,0.91585312
57660,0.91494988
57720,0.91494772
57780,0.91494606
57840,0.91494272
57900,0.91494110
57960,0.91494045
58020,0.91494045
58080,0.91494042
58140,0.91493884
58200,0.91404157
58260,0.91314421
58320,0.91314417
58380,0.91314415
58440,0.91314404
58500,0.91314404
58560,0.91314020
58620,0.91314017
58680,0.91314017
58740,0.91312826
58800,0.91312729
58860,0.91312729
58920,0.91312729
58980,0.91312714
59040,0.91312698
59100,0.91312600
59160,0.91311402
59220,0.91311192
59280,0.91311078
59340,0.91311069
59400,0.91311069
59460,0.91311065
59520,0.91310917
59580,0.91310734
59640,0.91310727
59700,0.91310727
59760,0.91310579
59820,0.91309821
59880,0.91309811
59940,0.91309809
60000,0.91309809
60060,0.91309799
60120,0.91309795
60180,0.91309795
60240,0.91309795
60300,0.91309795
60360,0.91309794
60420,0.91309787
60480,0.91309781
60540,0.91309668
60600,0.91309195
60660,0.91309192
60720,0.91309188
60780,0.91309188
60840,0.91309174
60900,0.91309161
60960,0.91308469
61020,0.91308461
61080,0.91307811
61140,0.91307807
61200,0.91307785
61260,0.91307778
61320,0.91306958
61380,0.91306256
61440,0.91306214
61500,0.91306214
61560,0.91305405
61620,0.91305404
61680,0.91305404
61740,0.91304480
61800,0.91303561
61860,0.91303298
61920,0.91303298
61980,0.91303164
62040,0.91303164
62100,0.91302730
62160,0.91302730
62220,0.91302728
62280,0.91302727
62340,0.91302679
62400,0.91302675
62460,0.91302533
62520,0.91302533
62580,0.91302491
62640,0.91302491
62700,0.91302487
62760,0.91302487
62820,0.91302487
62880,0.91302234
62940,0.91302224
63000,0.91302127
63060,0.91302127
63120,0.91302120
63180,0.91302116
63240,0.91302100
63300,0.91302097
63360,0.91302096
63420,0.91302096
63480,0.91302096
63540,0.91302064
63600,0.91302048
63660,0.91302048
63720,0.91301744
63780,0.91301727
63840,0.91301713
63900,0.91301092
63960,0.91300994
64020,0.91300849
64080,0.91300831
64140,0.91300831
64200,0.91300139
64260,0.91300139
64320,0.91299202
64380,0.91299103
64440,0.91298682
64500,0.91298678
64560,0.91298660
64620,0.91298660
64680,0.91298640
64740,0.91298637
64800,0.91208198
64860,0.91208188
64920,0.91208181
64980,0.91208014
65040,0.91208011
65100,0.91207994
65160,0.91207994
65220,0.91207994
65280,0.91117830
65340,0.91117811
65400,0.91027656
65460,0.91027648
65520,0.91027644
65580,0.91027379
65640,0.91027376
65700,0.91027371
65760,0.91027321
65820,0.91026886
65880,0.91026876
65940,0.91026876
66000,0.91026876
66060,0.91026873
66120,0.91026756
66180,0.91026756
66240,0.91026753
66300,0.91026745
66360,0.91026745
66420,0.91026731
66480,0.91026714
66540,0.91026624
66600,0.91026610
66660,0.91026610
66720,0.91026610
66780,0.91026479
66840,0.91025614
66900,0.91025597
66960,0.91024733
67020,0.91023874
67080,0.91022153
67140,0.91022005
67200,0.91022001
67260,0.91021965
67320,0.91021964
67380,0.91021964
67440,0.91021838
67500,0.91021837
67560,0.91021837
67620,0.91021837
67680,0.91021831
67740,0.91021830
67800,0.91021830
67860,0.91021824
67920,0.91021545
67980,0.91021545
68040,0.91021545
68100,0.91021545
68160,0.91021544
68220,0.91021544
68280,0.91021544
68340,0.91021482
68400,0.91021378
68460,0.91021378
68520,0.91021378
68580,0.91021377
68640,0.91021376
68700,0.91021227
68760,0.91021169
68820,0.91021020
68880,0.91021018
68940,0.91021017
69000,0.91021017
69060,0.91021016
69120,0.91021016
69180,0.91021016
69240,0.91021015
69300,0.91021015
69360,0.91021014
69420,0.91021014
69480,0.91020865
69540,0.91020865
69600,0.91020855
69660,0.91020855
69720,0.91020531
69780,0.91020521
69840,0.91020521
69900,0.91020509
69960,0.91020508
70020,0.91020489
70080,0.91020488
70140,0.91020331
70200,0.91014964
70260,0.91014936
70320,0.91014936
70380,0.91014926
70440,0.91014925
70500,0.91014766
70560,0.91014747
70620,0.91014705
70680,0.91014683
70740,0.91014683
70800,0.91014682
70860,0.91014682
70920,0.91014682
70980,0.91014659
71040,0.91014633
71100,0.91014633
71160,0.91014632
71220,0.91012456
71280,0.91012326
71340,0.91012326
71400,0.91012326
71460,0.91012314
71520,0.91012313
71580,0.91012313
71640,0.91012313
71700,0.91012312
71760,0.91012312
71820,0.91012312
71880,0.91012312
71940,0.90918454
72000,0.90918454
72060,0.90918454
72120,0.90918452
72180,0.90918439
72240,0.90918439
72300,0.90918439
72360,0.90918439
72420,0.90918438
72480,0.90737364
72540,0.90736706
72600,0.90736696
72660,0.90736694
72720,0.90736694
72780,0.90736683
72840,0.90736683
72900,0.90736683
72960,0.90736520
73020,0.90736492
73080,0.90736492
73140,0.90645959
73200,0.90645958
73260,0.90645898
73320,0.90645898
73380,0.90645874
73440,0.90645874
73500,0.90645850
73560,0.90645839
73620,0.90645834
73680,0.90645765
73740,0.90644394
73800,0.90643893
73860,0.90643824
73920,0.90643824
73980,0.90643823
74040,0.90643685
74100,0.90643624
74160,0.90643624
74220,0.90643623
74280,0.90643623
74340,0.90643347
74400,0.90643347
74460,0.90643327
74520,0.90643319
74580,0.90643220
74640,0.90643210
74700,0.90643079
74760,0.90643079
74820,0.90643079
74880,0.90642884
74940,0.90642884
75000,0.90642330
75060,0.90642330
75120,0.90642328
75180,0.90639474
75240,0.90639463
75300,0.90639448
75360,0.90639417
75420,0.90639379
75480,0.90639379
75540,0.90639363
75600,0.90639322
75660,0.90639322
75720,0.90639317
75780,0.90639317
75840,0.90639317
75900,0.90639317
75960,0.90639317
76020,0.90639317
76080,0.90639317
76140,0.90639317
76200,0.90639259
76260,0.90639258
76320,0.90639258
76380,0.90639257
76440,0.90639257
76500,0.90639256
76560,0.90639245
76620,0.90639218
76680,0.90639216
76740,0.90639216
76800,0.90639216
76860,0.90639216
76920,0.90639214
76980,0.90639213
77040,0.90639213
77100,0.90639207
77160,0.90639206
77220,0.90639206
77280,0.90639206
77340,0.90639185
77400,0.90639184
77460,0.90639184
77520,0.90639184
77580,0.90639184
77640,0.90639184
77700,0.90639184
77760,0.90639184
77820,0.90639184
77880,0.90639184
77940,0.90639167
78000,0.90639167
78060,0.90639153
78120,0.90639153
78180,0.90639151
78240,0.90639150
78300,0.90639149
78360,0.90639149
78420,0.90639149
78480,0.90639133
78540,0.90639123
78600,0.90639122
78660,0.90639121
78720,0.90639121
78780,0.90639121
78840,0.90639105
78900,0.90639104
78960,0.90638848
79020,0.90548036
79080,0.90548035
79140,0.90548035
79200,0.90548035
79260,0.90548035
79320,0.90547889
79380,0.90547883
79440,0.90547873
79500,0.90547792
79560,0.90547726
79620,0.90547726
79680,0.90547726
79740,0.90547724
79800,0.90547705
79860,0.90547704
79920,0.90547704
79980,0.90547704
80040,0.90547539
80100,0.90547539
80160,0.90456605
80220,0.90456603
80280,0.90456603
80340,0.90456603
80400,0.90456603
80460,0.90456289
80520,0.90456289
80580,0.90456277
80640,0.90456273
80700,0.90456273
80760,0.90456272
80820,0.90456272
80880,0.90456061
80940,0.90456061
81000,0.90456046
81060,0.90456046
81120,0.90455911
81180,0.90455870
81240,0.90455870
81300,0.90455856
81360,0.90455710
81420,0.90455593
81480,0.90455593
81540,0.90455593
81600,0.90455587
81660,0.90455587
81720,0.90455587
81780,0.90455587
81840,0.90455587
81900,0.90455585
81960,0.90454691
82020,0.90454530
82080,0.90454530
82140,0.90454530
82200,0.90454530
82260,0.90454530
82320,0.90454530
82380,0.90454515
82440,0.90454515
82500,0.90454515
82560,0.90454513
82620,0.90454493
82680,0.90454493
82740,0.90454493
82800,0.90454492
82860,0.90454492
82920,0.90454492
82980,0.90454492
83040,0.90454489
83100,0.90454489
83160,0.90454487
83220,0.90454472
83280,0.90454472
83340,0.90454472
83400,0.90454472
83460,0.90449236
83520,0.90443995
83580,0.90443994
83640,0.90438750
83700,0.90434402
83760,0.90429141
83820,0.90423814
83880,0.90418606
83940,0.90413345
84000,0.90408093
84060,0.90402872
84120,0.90400694
84180,0.90394567
84240,0.90385802
84300,0.90382985
84360,0.90377097
84420,0.90369877
84480,0.90361349
84540,0.90355938
84600,0.90354085
84660,0.90348847
84720,0.90343615
84780,0.90338405
84840,0.90333145
84900,0.90333141
84960,0.90327824
85020,0.90322594
85080,0.90310660
85140,0.90261900
85200,0.90220503
85260,0.90200050
85320,0.90199585
85380,0.90199555
85440,0.90199547
85500,0.90199547
85560,0.90199547
85620,0.90199398
85680,0.90199397
85740,0.90199396
85800,0.90199396
85860,0.90199395
85920,0.90199395
85980,0.90107978
86040,0.90107381
86100,0.90107381
86160,0.90107381
86220,0.90107381
86280,0.90107372
86340,0.90107371
86400,0.90107371
86460,0.90107371
86520,0.90107371
86580,0.90107371
86640,0.90107370
86700,0.90107335
86760,0.90107335
86820,0.90107335
86880,0.90107334
86940,0.90107315
87000,0.90107287
87060,0.90107287
87120,0.90107281
87180,0.90016050
87240,0.90016050
87300,0.90016050
87360,0.90015992
87420,0.90015992
87480,0.90015992
87540,0.90015992
87600,0.90015981
87660,0.90015981
87720,0.90015981
87780,0.90015981
87840,0.90015388
87900,0.90015354
87960,0.90015354
88020,0.90015354
88080,0.90015353
88140,0.90015293
88200,0.90015293
88260,0.90015028
88320,0.90015028
88380,0.90015028
88440,0.90014471
88500,0.90014471
88560,0.90014469
88620,0.90014469
88680,0.90014416
88740,0.90014416
88800,0.90014402
88860,0.90014401
88920,0.90014401
88980,0.90014401
89040,0.90014401
89100,0.90014401
89160,0.90014386
89220,0.90014386
89280,0.90014209
89340,0.90014209
89400,0.90014199
89460,0.90014199
89520,0.90014199
89580,0.90014184
89640,0.90014169
89700,0.90014154
89760,0.90014154
89820,0.90014154
89880,0.90014154
89940,0.90014154
90000,0.90014097
90060,0.90014082
90120,0.90014067
90180,0.90013903
90240,0.90013887
90300,0.90013887
90360,0.90013887
90420,0.90013887
90480,0.90013724
90540,0.90013724
90600,0.90013724
90660,0.90013724
90720,0.90013398
90780,0.90013398
90840,0.90013369
90900,0.90013354
90960,0.90013319
91020,0.90012993
91080,0.90012993
91140,0.90012830
91200,0.90012667
91260,0.90012667
91320,0.90012667
91380,0.90012621
91440,0.90012621
91500,0.90012610
91560,0.90012595
91620,0.90012595
91680,0.90012383
91740,0.90009127
91800,0.90008903
91860,0.90008903
91920,0.90008740
91980,0.90008577
92040,0.90008577
92100,0.90008492
92160,0.90008384
92220,0.90008221
92280,0.90008221
92340,0.90008221
92400,0.90008221
92460,0.90008221
92520,0.90008221
92580,0.90008007
92640,0.90008006
92700,0.90007996
92760,0.90007996
92820,0.90007995
92880,0.90007995
92940,0.90007995
93000,0.90007995
93060,0.89916732
93120,0.89916732
93180,0.89916732
93240,0.89916723
93300,0.89916723
93360,0.89914572
93420,0.89900819
93480,0.89898763
93540,0.89888771
93600,0.89884639
93660,0.89884639
93720,0.89884639
93780,0.89884638
93840,0.89884630
93900,0.89884151
93960,0.89884151
94020,0.89884096
94080,0.89884096
94140,0.89884096
94200,0.89884096
94260,0.89792947
94320,0.89792939
94380,0.89792939
94440,0.89792939
94500,0.89792939
94560,0.89792939
94620,0.89792939
94680,0.89792937
94740,0.89792937
94800,0.89792922
94860,0.89792922
94920,0.89792922
94980,0.89792922
95040,0.89792915
95100,0.89792915
95160,0.89792915
95220,0.89792687
95280,0.89792687
95340,0.89792674
95400,0.89792674
95460,0.89792654
95520,0.89792654
95580,0.89792639
95640,0.89792639
95700,0.89792639
95760,0.89792639
95820,0.89792634
95880,0.89792634
95940,0.89792228
96000,0.89792228
96060,0.89792228
96120,0.89792214
96180,0.89792214
96240,0.89792214
96300,0.89792214
96360,0.89792214
96420,0.89792214
96480,0.89792213
96540,0.89792213
96600,0.89792213
96660,0.89792213
96720,0.89792213
96780,0.89792213
96840,0.89792213
96900,0.89792213
96960,0.89792213
97020,0.89792213
97080,0.89792213
97140,0.89792213
97200,0.89792213
97260,0.89792213
97320,0.89792213
97380,0.89792213
97440,0.89792213
97500,0.89792213
97560,0.89792213
97620,0.89792213
97680,0.89792213
97740,0.89792213
97800,0.89792213
97860,0.89792213
97920,0.89792198
97980,0.89792198
98040,0.89792198
98100,0.89792198
98160,0.89792198
98220,0.89792198
98280,0.89792139
98340,0.89792139
98400,0.89792139
98460,0.89792139
98520,0.89791386
98580,0.89791386
98640,0.89791386
98700,0.89791376
98760,0.89791376
98820,0.89791376
98880,0.89791366
98940,0.89791349
99000,0.89791349
99060,0.89791349
99120,0.89791349
99180,0.89790680
99240,0.89790679
99300,0.89790679
99360,0.89790679
99420,0.89790679
99480,0.89790665
99540,0.89790663
99600,0.89790663
99660,0.89790663
99720,0.89790663
99780,0.89790663
99840,0.89790663
99900,0.89790663
99960,0.89790663
100020,0.89790663
100080,0.89790663
100140,0.89790663
100200,0.89790663
100260,0.89790663
100320,0.89790663
100380,0.89790636
100440,0.89790621
100500,0.89790621
100560,0.89790621
100620,0.89790621
100680,0.89790621
100740,0.89790621
100800,0.89790621
100860,0.89790620
100920,0.89790620
100980,0.89790620
101040,0.89790620
101100,0.89790620
101160,0.89790620
101220,0.89699405
101280,0.89699405
101340,0.89699405
101400,0.89699405
101460,0.89699404
101520,0.89699404
101580,0.89699400
101640,0.89699377
101700,0.89699324
101760,0.89699324
101820,0.89699295
101880,0.89699295
101940,0.89699295
102000,0.89699295
102060,0.89699295
102120,0.89699295
102180,0.89699295
102240,0.89699278
102300,0.89699278
102360,0.89699278
102420,0.89699264
102480,0.89699264
102540,0.89699264
102600,0.89699264
102660,0.89698907
102720,0.89698907
102780,0.89698907
102840,0.89698893
102900,0.89698863
102960,0.89697284
103020,0.89694060
103080,0.89689167
103140,0.89686030
103200,0.89682840
103260,0.89678018
103320,0.89674823
103380,0.89673234
103440,0.89666387
103500,0.89662895
103560,0.89655967
103620,0.89652543
103680,0.89649168
103740,0.89642405
103800,0.89638945
103860,0.89635257
103920,0.89631714
103980,0.89628235
104040,0.89621404
104100,0.89617995
104160,0.89614504
104220,0.89607578
104280,0.89607578
104340,0.89607393
104400,0.89607375
104460,0.89607375
104520,0.89607374
104580,0.89607374
104640,0.89607374
104700,0.89607374
104760,0.89607373
104820,0.89607373
104880,0.89607373
104940,0.89607373
105000,0.89607373
105060,0.89607373
105120,0.89607373
105180,0.89607373
105240,0.89607373
105300,0.89607373
105360,0.89607373
105420,0.89607373
105480,0.89607361
105540,0.89607361
105600,0.89607361
105660,0.89607361
105720,0.89607361
105780,0.89607361
105840,0.89607300
105900,0.89607300
105960,0.89607300
106020,0.89607300
106080,0.89607284
106140,0.89607284
106200,0.89607284
106260,0.89607284
106320,0.89607284
106380,0.89607284
106440,0.89607284
106500,0.89607242
106560,0.89607242
106620,0.89607242
106680,0.89607224
106740,0.89607224
106800,0.89607224
106860,0.89607224
106920,0.89607224
106980,0.89607224
107040,0.89607224
107100,0.89607205
107160,0.89607205
107220,0.89607205
107280,0.89607205
107340,0.89607205
107400,0.89607205
107460,0.89607193
107520,0.89607193
107580,0.89607193
107640,0.89606379
107700,0.89606379
107760,0.89606379
107820,0.89606379
107880,0.89606379
107940,0.89606377
108000,0.89606377
108060,0.89606377
108120,0.89606377
108180,0.89606361
108240,0.89511136
108300,0.89511136
108360,0.89511121
108420,0.89511121
108480,0.89511121
108540,0.89511121
108600,0.89511121
108660,0.89509964
108720,0.89509948
108780,0.89509948
108840,0.89509948
108900,0.89509948
108960,0.89509948
109020,0.89509948
109080,0.89509948
109140,0.89509948
109200,0.89509948
109260,0.89509948
109320,0.89509948
109380,0.89509948
109440,0.89509948
109500,0.89509931
109560,0.89509931
109620,0.89509931
109680,0.89509931
109740,0.89509931
109800,0.89509931
109860,0.89509931
109920,0.89509931
109980,0.89509931
110040,0.89509931
110100,0.89509931
110160,0.89509917
110220,0.89509917
110280,0.89509917
110340,0.89509917
110400,0.89509917
110460,0.89509917
110520,0.89509917
110580,0.89509901
110640,0.89509901
110700,0.89509901
110760,0.89509901
110820,0.89509898
110880,0.89509898
110940,0.89509770
111000,0.89509756
111060,0.87476199
111120,0.85441501
111180,0.85441501
111240,0.85441501
111300,0.85441491
111360,0.85441491
111420,0.85441491
111480,0.85441491
111540,0.85441491
111600,0.85441491
111660,0.85441491
111720,0.85441491
111780,0.85441491
111840,0.85441491
111900,0.85441491
111960,0.85441491
112020,0.85441491
112080,0.85441491
112140,0.85441491
112200,0.85441478
112260,0.85441478
112320,0.85441478
112380,0.85441478
112440,0.85441478
112500,0.85441478
112560,0.85441478
112620,0.85441478
112680,0.85441478
112740,0.85441478
112800,0.85441478
112860,0.85441478
112920,0.85441478
112980,0.85441478
113040,0.85441462
113100,0.85441462
113160,0.85441462
113220,0.85441462
113280,0.85441462
113340,0.85441462
113400,0.85441462
113460,0.85441462
113520,0.85441462
113580,0.85441462
113640,0.85441462
113700,0.85441462
113760,0.85441462
113820,0.85441462
113880,0.85441462
113940,0.85441462
114000,0.85441462
114060,0.85440630
114120,0.85440630
114180,0.85440630
114240,0.85440630
114300,0.85440630
114360,0.85440630
114420,0.85440630
114480,0.85440630
114540,0.85440444
114600,0.85440444
114660,0.85440428
114720,0.85440428
114780,0.85440428
114840,0.85440428
114900,0.85440428
114960,0.85440428
115020,0.85440428
115080,0.85440428
115140,0.85440428
115200,0.85440428
115260,0.85440428
115320,0.85440428
115380,0.85440428
115440,0.85349021
115500,0.85349021
115560,0.85349021
115620,0.85348990
115680,0.85348990
115740,0.85348974
115800,0.85348957
115860,0.85348957
115920,0.85348957
115980,0.85348957
116040,0.85348957
116100,0.85348957
116160,0.85348957
116220,0.85348957
116280,0.85348957
116340,0.85348957
116400,0.85348957
116460,0.85348941
116520,0.85348925
116580,0.85348925
116640,0.85348925
116700,0.85348925
116760,0.85348912
116820,0.85348912
116880,0.85348912
116940,0.85348912
117000,0.85348912
117060,0.85348912
117120,0.85348912
117180,0.85348912
117240,0.85348912
117300,0.85348912
117360,0.85348912
117420,0.85348912
117480,0.85348895
117540,0.85348879
117600,0.85348879
117660,0.85348879
117720,0.85348879
117780,0.85348879
117840,0.85348879
117900,0.85348879
117960,0.85348879
118020,0.85348863
118080,0.85348863
118140,0.85348863
118200,0.85348863
118260,0.85348863
118320,0.85348863
118380,0.85348863
118440,0.85348863
118500,0.85348863
118560,0.85348863
118620,0.85348863
118680,0.85348863
118740,0.85348863
118800,0.85348863
118860,0.85348839
118920,0.85348839
118980,0.85348814
119040,0.85348814
119100,0.85348814
119160,0.85348814
119220,0.85348814
119280,0.85348814
119340,0.85348814
119400,0.85348814
119460,0.85348814
119520,0.85348814
119580,0.85348814
119640,0.85348814
119700,0.85348814
119760,0.85348814
119820,0.85348814
119880,0.85348814
119940,0.85348814
120000,0.85348814
120060,0.85348814
120120,0.85348814
120180,0.85348814
120240,0.85348814
120300,0.85348798
120360,0.85348798
120420,0.85348798
120480,0.85348797
120540,0.85348797
120600,0.85348797
120660,0.85348797
120720,0.85348797
120780,0.85348797
120840,0.85348797
120900,0.85348797
120960,0.85348797
121020,0.85348797
121080,0.85348797
121140,0.85348797
121200,0.85348797
121260,0.85348797
121320,0.85348797
121380,0.85348797
121440,0.85348797
121500,0.85348797
121560,0.85348797
121620,0.85348797
121680,0.85348797
121740,0.85348797
121800,0.85348797
121860,0.85348797
121920,0.85348797
121980,0.85348796
122040,0.85348796
122100,0.85348796
122160,0.85348796
122220,0.85348796
122280,0.85348796
122340,0.85348796
122400,0.85348796
122460,0.85348796
122520,0.85348796
122580,0.85257245
122640,0.85257245
122700,0.85257242
122760,0.85257183
122820,0.85257183
122880,0.85257183
122940,0.85257183
123000,0.85257183
123060,0.85257183
123120,0.85257183
123180,0.85257183
123240,0.85257183
123300,0.85257183
123360,0.85257183
123420,0.85257183
123480,0.85257183
123540,0.85257183
123600,0.85257183
123660,0.85257183
123720,0.85257183
123780,0.85257183
123840,0.85257183
123900,0.85257183
123960,0.85257183
124020,0.85257183
124080,0.85257183
124140,0.85257183
124200,0.85257183
124260,0.85257183
124320,0.85257183
124380,0.85257183
124440,0.85257183
124500,0.85257183
124560,0.85257183
124620,0.85257183
124680,0.85257183
124740,0.85257183
124800,0.85257183
124860,0.85257183
124920,0.85257183
124980,0.85257183
125040,0.85257183
125100,0.85257183
125160,0.85257183
125220,0.85257182
125280,0.85257182
125340,0.85257182
125400,0.85257182
125460,0.85257149
125520,0.85257149
125580,0.85257149
125640,0.85257149
125700,0.85257149
125760,0.85257149
125820,0.85257149
125880,0.85257149
125940,0.85257149
126000,0.85257149
126060,0.85257149
126120,0.85257149
126180,0.85257149
126240,0.85257149
126300,0.85257149
126360,0.85257149
126420,0.85257149
126480,0.85257149
126540,0.85257149
126600,0.85257149
126660,0.85257149
126720,0.85257149
126780,0.85257149
126840,0.85257149
126900,0.85257149
126960,0.85257014
127020,0.85257014
127080,0.85257014
127140,0.85257014
127200,0.85257014
127260,0.85257014
127320,0.85257014
127380,0.85257014
127440,0.85257014
127500,0.85257014
127560,0.85257014
127620,0.85257014
127680,0.85257014
127740,0.85257014
127800,0.85257014
127860,0.85257014
127920,0.85256995
127980,0.85256995
128040,0.85256995
128100,0.85256995
128160,0.85256977
128220,0.85256977
128280,0.85256977
128340,0.85256977
128400,0.85256977
128460,0.85256977
128520,0.85256977
128580,0.85256977
128640,0.85256977
128700,0.85256977
128760,0.85256977
128820,0.85256977
128880,0.85256977
128940,0.85256962
129000,0.85256962
129060,0.85256962
129120,0.85256826
129180,0.85256826
129240,0.85256826
129300,0.85256826
129360,0.85256826
129420,0.85256826
129480,0.85256826
129540,0.85256826
129600,0.85256826
129660,0.85256826
129720,0.85165161
129780,0.85165161
129840,0.85165161
129900,0.85165161
129960,0.85165161
130020,0.85165161
130080,0.85165161
130140,0.85165161
130200,0.85165161
130260,0.85165161
130320,0.85165161
130380,0.85165161
130440,0.85165161
130500,0.85165161
130560,0.85165161
130620,0.85165161
130680,0.85165161
130740,0.85165161
130800,0.85165161
130860,0.85165161
130920,0.85165161
130980,0.85165161
131040,0.85165161
131100,0.85165161
131160,0.85165161
131220,0.85165161
131280,0.85165161
131340,0.85165161
131400,0.85165161
131460,0.85165161
131520,0.85165161
131580,0.85165161
131640,0.85165161
131700,0.85165161
131760,0.85165161
131820,0.85165161
131880,0.85165155
131940,0.85165155
132000,0.85165155
132060,0.85165101
132120,0.85165101
132180,0.85165101
132240,0.85165101
132300,0.85165101
132360,0.85165101
132420,0.85165101
132480,0.85165101
132540,0.85165101
132600,0.85165101
132660,0.85165101
132720,0.85165101
132780,0.85165101
132840,0.85165101
132900,0.85165101
132960,0.85165101
133020,0.85165101
133080,0.85165101
133140,0.85165101
133200,0.85165101
133260,0.85165101
133320,0.85165101
133380,0.85165101
133440,0.85165101
133500,0.85165101
133560,0.85165101
133620,0.85165101
133680,0.85165101
133740,0.85165101
133800,0.85165101
133860,0.85165101
133920,0.85165101
133980,0.85165101
134040,0.85165101
134100,0.85165101
134160,0.85165101
134220,0.85165101
134280,0.85165101
134340,0.85165101
134400,0.85165101
134460,0.85165101
134520,0.85165101
134580,0.85165101
134640,0.85165101
134700,0.85165101
134760,0.85165101
134820,0.85165101
134880,0.85165101
134940,0.85165101
135000,0.85165101
135060,0.85165101
135120,0.85165101
135180,0.85165101
135240,0.85165101
135300,0.85165101
135360,0.85165101
135420,0.85165101
135480,0.85165101
135540,0.85165101
135600,0.85165101
135660,0.85165101
135720,0.85165101
135780,0.85165101
135840,0.85165101
135900,0.85165101
135960,0.85165101
136020,0.85165101
136080,0.85165101
136140,0.85165101
136200,0.85165101
136260,0.85165101
136320,0.85165101
136380,0.85165101
136440,0.85165101
136500,0.85165101
136560,0.85165101
136620,0.85165101
136680,0.85165101
136740,0.85165101
136800,0.85073108
136860,0.85073108
136920,0.85073108
136980,0.85073108
137040,0.85073108
137100,0.85073108
137160,0.85073108
137220,0.85073108
137280,0.85073108
137340,0.85073108
137400,0.85073108
137460,0.85073108
137520,0.85073108
137580,0.85073108
137640,0.85073108
137700,0.85073108
137760,0.85073108
137820,0.85073108
137880,0.85073108
137940,0.85073108
138000,0.85073108
138060,0.85073108
138120,0.85073108
138180,0.85073108
138240,0.85073108
138300,0.85073107
138360,0.85073107
138420,0.85073107
138480,0.85073107
138540,0.85073107
138600,0.85073107
138660,0.85073107
138720,0.85073107
138780,0.85073107
138840,0.85073107
138900,0.85073107
138960,0.85073107
139020,0.85073107
139080,0.85073107
139140,0.85073107
139200,0.85073107
139260,0.85073107
139320,0.85073107
139380,0.85073107
139440,0.85073054
139500,0.85073054
139560,0.85073054
139620,0.85073054
139680,0.85073054
139740,0.85073054
139800,0.85073054
139860,0.85073054
139920,0.85073054
139980,0.85073054
140040,0.85073054
140100,0.85073054
140160,0.85073054
140220,0.85073054
140280,0.85073054
140340,0.85073054
140400,0.85073054
140460,0.85073054
140520,0.85072907
140580,0.85072907
140640,0.85072907
140700,0.85072907
140760,0.85070296
140820,0.85070296
140880,0.85070296
140940,0.85070296
141000,0.85070296
141060,0.85070296
141120,0.85070296
141180,0.85070296
141240,0.85070296
141300,0.85070296
141360,0.85070296
141420,0.85070296
141480,0.85070296
141540,0.85070296
141600,0.85070296
141660,0.85070296
141720,0.85070296
141780,0.85070296
141840,0.85070296
141900,0.85070296
141960,0.85070296
142020,0.85070296
142080,0.85070296
142140,0.85070296
142200,0.85070296
142260,0.85070296
142320,0.85070296
142380,0.85070296
142440,0.85070296
142500,0.85070296
142560,0.85070296
142620,0.85070296
142680,0.85070296
142740,0.85070296
142800,0.85070296
142860,0.85070296
142920,0.85070296
142980,0.85070296
143040,0.85070296
143100,0.85070296
143160,0.85070296
143220,0.85070296
143280,0.85070296
143340,0.85070296
143400,0.85070296
143460,0.85070296
143520,0.85070296
143580,0.85070296
143640,0.85070296
143700,0.85070296
143760,0.85070296
143820,0.85070296
143880,0.84978316
143940,0.84978316
144000,0.84978316
144060,0.84978316
144120,0.84978316
144180,0.84978316
144240,0.84978316
144300,0.84978316
144360,0.84978316
144420,0.84978316
144480,0.84978316
144540,0.84978316
144600,0.84978316
144660,0.84978316
144720,0.84978316
144780,0.84978316
144840,0.84978316
144900,0.84978316
144960,0.84978316
145020,0.84978316
145080,0.84978316
145140,0.84978316
145200,0.84978316
145260,0.84977844
145320,0.84977844
145380,0.84977844
145440,0.84977844
145500,0.84977844
145560,0.84977844
145620,0.84977844
145680,0.84977844
145740,0.84977844
145800,0.84977844
145860,0.84977844
145920,0.84977824
145980,0.84977824
146040,0.84977824
146100,0.84977824
146160,0.84977824
146220,0.84977824
146280,0.84977824
146340,0.84977776
146400,0.84977767
146460,0.84977767
146520,0.84977729
146580,0.84976353
146640,0.84976334
146700,0.84976324
146760,0.84976119
146820,0.84976119
146880,0.84976119
146940,0.84976104
147000,0.84976104
147060,0.84976104
147120,0.84976104
147180,0.84976104
147240,0.84976104
147300,0.84976104
147360,0.84976104
147420,0.84976104
147480,0.84976104
147540,0.84976091
147600,0.84976091
147660,0.84974821
147720,0.84974821
147780,0.84974802
147840,0.84974802
147900,0.84974802
147960,0.84974802
148020,0.84974802
148080,0.84974615
148140,0.84974564
148200,0.84974564
148260,0.84974564
148320,0.84954597
148380,0.84923789
148440,0.84897656
148500,0.84868265
148560,0.84832138
148620,0.84806022
148680,0.84787160
148740,0.84737378
148800,0.84713700
148860,0.84678578
148920,0.84655104
148980,0.84638265
149040,0.84638265
149100,0.84638265
149160,0.84638265
149220,0.84638259
149280,0.84638259
149340,0.84638259
149400,0.84638259
149460,0.84638259
149520,0.84638259
149580,0.84638259
149640,0.84638259
149700,0.84638259
149760,0.84638259
149820,0.84638241
149880,0.84638241
149940,0.84638241
150000,0.84638222
150060,0.84638222
150120,0.84638216
150180,0.84638216
150240,0.84638216
150300,0.84638216
150360,0.84638165
150420,0.84638165
150480,0.84638165
150540,0.84638165
150600,0.84638165
150660,0.84638165
150720,0.84638165
150780,0.84638165
150840,0.84638165
150900,0.84546152
150960,0.84546152
151020,0.84546152
151080,0.84546152
151140,0.84546152
151200,0.84546152
151260,0.84546152
151320,0.84546152
151380,0.84546152
151440,0.84546152
151500,0.84546152
151560,0.84546152
151620,0.84546152
151680,0.84546152
151740,0.84546152
151800,0.84546152
151860,0.84546152
151920,0.84546152
151980,0.84546152
152040,0.84546152
152100,0.84546152
152160,0.84546152
152220,0.84546152
152280,0.84546152
152340,0.84546152
152400,0.84546147
152460,0.84546147
152520,0.84546147
152580,0.84546094
152640,0.84546040
152700,0.84546040
152760,0.84546040
152820,0.84545933
152880,0.84545933
152940,0.84545933
153000,0.84545933
153060,0.84545933
153120,0.84545933
153180,0.84545929
153240,0.84545901
153300,0.84545897
153360,0.84545897
153420,0.84545896
153480,0.84545896
153540,0.84545896
153600,0.84545891
153660,0.84545891
153720,0.84545891
153780,0.84545891
153840,0.84545891
153900,0.84545891
153960,0.84545891
154020,0.84545891
154080,0.84545891
154140,0.84545887
154200,0.84545887
154260,0.84545887
154320,0.84545887
154380,0.84545887
154440,0.84545887
154500,0.84545887
154560,0.84545887
154620,0.84545886
154680,0.84545886
154740,0.84545886
154800,0.84545886
154860,0.84545886
154920,0.84545886
154980,0.84545879
155040,0.84545879
155100,0.84545879
155160,0.84545879
155220,0.84545879
155280,0.84545715
155340,0.84545715
155400,0.84545715
155460,0.84545715
155520,0.84545715
155580,0.84545715
155640,0.84545715
155700,0.84545661
155760,0.84545661
155820,0.84545661
155880,0.84545020
155940,0.84545020
156000,0.84545020
156060,0.84545020
156120,0.84545020
156180,0.84545020
156240,0.84545020
156300,0.84545020
156360,0.84545020
156420,0.84545020
156480,0.84545020
156540,0.84545018
156600,0.84545018
156660,0.84545018
156720,0.84545002
156780,0.84544987
156840,0.84544987
156900,0.84544987
156960,0.84544987
157020,0.84544971
157080,0.84544971
157140,0.84544956
157200,0.84544956
157260,0.84544956
157320,0.84544780
157380,0.84544780
157440,0.84544780
157500,0.84544780
157560,0.84544780
157620,0.84544780
157680,0.84544509
157740,0.84544509
157800,0.84544504
157860,0.84544504
157920,0.84452479
157980,0.84452479
158040,0.84452479
158100,0.84452479
158160,0.84452479
158220,0.84452208
158280,0.84452208
158340,0.84452208
158400,0.84452192
158460,0.84452192
158520,0.84452192
158580,0.84452192
158640,0.84452192
158700,0.84452192
158760,0.84452191
158820,0.84451951
158880,0.84451951
158940,0.84451951
159000,0.84451951
159060,0.84451951
159120,0.84451951
159180,0.84451951
159240,0.84451951
159300,0.84451829
159360,0.84451829
159420,0.84451815
159480,0.84451815
159540,0.84451594
159600,0.84451594
159660,0.84451594
159720,0.84451517
159780,0.84451517
159840,0.84451517
159900,0.84451517
159960,0.84451314
160020,0.84451300
160080,0.84451296
160140,0.84451296
160200,0.84451296
160260,0.84451163
160320,0.84451163
160380,0.84451009
160440,0.84451009
160500,0.84451009
160560,0.84451009
160620,0.84451009
160680,0.84450923
160740,0.84450923
160800,0.84450923
160860,0.84450391
160920,0.84450391
160980,0.84450391
161040,0.84450347
161100,0.84450346
161160,0.84450176
161220,0.84450176
161280,0.84450176
161340,0.84450176
161400,0.84450176
161460,0.84449990
161520,0.84449829
161580,0.84449829
161640,0.84449829
161700,0.84449829
161760,0.84449829
161820,0.84449829
161880,0.84449637
161940,0.84449637
162000,0.84449637
162060,0.84449637
162120,0.84449629
162180,0.84449629
162240,0.84449382
162300,0.84449382
162360,0.84449382
162420,0.84449372
162480,0.84449372
162540,0.84449372
162600,0.84449310
162660,0.84446751
162720,0.84446741
162780,0.84446679
162840,0.84446679
162900,0.84446568
162960,0.84446567
163020,0.84446567
163080,0.84446567
163140,0.84446470
163200,0.84446470
163260,0.84446470
163320,0.84446469
163380,0.84446326
163440,0.84446326
163500,0.84446326
163560,0.84446326
163620,0.84446326
163680,0.84446326
163740,0.84446199
163800,0.84446199
163860,0.84446199
163920,0.84446199
163980,0.84446199
164040,0.84446199
164100,0.84446199
164160,0.84446199
164220,0.84446199
164280,0.84446199
164340,0.84446199
164400,0.84446199
164460,0.84446199
164520,0.84446199
164580,0.84446199
164640,0.84446199
164700,0.84446199
164760,0.84446199
164820,0.84446199
164880,0.84446199
164940,0.84446194
165000,0.84446194
165060,0.84446194
165120,0.84352693
165180,0.84352693
165240,0.84352693
165300,0.84352693
165360,0.84352693
165420,0.84352693
165480,0.84352693
165540,0.84352682
165600,0.84352682
165660,0.84352682
165720,0.84352682
165780,0.84352682
165840,0.84352568
165900,0.84352456
165960,0.84352456
166020,0.84352456
166080,0.84352445
166140,0.84352445
166200,0.84352436
166260,0.84352436
166320,0.84352436
166380,0.84352436
166440,0.84352435
166500,0.84352435
166560,0.84352435
166620,0.84352435
166680,0.84352435
166740,0.84352435
166800,0.84352435
166860,0.84352435
166920,0.84352435
166980,0.84352435
167040,0.84352435
167100,0.84352435
167160,0.84352435
167220,0.84352435
167280,0.84352435
167340,0.84352435
167400,0.84352435
167460,0.84352435
167520,0.84352435
167580,0.84352435
167640,0.84352435
167700,0.84352435
167760,0.84352435
167820,0.84352435
167880,0.84352435
167940,0.84352435
168000,0.84352435
168060,0.84352435
168120,0.84352435
168180,0.84352435
168240,0.84352435
168300,0.84352435
168360,0.84352435
168420,0.84352435
168480,0.84352435
168540,0.84352435
168600,0.84352435
168660,0.84352428
168720,0.84352428
168780,0.84352428
168840,0.84352428
168900,0.84352428
168960,0.84352428
169020,0.84352428
169080,0.84352428
169140,0.84352428
169200,0.84352428
169260,0.84352428
169320,0.84352428
169380,0.84352428
169440,0.84352428
169500,0.84352413
169560,0.84352413
169620,0.84352389
169680,0.84352389
169740,0.84352389
169800,0.84352389
169860,0.84352288
169920,0.84352288
169980,0.84352288
170040,0.84352288
170100,0.84352288
170160,0.84352288
170220,0.84352288
170280,0.84351455
170340,0.84351455
170400,0.84351455
170460,0.84351455
170520,0.84351455
170580,0.84351455
170640,0.84351455
170700,0.84351447
170760,0.84351447
170820,0.84351447
170880,0.84351391
170940,0.84351379
171000,0.84351379
171060,0.84351379
171120,0.84351325
171180,0.84351324
171240,0.84351324
171300,0.84351324
171360,0.84351324
171420,0.84351324
171480,0.84351324
171540,0.84351324
171600,0.84351324
171660,0.84351324
171720,0.84351324
171780,0.84351324
171840,0.84351324
171900,0.84351324
171960,0.84351269
172020,0.84351269
172080,0.84351269
172140,0.84257187
172200,0.84257187
172260,0.84257187
172320,0.84257154
172380,0.84257154
172440,0.84257154
172500,0.84257154
172560,0.84257154
172620,0.84257154
172680,0.84257154
172740,0.84257154
172800,0.84257154
172860,0.84257147
172920,0.84257147
172980,0.84257147
173040,0.84257147
173100,0.84257093
173160,0.84257093
173220,0.84257093
173280,0.84257093
173340,0.84257093
173400,0.84257093
173460,0.84257093
173520,0.84257093
173580,0.84257038
173640,0.84257038
173700,0.84257038
173760,0.84257038
173820,0.84257038
173880,0.84255140
173940,0.84243942
174000,0.84238971
174060,0.84238971
174120,0.84238971
174180,0.84238971
174240,0.84238971
174300,0.84238970
174360,0.84238970
174420,0.84238970
174480,0.84238970
174540,0.84238970
174600,0.84238956
174660,0.84238956
174720,0.84238956
174780,0.84238956
174840,0.84238956
174900,0.84238956
174960,0.84238952
175020,0.84238952
175080,0.84238626
175140,0.84238626
175200,0.84238626
175260,0.84238626
175320,0.84238626
175380,0.84238626
175440,0.84238619
175500,0.84238619
175560,0.84238619
175620,0.84238619
175680,0.84238591
175740,0.84238591
175800,0.84238591
175860,0.84238580
175920,0.84238580
175980,0.84238580
176040,0.84238580
176100,0.84238565
176160,0.84238565
176220,0.84238565
176280,0.84238565
176340,0.84238565
176400,0.84238564
176460,0.84238549
176520,0.84238549
176580,0.84238549
176640,0.84238549
176700,0.84238549
176760,0.84238548
176820,0.84238548
176880,0.84238548
176940,0.84238548
177000,0.84238529
177060,0.84238529
177120,0.84238529
177180,0.84238529
177240,0.84238529
177300,0.84238529
177360,0.84238529
177420,0.84238529
177480,0.84238529
177540,0.84238529
177600,0.84238529
177660,0.84238529
177720,0.84238529
177780,0.84238529
177840,0.84238529
177900,0.84238529
177960,0.84238529
178020,0.84238529
178080,0.84238524
178140,0.84238524
178200,0.84238522
178260,0.84238522
178320,0.84238522
178380,0.84238522
178440,0.84238522
178500,0.84238522
178560,0.84238522
178620,0.84238522
178680,0.84238522
178740,0.84238522
178800,0.84238522
178860,0.84238522
178920,0.84238522
178980,0.84238522
179040,0.84238522
179100,0.84238522
179160,0.84238522
179220,0.84238522
179280,0.84238521
179340,0.84238521
179400,0.84143596
179460,0.84143596
179520,0.84143596
179580,0.84142924
179640,0.84142924
179700,0.84142924
179760,0.84142924
179820,0.84142924
179880,0.84142924
179940,0.84142924
180000,0.84142924
180060,0.84142924
180120,0.84142924
180180,0.84142924
180240,0.84142924
180300,0.84142924
180360,0.84142924
180420,0.84142924
180480,0.84142917
180540,0.84142907
180600,0.84142907
180660,0.84142907
180720,0.84142907
180780,0.84142907
180840,0.84142907
180900,0.84142907
180960,0.84142906
181020,0.84142906
181080,0.84142906
181140,0.84142905
181200,0.84142905
181260,0.84142905
181320,0.84142904
181380,0.84142904
181440,0.84142904
181500,0.84142904
181560,0.84142903
181620,0.84142899
181680,0.84142899
181740,0.84142899
181800,0.84142899
181860,0.84142899
181920,0.84142899
181980,0.84142899
182040,0.84142899
182100,0.84142899
182160,0.84142899
182220,0.84142898
182280,0.84142898
182340,0.84142898
182400,0.84142895
182460,0.84142895
182520,0.84142895
182580,0.84142895
182640,0.84142895
182700,0.84142895
182760,0.84142894
182820,0.84142894
182880,0.84142894
182940,0.84142894
183000,0.84142890
183060,0.84142890
183120,0.84142889
183180,0.84142888
183240,0.84142888
183300,0.84142888
183360,0.84142874
183420,0.84142873
183480,0.84142873
183540,0.84142873
183600,0.84142477
183660,0.84142476
183720,0.84142475
183780,0.84142475
183840,0.84142475
183900,0.84142475
183960,0.84142303
184020,0.84142302
184080,0.84142302
184140,0.84142302
184200,0.84142302
184260,0.84142302
184320,0.84142302
184380,0.84142297
184440,0.84142297
184500,0.84142297
184560,0.84142297
184620,0.84142297
184680,0.84142297
184740,0.84142297
184800,0.84142297
184860,0.84142297
184920,0.84142297
184980,0.84142297
185040,0.84142297
185100,0.84142297
185160,0.84142144
185220,0.84142144
185280,0.84142143
185340,0.84142143
185400,0.84142143
185460,0.84142142
185520,0.84142142
185580,0.84142142
185640,0.84142142
185700,0.84142142
185760,0.84142027
185820,0.84142027
185880,0.84142027
185940,0.84142027
186000,0.84141377
186060,0.84141377
186120,0.84141377
186180,0.84141377
186240,0.84141360
186300,0.84141360
186360,0.84141360
186420,0.84141360
186480,0.84141360
186540,0.84141360
186600,0.84141360
186660,0.84141348
186720,0.84141348
186780,0.84141347
186840,0.84141347
186900,0.84141346
186960,0.84141346
187020,0.84141346
187080,0.84141346
187140,0.84141346
187200,0.84141346
187260,0.84141346
187320,0.84141346
187380,0.84141346
187440,0.84141346
187500,0.84141346
187560,0.84141334
187620,0.84141334
187680,0.84141332
187740,0.84141332
187800,0.84141331
187860,0.84141331
187920,0.84141331
187980,0.84141331
188040,0.84141331
188100,0.84141331
188160,0.84141331
188220,0.84141331
188280,0.84141331
188340,0.84141331
188400,0.84141331
188460,0.84141331
188520,0.84141331
188580,0.84141326
188640,0.84141326
188700,0.84141326
188760,0.84141326
188820,0.84141326
188880,0.84141326
188940,0.84141326
189000,0.84141326
189060,0.84141326
189120,0.84141326
189180,0.84141325
189240,0.84141325
189300,0.84141325
189360,0.84141325
189420,0.84141324
189480,0.84141324
189540,0.84141324
189600,0.84141324
189660,0.84141324
189720,0.84141324
189780,0.84141324
189840,0.84141323
189900,0.84141323
189960,0.84141323
190020,0.84141323
190080,0.84141323
190140,0.84141322
190200,0.84141322
190260,0.84141322
190320,0.84141322
190380,0.84141322
190440,0.84141322
190500,0.84141322
190560,0.84141322
190620,0.84141321
190680,0.84138618
190740,0.84135930
190800,0.84133136
190860,0.84130403
190920,0.84130403
190980,0.84130402
191040,0.84127477
191100,0.84124728
191160,0.84124728
191220,0.84124728
191280,0.84124728
191340,0.84124719
191400,0.84124719
191460,0.84124713
191520,0.84124705
191580,0.84124705
191640,0.84124704
191700,0.84124704
191760,0.84122036
191820,0.84103343
191880,0.84103343
191940,0.84103292
192000,0.84100569
192060,0.84082407
192120,0.84082407
192180,0.84079587
192240,0.84076712
192300,0.84074156
192360,0.84055165
192420,0.84052814
192480,0.84047132
192540,0.84044383
192600,0.84027894
192660,0.84022960
192720,0.84009536
192780,0.84006713
192840,0.84003963
192900,0.84001126
192960,0.83988036
193020,0.83985126
193080,0.83985045
193140,0.83974586
193200,0.83974586
193260,0.83964606
193320,0.83964606
193380,0.83964606
193440,0.83964606
193500,0.83964606
193560,0.83947397
193620,0.83947397
193680,0.83947396
193740,0.83947396
193800,0.83930871
193860,0.83930871
193920,0.83930870
193980,0.83930868
194040,0.83916291
194100,0.83916291
194160,0.83916291
194220,0.83902346
194280,0.83902346
194340,0.83902346
194400,0.83902346
194460,0.83902346
194520,0.83902346
194580,0.83880800
194640,0.83880800
194700,0.83880800
194760,0.83880800
194820,0.83880800
194880,0.83860300
194940,0.83860300
195000,0.83860299
195060,0.83860299
195120,0.83846067
195180,0.83846067
195240,0.83846066
195300,0.83846066
195360,0.83832331
195420,0.83832331
195480,0.83832331
195540,0.83832331
195600,0.83832331
195660,0.83832330
195720,0.83832330
195780,0.83832330
195840,0.83832330
195900,0.83832330
195960,0.83832329
196020,0.83832329
196080,0.83832329
196140,0.83832329
196200,0.83832329
196260,0.83832329
196320,0.83832329
196380,0.83832329
196440,0.83832329
196500,0.83832329
196560,0.83832329
196620,0.83832329
196680,0.83832329
196740,0.83832327
196800,0.83832326
196860,0.83832326
196920,0.83832326
196980,0.83832326
197040,0.83832326
197100,0.83832326
197160,0.83832325
197220,0.83832325
197280,0.83832325
197340,0.83832325
197400,0.83832325
197460,0.83832325
197520,0.83832325
197580,0.83832325
197640,0.83832325
197700,0.83832325
197760,0.83832324
197820,0.83832324
197880,0.83832324
197940,0.83832324
198000,0.83832316
198060,0.83832316
198120,0.83832316
198180,0.83832316
198240,0.83832316
198300,0.83832316
198360,0.83832316
198420,0.83832316
198480,0.83832316
198540,0.83832316
198600,0.83832316
198660,0.83832316
198720,0.83832111
198780,0.83832110
198840,0.83832110
198900,0.83832110
198960,0.83832110
199020,0.83832110
199080,0.83832110
199140,0.83832110
199200,0.83832110
199260,0.83832110
199320,0.83832110
199380,0.83832110
199440,0.83832110
199500,0.83832110
199560,0.83830317
199620,0.83828493
199680,0.83828493
199740,0.83828493
199800,0.83828493
199860,0.83828481
199920,0.83828481
199980,0.83828481
200040,0.83824086
200100,0.83824086
200160,0.83819691
200220,0.83819691
200280,0.83819691
200340,0.83819691
200400,0.83819691
200460,0.83819691
200520,0.83819691
200580,0.83819691
200640,0.83819691
200700,0.83819691
200760,0.83819691
200820,0.83819691
200880,0.83819691
200940,0.83819691
201000,0.83819691
201060,0.83819691
201120,0.83819691
201180,0.83819691
201240,0.83819691
201300,0.83819691
201360,0.83819691
201420,0.83819691
201480,0.83819691
201540,0.83819691
201600,0.83819691
201660,0.83819691
201720,0.83819691
201780,0.83819691
201840,0.83819691
201900,0.83819691
201960,0.83819691
202020,0.83819691
202080,0.83819691
202140,0.83819691
202200,0.83819691
202260,0.83819691
202320,0.83819691
202380,0.83819691
202440,0.83819691
202500,0.83819691
202560,0.83819691
202620,0.83819691
202680,0.83819691
202740,0.83819691
202800,0.83819691
202860,0.83819691
202920,0.83819691
202980,0.83819691
203040,0.83819691
203100,0.83819691
203160,0.83819691
203220,0.83819691
203280,0.83819691
203340,0.83819691
203400,0.83819691
203460,0.83819691
203520,0.83819691
203580,0.83819691
203640,0.83819691
203700,0.83819691
203760,0.83819691
203820,0.83819691
203880,0.83819691
203940,0.83819691
204000,0.83819691
204060,0.83819691
204120,0.83819691
204180,0.83819691
204240,0.83819691
204300,0.83819691
204360,0.83819691
204420,0.83819691
204480,0.83819691
204540,0.83819691
204600,0.83819691
204660,0.83818990
204720,0.83818990
204780,0.83818990
204840,0.83818990
204900,0.83818990
204960,0.83818990
205020,0.83818990
205080,0.83818990
205140,0.83818990
205200,0.83818990
205260,0.83818990
205320,0.83818990
205380,0.83818990
205440,0.83818990
205500,0.83818990
205560,0.83818990
205620,0.83818990
205680,0.83818990
205740,0.83818990
205800,0.83818990
205860,0.83818990
205920,0.83818990
205980,0.83818990
206040,0.83818990
206100,0.83818990
206160,0.83818990
206220,0.83818990
206280,0.83816047
206340,0.83813268
206400,0.83813268
206460,0.83810401
206520,0.83807438
206580,0.83807438
206640,0.83807438
206700,0.83807438
206760,0.83807438
206820,0.83807438
206880,0.83807438
206940,0.83807438
207000,0.83807438
207060,0.83807438
207120,0.83807438
207180,0.83807438
207240,0.83807438
207300,0.83807438
207360,0.83807438
207420,0.83807438
207480,0.83807438
207540,0.83807438
207600,0.83807438
207660,0.83807438
207720,0.83807438
207780,0.83807438
207840,0.83807438
207900,0.83807438
207960,0.83807438
208020,0.83807438
208080,0.83807438
208140,0.83807438
208200,0.83807438
208260,0.83807438
208320,0.83807438
208380,0.83807438
208440,0.83807438
208500,0.83807438
208560,0.83807438
208620,0.83807438
208680,0.83807438
208740,0.83807438
208800,0.83807438
208860,0.83807438
208920,0.83807438
208980,0.83807422
209040,0.83807422
209100,0.83807422
209160,0.83807422
209220,0.83807422
209280,0.83807422
209340,0.83807422
209400,0.83807422
209460,0.83807422
209520,0.83807422
209580,0.83807422
209640,0.83807422
209700,0.83807422
209760,0.83807422
209820,0.83807422
209880,0.83807422
209940,0.83807422
210000,0.83807422
210060,0.83807422
210120,0.83807422
210180,0.83807422
210240,0.83807422
210300,0.83807422
210360,0.83807422
210420,0.83807422
210480,0.83807422
210540,0.83807422
210600,0.83807422
210660,0.83807422
210720,0.83807422
210780,0.83807422
210840,0.83807422
210900,0.83807422
210960,0.83807422
211020,0.83807422
211080,0.83807422
211140,0.83807407
211200,0.83807391
211260,0.83807391
211320,0.83807391
211380,0.83807391
211440,0.83807391
211500,0.83807391
211560,0.83807391
211620,0.83807391
211680,0.83807391
211740,0.83807391
211800,0.83807391
211860,0.83807391
211920,0.83807391
211980,0.83807391
212040,0.83807391
212100,0.83807391
212160,0.83807391
212220,0.83807391
212280,0.83807391
212340,0.83807391
212400,0.83807391
212460,0.83807391
212520,0.83807391
212580,0.83807391
212640,0.83807391
212700,0.83807391
212760,0.83807391
212820,0.83807391
212880,0.83807391
212940,0.83807391
213000,0.83807391
213060,0.83807129
213120,0.83807129
213180,0.83807129
213240,0.83807129
213300,0.83807125
213360,0.83807125
213420,0.83807125
213480,0.83807125
213540,0.83807125
213600,0.83807125
213660,0.83807125
213720,0.83807125
213780,0.83807125
213840,0.83807125
213900,0.83807125
213960,0.83807125
214020,0.83807125
214080,0.83807125
214140,0.83807125
214200,0.83807125
214260,0.83807125
214320,0.83807125
214380,0.83807125
214440,0.83807125
214500,0.83807125
214560,0.83807125
214620,0.83807125
214680,0.83807125
214740,0.83807125
214800,0.83807125
214860,0.83807125
214920,0.83807125
214980,0.83807125
215040,0.83807125
215100,0.83807125
215160,0.83807125
215220,0.83807125
215280,0.83807125
215340,0.83807125
215400,0.83807125
215460,0.83807125
215520,0.83807125
215580,0.83807125
215640,0.83807120
215700,0.83807120
215760,0.83807120
215820,0.83807120
215880,0.83807120
215940,0.83807120
216000,0.83807120
216060,0.83807120
216120,0.83807120
216180,0.83807120
216240,0.83807120
216300,0.83807120
216360,0.83807120
216420,0.83807120
216480,0.83807120
216540,0.83807120
216600,0.83807120
216660,0.83807120
216720,0.83807099
216780,0.83807099
216840,0.83807099
216900,0.83807099
216960,0.83807099
217020,0.83807099
217080,0.83807099
217140,0.83807099
217200,0.83807099
217260,0.83807099
217320,0.83807099
217380,0.83807099
217440,0.83807099
217500,0.83807099
217560,0.83807099
217620,0.83807099
217680,0.83807099
217740,0.83807099
217800,0.83807099
217860,0.83807099
217920,0.83807099
217980,0.83807099
218040,0.83807099
218100,0.83807099
218160,0.83807099
218220,0.83807045
218280,0.83807045
218340,0.83807045
218400,0.83807045
218460,0.83807045
218520,0.83807045
218580,0.83807045
218640,0.83807045
218700,0.83807045
218760,0.83807045
218820,0.83807045
218880,0.83807045
218940,0.83807045
219000,0.83807045
219060,0.83807045
219120,0.83807045
219180,0.83807045
219240,0.83807045
219300,0.83807045
219360,0.83807045
219420,0.83807045
219480,0.83807045
219540,0.83807045
219600,0.83807045
219660,0.83807045
219720,0.83807045
219780,0.83807045
219840,0.83807045
219900,0.83807045
219960,0.83807045
220020,0.83807045
220080,0.83807045
220140,0.83807045
220200,0.83807045
220260,0.83807045
220320,0.83807045
220380,0.83807045
220440,0.83807042
220500,0.83807042
220560,0.83807042
220620,0.83807042
220680,0.83807042
220740,0.83807042
220800,0.83807042
220860,0.83807042
220920,0.83807042
220980,0.83807042
221040,0.83806845
221100,0.83806845
221160,0.83806845
221220,0.83806845
221280,0.83806845
221340,0.83806844
221400,0.83806844
221460,0.83806844
221520,0.83806844
221580,0.83806844
221640,0.83806844
221700,0.83806844
221760,0.83806844
221820,0.83806844
221880,0.83806844
221940,0.83806844
222000,0.83806844
222060,0.83806844
222120,0.83806844
222180,0.83806844
222240,0.83806844
222300,0.83806844
222360,0.83806844
222420,0.83806844
222480,0.83806844
222540,0.83806844
222600,0.83806844
222660,0.83806844
222720,0.83806844
222780,0.83806844
222840,0.83806844
222900,0.83806844
222960,0.83806844
223020,0.83806844
223080,0.83806844
223140,0.83806844
223200,0.83806844
223260,0.83806844
223320,0.83806844
223380,0.83806844
223440,0.83806844
223500,0.83806844
223560,0.83806844
223620,0.83806844
223680,0.83806844
223740,0.83806844
223800,0.83806833
223860,0.83806833
223920,0.83806833
223980,0.83806833
224040,0.83806833
224100,0.83806833
224160,0.83806833
224220,0.83806833
224280,0.83806833
224340,0.83806833
224400,0.83806833
224460,0.83806833
224520,0.83806571
224580,0.83806571
224640,0.83806571
224700,0.83806571
224760,0.83806571
224820,0.83806571
224880,0.83806571
224940,0.83806571
225000,0.83806571
225060,0.83806571
225120,0.83806571
225180,0.83806571
225240,0.83806571
225300,0.83806571
225360,0.83806571
225420,0.83806571
225480,0.83806571
225540,0.83806571
225600,0.83806571
225660,0.83806571
225720,0.83806571
225780,0.83806571
225840,0.83806571
225900,0.83806571
225960,0.83806571
226020,0.83806571
226080,0.83806571
226140,0.83806571
226200,0.83806571
226260,0.83806375
226320,0.83806375
226380,0.83806375
226440,0.83806375
226500,0.83806375
226560,0.83806375
226620,0.83806375
226680,0.83806375
226740,0.83806375
226800,0.83806375
226860,0.83806375
226920,0.83806375
226980,0.83806375
227040,0.83806375
227100,0.83806375
227160,0.83806375
227220,0.83806375
227280,0.83806375
227340,0.83806375
227400,0.83806375
227460,0.83806375
227520,0.83806375
227580,0.83806375
227640,0.83806375
227700,0.83806375
227760,0.83806375
227820,0.83806375
227880,0.83806375
227940,0.83806375
228000,0.83806375
228060,0.83806375
228120,0.83806375
228180,0.83806375
228240,0.83806375
228300,0.83806375
228360,0.83806375
228420,0.83806375
228480,0.83806375
228540,0.83806375
228600,0.83806375
228660,0.83806375
228720,0.83806375
228780,0.83806375
228840,0.83806375
228900,0.83806375
228960,0.83806375
229020,0.83806375
229080,0.83806375
229140,0.83806375
229200,0.83806375
229260,0.83806375
229320,0.83806373
229380,0.83806373
229440,0.83806373
229500,0.83806373
229560,0.83806373
229620,0.83806370
229680,0.83806370
229740,0.83806370
229800,0.83806370
229860,0.83806370
229920,0.83806370
229980,0.83806370
230040,0.83806370
230100,0.83806370
230160,0.83806370
230220,0.83806370
230280,0.83806370
230340,0.83806370
230400,0.83806370
230460,0.83806370
230520,0.83806370
230580,0.83806370
230640,0.83806370
230700,0.83806370
230760,0.83806370
230820,0.83806370
230880,0.83806370
230940,0.83806206
231000,0.83806206
231060,0.83806206
231120,0.83806206
231180,0.83806206
231240,0.83806206
231300,0.83806206
231360,0.83806206
231420,0.83806206
231480,0.83806206
231540,0.83806206
231600,0.83806206
231660,0.83806206
231720,0.83806206
231780,0.83806206
231840,0.83806206
231900,0.83806206
231960,0.83806206
232020,0.83806206
232080,0.83806206
232140,0.83806206
232200,0.83806206
232260,0.83806206
232320,0.83806206
232380,0.83806206
232440,0.83806206
232500,0.83806206
232560,0.83806206
232620,0.83806206
232680,0.83806206
232740,0.83806206
232800,0.83806206
232860,0.83806206
232920,0.83806205
232980,0.83806205
233040,0.83806205
233100,0.83806205
233160,0.83806205
233220,0.83806205
233280,0.83806205
233340,0.83806205
233400,0.83806205
233460,0.83806205
233520,0.83806204
233580,0.83806204
233640,0.83806204
233700,0.83806204
233760,0.83806204
233820,0.83806204
233880,0.83806204
233940,0.83806204
234000,0.83806204
234060,0.83806204
234120,0.83806204
234180,0.83806204
234240,0.83806204
234300,0.83806191
234360,0.83806175
234420,0.83806175
234480,0.83806175
234540,0.83806175
234600,0.83806175
234660,0.83806175
234720,0.83806175
234780,0.83806175
234840,0.83806175
234900,0.83806175
234960,0.83806175
235020,0.83806175
235080,0.83806175
235140,0.83806175
235200,0.83806175
235260,0.83806175
235320,0.83806175
235380,0.83806175
235440,0.83806175
235500,0.83806175
235560,0.83806175
235620,0.83806174
235680,0.83806174
235740,0.83806174
235800,0.83806174
235860,0.83806174
235920,0.83806174
235980,0.83806174
236040,0.83806174
236100,0.83806174
236160,0.83806174
236220,0.83806174
236280,0.83806174
236340,0.83806174
236400,0.83806174
236460,0.83806174
236520,0.83806174
236580,0.83806174
236640,0.83806173
236700,0.83806173
236760,0.83806173
236820,0.83806173
236880,0.83806123
236940,0.83806123
237000,0.83806123
237060,0.83806123
237120,0.83806123
237180,0.83806123
237240,0.83806123
237300,0.83806123
237360,0.83806123
237420,0.83806123
237480,0.83806123
237540,0.83806123
237600,0.83806123
237660,0.83806123
237720,0.83806123
237780,0.83806123
237840,0.83806092
237900,0.83806092
237960,0.83806092
238020,0.83806092
238080,0.83806092
238140,0.83806092
238200,0.83806092
238260,0.83806092
238320,0.83806092
238380,0.83806092
238440,0.83806091
238500,0.83806091
238560,0.83806091
238620,0.83806091
238680,0.83806091
238740,0.83806091
238800,0.83806091
238860,0.83806091
238920,0.83805926
238980,0.83805926
239040,0.83805926
239100,0.83805926
239160,0.83805926
239220,0.83805926
239280,0.83805926
239340,0.83805926
239400,0.83805926
239460,0.83805926
239520,0.83805926
239580,0.83805926
239640,0.83805926
239700,0.83805926
239760,0.83805926
239820,0.83803897
239880,0.83803897
239940,0.83803897
240000,0.83801868
240060,0.83801868
240120,0.83801868
240180,0.83801868
240240,0.83801868
240300,0.83801762
240360,0.83801762
240420,0.83801762
240480,0.83801762
240540,0.83801762
240600,0.83801762
240660,0.83801762
240720,0.83801762
240780,0.83801762
240840,0.83801762
240900,0.83801762
240960,0.83801762
241020,0.83801762
241080,0.83801762
241140,0.83801762
241200,0.83801516
241260,0.83801320
241320,0.83801211
241380,0.83801211
241440,0.83801211
241500,0.83801211
241560,0.83801211
241620,0.83801211
241680,0.83801180
241740,0.83801059
241800,0.83800819
241860,0.83800738
241920,0.83800738
241980,0.83800738
242040,0.83800738
242100,0.83800738
242160,0.83800046
242220,0.83800046
242280,0.83800046
242340,0.83800045
242400,0.83799826
242460,0.83799826
242520,0.83799826
242580,0.83799826
242640,0.83799826
242700,0.83799826
242760,0.83799826
242820,0.83799825
242880,0.83799821
242940,0.83799814
243000,0.83799814
243060,0.83799814
243120,0.83799814
243180,0.83799807
243240,0.83799807
243300,0.83799799
243360,0.83799799
243420,0.83799799
243480,0.83799799
243540,0.83799799
243600,0.83799799
243660,0.83799799
243720,0.83799799
243780,0.83799799
243840,0.83799799
243900,0.83799799
243960,0.83799799
244020,0.83799799
244080,0.83799773
244140,0.83799773
244200,0.83799773
244260,0.83799773
244320,0.83799773
244380,0.83799773
244440,0.83799773
244500,0.83797011
244560,0.83797011
244620,0.83794190
244680,0.83794190
244740,0.83791449
244800,0.83791449
244860,0.83788682
244920,0.83788682
244980,0.83788682
245040,0.83788682
245100,0.83788682
245160,0.83788681
245220,0.83788681
245280,0.83788681
245340,0.83788681
245400,0.83785995
245460,0.83785995
245520,0.83783257
245580,0.83783250
245640,0.83783250
245700,0.83783250
245760,0.83783250
245820,0.83783250
245880,0.83783250
245940,0.83783250
246000,0.83783250
246060,0.83783250
246120,0.83783250
246180,0.83783030
246240,0.83783030
246300,0.83783030
246360,0.83783024
246420,0.83783024
246480,0.83783019
246540,0.83783019
246600,0.83783019
246660,0.83783019
246720,0.83783019
246780,0.83783019
246840,0.83783019
246900,0.83783019
246960,0.83783019
247020,0.83783019
247080,0.83783019
247140,0.83782964
247200,0.83782964
247260,0.83782964
247320,0.83782964
247380,0.83782964
247440,0.83782964
247500,0.83782964
247560,0.83782964
247620,0.83782964
247680,0.83782964
247740,0.83782964
247800,0.83782964
247860,0.83782964
247920,0.83782963
247980,0.83782963
248040,0.83782963
248100,0.83782963
248160,0.83782963
248220,0.83782963
248280,0.83782956
248340,0.83782949
248400,0.83782949
248460,0.83782949
248520,0.83782949
248580,0.83782949
248640,0.83782949
248700,0.83782949
248760,0.83782949
248820,0.83782949
248880,0.83782949
248940,0.83782949
249000,0.83782949
249060,0.83782949
249120,0.83782949
249180,0.83782949
249240,0.83782949
249300,0.83782949
249360,0.83782948
249420,0.83782948
249480,0.83782948
249540,0.83782948
249600,0.83782948
249660,0.83782948
249720,0.83782948
249780,0.83782948
249840,0.83782948
249900,0.83782948
249960,0.83782948
250020,0.83782941
250080,0.83782938
250140,0.83782938
250200,0.83782929
250260,0.83782929
250320,0.83782902
250380,0.83782847
250440,0.83782820
250500,0.83782766
250560,0.83782738
250620,0.83782711
250680,0.83782684
250740,0.83782684
250800,0.83782657
250860,0.83782630
250920,0.83782602
250980,0.83782602
251040,0.83782602
251100,0.83782575
251160,0.83782575
251220,0.83782575
251280,0.83782575
251340,0.83782575
251400,0.83782557
251460,0.83782520
251520,0.83782520
251580,0.83782493
251640,0.83782439
251700,0.83782357
251760,0.83782330
251820,0.83782275
251880,0.83782221
251940,0.83782183
252000,0.83782156
252060,0.83782074
252120,0.83782047
252180,0.83781955
252240,0.83781955
252300,0.83781272
252360,0.83781272
252420,0.83781272
252480,0.83781272
252540,0.83781272
252600,0.83781272
252660,0.83781272
252720,0.83781272
252780,0.83781272
252840,0.83781272
252900,0.83781272
252960,0.83781272
253020,0.83781272
253080,0.83781272
253140,0.83781272
253200,0.83781217
253260,0.83781217
253320,0.83781157
253380,0.83781157
253440,0.83781157
253500,0.83781102
253560,0.83781102
253620,0.83781102
253680,0.83781102
253740,0.83781102
253800,0.83781102
253860,0.83781102
253920,0.83781102
253980,0.83781102
254040,0.83781102
254100,0.83781101
254160,0.83781097
254220,0.83781097
254280,0.83781097
254340,0.83781097
254400,0.83780877
254460,0.83780877
254520,0.83780877
254580,0.83780877
254640,0.83780877
254700,0.83780877
254760,0.83780877
254820,0.83780852
254880,0.83780852
254940,0.83780851
255000,0.83780847
255060,0.83780847
255120,0.83780841
255180,0.83780841
255240,0.83780821
255300,0.83780821
255360,0.83780821
255420,0.83780821
255480,0.83780821
255540,0.83780821
255600,0.83780820
255660,0.83780820
255720,0.83780820
255780,0.83780820
255840,0.83780820
255900,0.83780820
255960,0.83780820
256020,0.83780820
256080,0.83780820
256140,0.83780820
256200,0.83780820
256260,0.83780820
256320,0.83780820
256380,0.83780820
256440,0.83780820
256500,0.83780820
256560,0.83780820
256620,0.83780820
256680,0.83780820
256740,0.83780820
256800,0.83780820
256860,0.83780820
256920,0.83780820
256980,0.83780820
257040,0.83780820
257100,0.83780820
257160,0.83780820
257220,0.83780820
257280,0.83780820
257340,0.83780819
257400,0.83780819
257460,0.83780819
257520,0.83780819
257580,0.83780819
257640,0.83780819
257700,0.83780819
257760,0.83780819
257820,0.83780819
257880,0.83780819
257940,0.83780819
258000,0.83780819
258060,0.83780819
258120,0.83778046
258180,0.83775269
258240,0.83775269
258300,0.83775269
258360,0.83775269
258420,0.83775269
258480,0.83775255
258540,0.83775255
258600,0.83775255
258660,0.83775255
258720,0.83775200
258780,0.83775192
258840,0.83775192
258900,0.83775192
258960,0.83775189
259020,0.83775189
259080,0.83775173
259140,0.83775173
259200,0.83775173
259260,0.83775173
259320,0.83775173
259380,0.83775173
259440,0.83775118
259500,0.83775005
259560,0.83775005
259620,0.83775005
259680,0.83775005
259740,0.83775005
259800,0.83775005
259860,0.83775005
259920,0.83775005
259980,0.83775004
260040,0.83775004
260100,0.83775004
260160,0.83775004
260220,0.83775004
260280,0.83775004
260340,0.83775004
260400,0.83775004
260460,0.83775004
260520,0.83775004
260580,0.83775004
260640,0.83775004
260700,0.83775004
260760,0.83775004
260820,0.83775004
260880,0.83775004
260940,0.83775004
261000,0.83775004
261060,0.83775004
261120,0.83774938
261180,0.83774686
261240,0.83774686
261300,0.83774686
261360,0.83774686
261420,0.83774686
261480,0.83774686
261540,0.83774686
261600,0.83774686
261660,0.83774686
261720,0.83774686
261780,0.83774686
261840,0.83771956
261900,0.83771840
261960,0.83771837
262020,0.83771837
262080,0.83771782
262140,0.83771782
262200,0.83771766
262260,0.83771766
262320,0.83771766
262380,0.83771766
262440,0.83771766
262500,0.83771766
262560,0.83771766
262620,0.83771766
262680,0.83771766
262740,0.83771766
262800,0.83771766
262860,0.83771766
262920,0.83771766
262980,0.83771766
263040,0.83771766
263100,0.83771766
263160,0.83771766
263220,0.83771766
263280,0.83771766
263340,0.83771719
263400,0.83771673
263460,0.83771660
263520,0.83771645
263580,0.83771645
263640,0.83771645
263700,0.83771645
263760,0.83771645
263820,0.83771645
263880,0.83771645
263940,0.83766092
264000,0.83763428
264060,0.83760768
264120,0.83758078
264180,0.83752734
264240,0.83750045
264300,0.83747251
264360,0.83744467
264420,0.83741574
264480,0.83738759
264540,0.83735886
264600,0.83733102
264660,0.83730355
264720,0.83725048
264780,0.83722400
264840,0.83719739
264900,0.83717075
264960,0.83714370
265020,0.83709190
265080,0.83706765
265140,0.83704024
265200,0.83701335
265260,0.83695728
265320,0.83692933
265380,0.83690161
265440,0.83687332
265500,0.83684548
265560,0.83681770
265620,0.83678980
265680,0.83676161
265740,0.83670632
265800,0.83667886
265860,0.83667886
265920,0.83667434
265980,0.83667325
266040,0.83667153
266100,0.83667153
266160,0.83667153
266220,0.83666706
266280,0.83666706
266340,0.83666706
266400,0.83666706
266460,0.83666706
266520,0.83666706
266580,0.83666706
266640,0.83666706
266700,0.83666706
266760,0.83666706
266820,0.83666706
266880,0.83666706
266940,0.83666706
267000,0.83666706
267060,0.83666706
267120,0.83666706
267180,0.83666706
267240,0.83666706
267300,0.83666706
267360,0.83666706
267420,0.83666706
267480,0.83666706
267540,0.83666560
267600,0.83666560
267660,0.83666424
267720,0.83666382
267780,0.83666382
267840,0.83666382
267900,0.83666382
267960,0.83666382
268020,0.83666382
268080,0.83666382
268140,0.83666382
268200,0.83666382
268260,0.83666382
268320,0.83666382
268380,0.83666382
268440,0.83666382
268500,0.83666382
268560,0.83666382
268620,0.83666382
268680,0.83666382
268740,0.83666275
268800,0.83666275
268860,0.83666275
268920,0.83666275
268980,0.83666275
269040,0.83666275
269100,0.83666275
269160,0.83666275
269220,0.83666275
269280,0.83666275
269340,0.83666275
269400,0.83666275
269460,0.83666275
269520,0.83666275
269580,0.83666275
269640,0.83666275
269700,0.83666275
269760,0.83666269
269820,0.83666269
269880,0.83666269
269940,0.83666269
270000,0.83666269
270060,0.83666269
270120,0.83666269
270180,0.83666100
270240,0.83666008
270300,0.83666008
270360,0.83666008
270420,0.83666008
270480,0.83666008
270540,0.83666008
270600,0.83666008
270660,0.83666008
270720,0.83666008
270780,0.83666008
270840,0.83666008
270900,0.83666008
270960,0.83666008
271020,0.83666008
271080,0.83666008
271140,0.83666008
271200,0.83666008
271260,0.83666008
271320,0.83666008
271380,0.83666008
271440,0.83666008
271500,0.83666008
271560,0.83666008
271620,0.83666008
271680,0.83666008
271740,0.83666008
271800,0.83666008
271860,0.83666008
271920,0.83666007
271980,0.83666007
272040,0.83666007
272100,0.83666007
272160,0.83666007
272220,0.83666007
272280,0.83665957
272340,0.83665478
272400,0.83664014
272460,0.83664014
272520,0.83664014
272580,0.83664014
272640,0.83664014
272700,0.83664014
272760,0.83664014
272820,0.83664014
272880,0.83664014
272940,0.83664014
273000,0.83664014
273060,0.83664014
273120,0.83664014
273180,0.83664014
273240,0.83664014
273300,0.83664014
273360,0.83664014
273420,0.83664014
273480,0.83664014
273540,0.83664014
273600,0.83664014
273660,0.83664014
273720,0.83664014
273780,0.83664014
273840,0.83664014
273900,0.83664014
273960,0.83664014
274020,0.83664014
274080,0.83664014
274140,0.83664014
274200,0.83664014
274260,0.83664014
274320,0.83664014
274380,0.83664014
274440,0.83664014
274500,0.83664014
274560,0.83664014
274620,0.83664013
274680,0.83664012
274740,0.83664012
274800,0.83664012
274860,0.83664012
274920,0.83664012
274980,0.83664012
275040,0.83664012
275100,0.83664012
275160,0.83664012
275220,0.83664012
275280,0.83664012
275340,0.83664012
275400,0.83664012
275460,0.83664012
275520,0.83664012
275580,0.83664012
275640,0.83664012
275700,0.83663996
275760,0.83663996
275820,0.83663996
275880,0.83663992
275940,0.83663992
276000,0.83663992
276060,0.83663992
276120,0.83663992
276180,0.83663992
276240,0.83663992
276300,0.83663992
276360,0.83663992
276420,0.83663992
276480,0.83663992
276540,0.83663992
276600,0.83663992
276660,0.83663992
276720,0.83663992
276780,0.83663992
276840,0.83663992
276900,0.83663992
276960,0.83663992
277020,0.83663992
277080,0.83663992
277140,0.83663992
277200,0.83663992
277260,0.83663992
277320,0.83663992
277380,0.83663992
277440,0.83663992
277500,0.83663992
277560,0.83663992
277620,0.83663992
277680,0.83663992
277740,0.83663992
277800,0.83663992
277860,0.83663992
277920,0.83663992
277980,0.83663992
278040,0.83663992
278100,0.83663976
278160,0.83663976
278220,0.83663976
278280,0.83663976
278340,0.83663976
278400,0.83663976
278460,0.83663976
278520,0.83663976
278580,0.83663976
278640,0.83663976
278700,0.83663976
278760,0.83663960
278820,0.83663960
278880,0.83663960
278940,0.83663939
279000,0.83663939
279060,0.83663939
279120,0.83663923
279180,0.83663923
279240,0.83663923
279300,0.83663923
279360,0.83663923
279420,0.83663923
279480,0.83663923
279540,0.83663923
279600,0.83663923
279660,0.83663923
279720,0.83663923
279780,0.83663923
279840,0.83663923
279900,0.83663923
279960,0.83663923
280020,0.83663923
280080,0.83663923
280140,0.83663921
280200,0.83663921
280260,0.83663921
280320,0.83663921
280380,0.83663921
280440,0.83663921
280500,0.83663921
280560,0.83663921
280620,0.83663921
280680,0.83663921
280740,0.83663921
280800,0.83663921
280860,0.83663921
280920,0.83663921
280980,0.83663921
281040,0.83663921
281100,0.83663921
281160,0.83663921
281220,0.83663906
281280,0.83663906
281340,0.83663906
281400,0.83663895
281460,0.83663895
281520,0.83663895
281580,0.83663895
281640,0.83663895
281700,0.83663895
281760,0.83663895
281820,0.83663895
281880,0.83663895
281940,0.83663895
282000,0.83663895
282060,0.83663691
282120,0.83663691
282180,0.83663691
282240,0.83663691
282300,0.83663680
282360,0.83663680
282420,0.83663680
282480,0.83663680
282540,0.83663680
282600,0.83663680
282660,0.83663680
282720,0.83663680
282780,0.83663680
282840,0.83663680
282900,0.83663680
282960,0.83663680
283020,0.83663680
283080,0.83663680
283140,0.83663680
283200,0.83663680
283260,0.83663680
283320,0.83663680
283380,0.83663680
283440,0.83663680
283500,0.83663680
283560,0.83663680
283620,0.83663680
283680,0.83663680
283740,0.83663680
283800,0.83663680
283860,0.83663680
283920,0.83663459
283980,0.83663459
284040,0.83663459
284100,0.83663459
284160,0.83663459
284220,0.83663459
284280,0.83663459
284340,0.83663459
284400,0.83663459
284460,0.83663459
284520,0.83663459
284580,0.83663459
284640,0.83663459
284700,0.83663459
284760,0.83663459
284820,0.83663459
284880,0.83663459
284940,0.83663459
285000,0.83663459
285060,0.83663459
285120,0.83663459
285180,0.83663459
285240,0.83663459
285300,0.83663459
285360,0.83663459
285420,0.83663459
285480,0.83663459
285540,0.83663459
285600,0.83663459
285660,0.83663459
285720,0.83663459
285780,0.83663459
285840,0.83663459
285900,0.83663459
285960,0.83663459
286020,0.83663459
286080,0.83663459
286140,0.83663459
286200,0.83663459
286260,0.83663459
286320,0.83663459
286380,0.83663459
286440,0.83663459
286500,0.83663459
286560,0.83663459
286620,0.83663459
286680,0.83663459
286740,0.83663459
286800,0.83663459
286860,0.83663459
286920,0.83663459
286980,0.83663459
287040,0.83663459
287100,0.83663459
287160,0.83663459
287220,0.83663459
287280,0.83663459
287340,0.83663459
287400,0.83663429
287460,0.83663429
287520,0.83663429
287580,0.83663429
287640,0.83663429
287700,0.83663429
287760,0.83663429
287820,0.83663429
287880,0.83663429
287940,0.83663429
288000,0.83663429
288060,0.83663429
288120,0.83663429
288180,0.83663429
288240,0.83663429
288300,0.83663429
288360,0.83663429
288420,0.83663429
288480,0.83663429
288540,0.83663429
288600,0.83663428
288660,0.83663428
288720,0.83663428
288780,0.83663428
288840,0.83663428
288900,0.83663428
288960,0.83663428
289020,0.83663428
289080,0.83663428
289140,0.83663428
289200,0.83663428
289260,0.83663428
289320,0.83663428
289380,0.83663428
289440,0.83663428
289500,0.83663428
289560,0.83663428
289620,0.83663428
289680,0.83663428
289740,0.83663428
289800,0.83663428
289860,0.83663428
289920,0.83663428
289980,0.83663428
290040,0.83663428
290100,0.83663428
290160,0.83663428
290220,0.83663428
290280,0.83663428
290340,0.83663428
290400,0.83663428
290460,0.83663428
290520,0.83663428
290580,0.83663428
290640,0.83663428
290700,0.83663428
290760,0.83663428
290820,0.83663428
290880,0.83663428
290940,0.83663428
291000,0.83663428
291060,0.83663428
291120,0.83663428
291180,0.83663428
291240,0.83663428
291300,0.83663428
291360,0.83663428
291420,0.83663428
291480,0.83663428
291540,0.83663428
291600,0.83663428
291660,0.83663428
291720,0.83663428
291780,0.83663428
291840,0.83663428
291900,0.83663428
291960,0.83663428
292020,0.83663428
292080,0.83663428
292140,0.83663428
292200,0.83663428
292260,0.83663428
292320,0.83663428
292380,0.83663428
292440,0.83663428
292500,0.83663428
292560,0.83663428
292620,0.83663428
292680,0.83663428
292740,0.83663428
292800,0.83663428
292860,0.83663428
292920,0.83663428
292980,0.83663428
293040,0.83663428
293100,0.83663428
293160,0.83663428
293220,0.83663428
293280,0.83663428
293340,0.83663428
293400,0.83663428
293460,0.83663428
293520,0.83663428
293580,0.83663428
293640,0.83663428
293700,0.83663428
293760,0.83663428
293820,0.83663428
293880,0.83663428
293940,0.83663428
294000,0.83663428
294060,0.83663428
294120,0.83663428
294180,0.83663428
294240,0.83663428
294300,0.83663428
294360,0.83663428
294420,0.83663428
294480,0.83663428
294540,0.83663428
294600,0.83663428
294660,0.83663428
294720,0.83663428
294780,0.83663428
294840,0.83663428
294900,0.83663223
294960,0.83663223
295020,0.83663223
295080,0.83663223
295140,0.83663223
295200,0.83663223
295260,0.83663223
295320,0.83662730
295380,0.83662730
295440,0.83662730
295500,0.83662730
295560,0.83662730
295620,0.83662730
295680,0.83662730
295740,0.83662730
295800,0.83662730
295860,0.83662730
295920,0.83662730
295980,0.83662730
296040,0.83662730
296100,0.83662730
296160,0.83662730
296220,0.83662730
296280,0.83662730
296340,0.83662730
296400,0.83662730
296460,0.83662730
296520,0.83662730
296580,0.83662730
296640,0.83662730
296700,0.83662730
296760,0.83662730
296820,0.83662730
296880,0.83662730
296940,0.83662730
297000,0.83662728
297060,0.83662728
297120,0.83662728
297180,0.83662728
297240,0.83662728
297300,0.83662728
297360,0.83662728
297420,0.83662728
297480,0.83662728
297540,0.83662728
297600,0.83662728
297660,0.83662728
297720,0.83662728
297780,0.83662728
297840,0.83662728
297900,0.83662728
297960,0.83662728
298020,0.83662728
298080,0.83662728
298140,0.83662728
298200,0.83662728
298260,0.83662728
298320,0.83662728
298380,0.83662728
298440,0.83662728
298500,0.83662728
298560,0.83662728
298620,0.83662728
298680,0.83662728
298740,0.83662728
298800,0.83662728
298860,0.83662728
298920,0.83662728
298980,0.83662728
299040,0.83662728
299100,0.83662728
299160,0.83662728
299220,0.83662728
299280,0.83662728
299340,0.83662728
299400,0.83662728
299460,0.83662728
299520,0.83662728
299580,0.83662461
299640,0.83662239
299700,0.83662239
299760,0.83662239
299820,0.83662239
299880,0.83662239
299940,0.83662239
300000,0.83662239
300060,0.83662239
300120,0.83662239
300180,0.83662239
300240,0.83662239
300300,0.83662239
300360,0.83662239
300420,0.83662239
300480,0.83662239
300540,0.83662239
300600,0.83662239
300660,0.83662239
300720,0.83662239
300780,0.83662239
300840,0.83662239
300900,0.83662239
300960,0.83662239
301020,0.83662239
301080,0.83662239
301140,0.83662239
301200,0.83662182
301260,0.83662182
301320,0.83662182
301380,0.83662182
301440,0.83662182
301500,0.83662182
301560,0.83662182
301620,0.83662182
301680,0.83662182
301740,0.83662182
301800,0.83662182
301860,0.83662182
301920,0.83661959
301980,0.83661959
302040,0.83661959
302100,0.83661959
302160,0.83661959
302220,0.83661959
302280,0.83661959
302340,0.83661959
302400,0.83661959
302460,0.83661959
302520,0.83661959
302580,0.83661959
302640,0.83661959
302700,0.83661959
302760,0.83661959
302820,0.83661959
302880,0.83661959
302940,0.83661959
303000,0.83661959
303060,0.83661959
303120,0.83661959
303180,0.83661959
303240,0.83661959
303300,0.83661959
303360,0.83661959
303420,0.83661959
303480,0.83661959
303540,0.83661959
303600,0.83661959
303660,0.83661959
303720,0.83661959
303780,0.83661959
303840,0.83661959
303900,0.83661959
303960,0.83661959
304020,0.83661959
304080,0.83661959
304140,0.83661959
304200,0.83661959
304260,0.83661959
304320,0.83661959
304380,0.83661959
304440,0.83661959
304500,0.83661959
304560,0.83661959
304620,0.83661959
304680,0.83661959
304740,0.83661959
304800,0.83661959
304860,0.83661959
304920,0.83661959
304980,0.83661959
305040,0.83661959
305100,0.83661959
305160,0.83661959
305220,0.83661959
305280,0.83661959
305340,0.83661959
305400,0.83661959
305460,0.83661959
305520,0.83661959
305580,0.83661959
305640,0.83661959
305700,0.83661959
305760,0.83661959
305820,0.83661959
305880,0.83661959
305940,0.83661959
306000,0.83661959
306060,0.83661959
306120,0.83661959
306180,0.83661959
306240,0.83661959
306300,0.83661959
306360,0.83661959
306420,0.83661942
306480,0.83661942
306540,0.83661942
306600,0.83661942
306660,0.83661942
306720,0.83661942
306780,0.83661942
306840,0.83661942
306900,0.83661942
306960,0.83661942
307020,0.83661942
307080,0.83661942
307140,0.83661264
307200,0.83661264
307260,0.83661264
307320,0.83661264
307380,0.83661264
307440,0.83661264
307500,0.83661264
307560,0.83661264
307620,0.83661264
307680,0.83661264
307740,0.83661264
307800,0.83661264
307860,0.83661264
307920,0.83661264
307980,0.83661264
308040,0.83661058
308100,0.83661058
308160,0.83661058
308220,0.83661058
308280,0.83661058
308340,0.83661058
308400,0.83661058
308460,0.83661058
308520,0.83661058
308580,0.83661058
308640,0.83661058
308700,0.83661058
308760,0.83661001
308820,0.83661001
308880,0.83661001
308940,0.83661001
309000,0.83661001
309060,0.83661001
309120,0.83661001
309180,0.83661001
309240,0.83661001
309300,0.83661001
309360,0.83661001
309420,0.83661001
309480,0.83661001
309540,0.83661001
309600,0.83661001
309660,0.83661001
309720,0.83661001
309780,0.83661001
309840,0.83661001
309900,0.83661001
309960,0.83661001
310020,0.83661001
310080,0.83661001
310140,0.83661001
310200,0.83661001
310260,0.83661001
310320,0.83661001
310380,0.83661001
310440,0.83661001
310500,0.83661001
310560,0.83661001
310620,0.83661001
310680,0.83661001
310740,0.83661001
310800,0.83661001
310860,0.83661001
310920,0.83660295
310980,0.83660295
311040,0.83660295
311100,0.83660295
311160,0.83660295
311220,0.83660295
311280,0.83660295
311340,0.83660295
311400,0.83660295
311460,0.83660295
311520,0.83660295
311580,0.83660295
311640,0.83660295
311700,0.83660295
311760,0.83660295
311820,0.83660295
311880,0.83660295
311940,0.83660295
312000,0.83660295
312060,0.83660295
312120,0.83660295
312180,0.83660295
312240,0.83660295
312300,0.83660295
312360,0.83660295
312420,0.83660295
312480,0.83660295
312540,0.83660295
312600,0.83659910
312660,0.83659590
312720,0.83659590
312780,0.83659590
312840,0.83659590
312900,0.83659590
312960,0.83659590
313020,0.83659590
313080,0.83659590
313140,0.83659590
313200,0.83659590
313260,0.83659590
313320,0.83659590
313380,0.83659590
313440,0.83659590
313500,0.83659590
313560,0.83659590
313620,0.83659590
313680,0.83659590
313740,0.83659590
313800,0.83659590
313860,0.83659590
313920,0.83659590
313980,0.83659590
314040,0.83659590
314100,0.83659590
314160,0.83659590
314220,0.83659590
314280,0.83659590
314340,0.83659590
314400,0.83659590
314460,0.83659590
314520,0.83659590
314580,0.83659590
314640,0.83659590
314700,0.83659590
314760,0.83659590
314820,0.83659590
314880,0.83659590
314940,0.83659590
315000,0.83659590
315060,0.83659590
315120,0.83659590
315180,0.83659590
315240,0.83659590
315300,0.83659590
315360,0.83659590
315420,0.83659590
315480,0.83659590
315540,0.83659590
315600,0.83659590
315660,0.83659590
315720,0.83659590
315780,0.83659590
315840,0.83658884
315900,0.83658884
315960,0.83658884
316020,0.83658884
316080,0.83658884
316140,0.83658884
316200,0.83658884
316260,0.83658884
316320,0.83658884
316380,0.83658884
316440,0.83658884
316500,0.83658884
316560,0.83658884
316620,0.83658884
316680,0.83658884
316740,0.83658884
316800,0.83658884
316860,0.83658884
316920,0.83658779
316980,0.83658676
317040,0.83658572
317100,0.83658468
317160,0.83658365
317220,0.83658227
317280,0.83658159
317340,0.83658055
317400,0.83657951
317460,0.83657565
317520,0.83657427
317580,0.83657288
317640,0.83657186
317700,0.83657013
317760,0.83656910
317820,0.83656841
317880,0.83656704
317940,0.83656600
318000,0.83656462
318060,0.83656359
318120,0.83656255
318180,0.83656117
318240,0.83655944
318300,0.83655807
318360,0.83654991
318420,0.83654854
318480,0.83654750
318540,0.83654612
318600,0.83654509
318660,0.83654337
318720,0.83654199
318780,0.83653355
318840,0.83653218
318900,0.83653081
318960,0.83652943
319020,0.83652804
319080,0.83652632
319140,0.83652459
319200,0.83652287
319260,0.83652116
319320,0.83651943
319380,0.83651125
319440,0.83650988
319500,0.83650815
319560,0.83650574
319620,0.83650436
319680,0.83650264
319740,0.83650127
319800,0.83649955
319860,0.83649780
319920,0.83649542
319980,0.83649300
320040,0.83649092
320100,0.83648919
320160,0.83648781
320220,0.83648643
320280,0.83648471
320340,0.83648296
320400,0.83648123
320460,0.83647943
320520,0.83647769
320580,0.83647564
320640,0.83647391
320700,0.83647181
320760,0.83647077
320820,0.83646937
320880,0.83646762
320940,0.83646553
321000,0.83646414
321060,0.83646240
321120,0.83646066
321180,0.83645857
321240,0.83645685
321300,0.83645510
321360,0.83645301
321420,0.83645095
321480,0.83644889
321540,0.83644750
321600,0.83644575
321660,0.83644332
321720,0.83644157
321780,0.83643949
321840,0.83643742
321900,0.83643568
321960,0.83643395
322020,0.83643222
322080,0.83643013
322140,0.83642805
322200,0.83642633
322260,0.83642458
322320,0.83642284
322380,0.83642110
322440,0.83641902
322500,0.83641692
322560,0.83641552
322620,0.83641343
322680,0.83641169
322740,0.83640891
322800,0.83640752
322860,0.83640542
322920,0.83640297
322980,0.83640159
323040,0.83639949
323100,0.83639740
323160,0.83639531
323220,0.83639322
323280,0.83639148
323340,0.83639008
323400,0.83638867
323460,0.83638693
323520,0.83638483
323580,0.83638275
323640,0.83638065
323700,0.83637855
323760,0.83637646
323820,0.83637437
323880,0.83637228
323940,0.83637017
324000,0.83636809
324060,0.83636597
324120,0.83636387
324180,0.83636176
324240,0.83635968
324300,0.83635725
324360,0.83635516
324420,0.83635308
324480,0.83635134
324540,0.83634926
324600,0.83634718
324660,0.83634718
324720,0.83634718
324780,0.83634648
324840,0.83634648
324900,0.83634474
324960,0.83634266
325020,0.83634092
325080,0.83633953
325140,0.83633745
325200,0.83633535
325260,0.83633362
325320,0.83633221
325380,0.83633013
325440,0.83632839
325500,0.83632666
325560,0.83632456
325620,0.83632247
325680,0.83632037
325740,0.83631826
325800,0.83631617
325860,0.83630762
325920,0.83630762
325980,0.83630762
326040,0.83630762
326100,0.83630762
326160,0.83630762
326220,0.83630762
326280,0.83630762
326340,0.83630762
326400,0.83630762
326460,0.83630762
326520,0.83630762
326580,0.83630762
326640,0.83630762
326700,0.83630762
326760,0.83630762
326820,0.83630581
326880,0.83630581
326940,0.83630581
327000,0.83630581
327060,0.83630581
327120,0.83630581
327180,0.83630581
327240,0.83630581
327300,0.83630581
327360,0.83630581
327420,0.83630581
327480,0.83630523
327540,0.83630523
327600,0.83630523
327660,0.83630465
327720,0.83630465
327780,0.83630465
327840,0.83630465
327900,0.83630465
327960,0.83630465
328020,0.83630465
328080,0.83630465
328140,0.83630465
328200,0.83630465
328260,0.83630465
328320,0.83630465
328380,0.83630465
328440,0.83630465
328500,0.83630465
328560,0.83630465
328620,0.83630465
328680,0.83630465
328740,0.83630465
328800,0.83630465
328860,0.83630465
328920,0.83630465
328980,0.83630465
329040,0.83630465
329100,0.83630465
329160,0.83630465
329220,0.83630465
329280,0.83630465
329340,0.83630465
329400,0.83630465
329460,0.83630464
329520,0.83630464
329580,0.83630464
329640,0.83630464
329700,0.83630459
329760,0.83630459
329820,0.83630459
329880,0.83630459
329940,0.83630458
330000,0.83630458
330060,0.83630458
330120,0.83630458
330180,0.83630458
330240,0.83630219
330300,0.83630219
330360,0.83630219
330420,0.83630219
330480,0.83630219
330540,0.83630219
330600,0.83630219
330660,0.83630161
330720,0.83630161
330780,0.83630161
330840,0.83630161
330900,0.83630103
330960,0.83630103
331020,0.83630103
331080,0.83630103
331140,0.83630103
331200,0.83630103
331260,0.83630103
331320,0.83630103
331380,0.83630103
331440,0.83630103
331500,0.83629886
331560,0.83629886
331620,0.83629886
331680,0.83629886
331740,0.83629886
331800,0.83629886
331860,0.83629886
331920,0.83629886
331980,0.83629870
332040,0.83629870
332100,0.83629870
332160,0.83629870
332220,0.83629870
332280,0.83629870
332340,0.83629870
332400,0.83629868
332460,0.83629868
332520,0.83629868
332580,0.83629810
332640,0.83629810
332700,0.83629805
332760,0.83629747
332820,0.83629747
332880,0.83629747
332940,0.83629689
333000,0.83629689
333060,0.83629581
333120,0.83629581
333180,0.83629581
333240,0.83629581
333300,0.83629581
333360,0.83629581
333420,0.83629581
333480,0.83629581
333540,0.83629581
333600,0.83629581
333660,0.83629581
333720,0.83629581
333780,0.83629581
333840,0.83629581
333900,0.83629581
333960,0.83629581
334020,0.83629581
334080,0.83629581
334140,0.83629581
334200,0.83629581
334260,0.83629581
334320,0.83629581
334380,0.83629581
334440,0.83629581
334500,0.83629581
334560,0.83629581
334620,0.83629581
334680,0.83629581
334740,0.83629581
334800,0.83629581
334860,0.83629581
334920,0.83629570
334980,0.83629570
335040,0.83629570
335100,0.83629570
335160,0.83629570
335220,0.83629570
335280,0.83629570
335340,0.83629570
335400,0.83629570
335460,0.83629570
335520,0.83629570
335580,0.83629570
335640,0.83629570
335700,0.83629570
335760,0.83629570
335820,0.83629570
335880,0.83629570
335940,0.83629561
336000,0.83629561
336060,0.83629560
336120,0.83629560
336180,0.83629560
336240,0.83629560
336300,0.83629560
336360,0.83629560
336420,0.83629560
336480,0.83629560
336540,0.83629560
336600,0.83629560
336660,0.83629558
336720,0.83629558
336780,0.83629555
336840,0.83629555
336900,0.83629553
336960,0.83629553
337020,0.83629553
337080,0.83629553
337140,0.83629553
337200,0.83629553
337260,0.83629553
337320,0.83629553
337380,0.83629553
337440,0.83629553
337500,0.83629553
337560,0.83629553
337620,0.83629553
337680,0.83629552
337740,0.83629552
337800,0.83629552
337860,0.83629552
337920,0.83629552
337980,0.83629552
338040,0.83629552
338100,0.83629552
338160,0.83629552
338220,0.83629552
338280,0.83629552
338340,0.83629552
338400,0.83629552
338460,0.83629552
338520,0.83629552
338580,0.83629552
338640,0.83629552
338700,0.83629552
338760,0.83629552
338820,0.83629552
338880,0.83629552
338940,0.83629552
339000,0.83629552
339060,0.83629552
339120,0.83629552
339180,0.83629552
339240,0.83629552
339300,0.83629552
339360,0.83629552
339420,0.83629552
339480,0.83629552
339540,0.83629552
339600,0.83629552
339660,0.83629552
339720,0.83629552
339780,0.83629552
339840,0.83629544
339900,0.83629544
339960,0.83629544
340020,0.83629544
340080,0.83629544
340140,0.83629544
340200,0.83629544
340260,0.83629544
340320,0.83629544
340380,0.83629544
340440,0.83629544
340500,0.83629544
340560,0.83629544
340620,0.83629544
340680,0.83629544
340740,0.83629544
340800,0.83629544
340860,0.83629544
340920,0.83629544
340980,0.83629540
341040,0.83629540
341100,0.83629540
341160,0.83629540
341220,0.83629540
341280,0.83629540
341340,0.83629540
341400,0.83629540
341460,0.83629540
341520,0.83629540
341580,0.83629540
341640,0.83629540
341700,0.83629540
341760,0.83629540
341820,0.83629540
341880,0.83629540
341940,0.83629540
342000,0.83629540
342060,0.83629540
342120,0.83629540
342180,0.83629540
342240,0.83629540
342300,0.83629540
342360,0.83629540
342420,0.83629540
342480,0.83629540
342540,0.83629540
342600,0.83629540
342660,0.83629540
342720,0.83629540
342780,0.83629540
342840,0.83629540
342900,0.83629540
342960,0.83629540
343020,0.83629540
343080,0.83629540
343140,0.83629540
343200,0.83629540
343260,0.83629540
343320,0.83629540
343380,0.83629540
343440,0.83629540
343500,0.83629540
343560,0.83629540
343620,0.83629540
343680,0.83629540
343740,0.83629538
343800,0.83629538
343860,0.83629538
343920,0.83629538
343980,0.83629538
344040,0.83629538
344100,0.83629538
344160,0.83629538
344220,0.83629538
344280,0.83629538
344340,0.83629538
344400,0.83629328
344460,0.83629314
344520,0.83629314
344580,0.83629314
344640,0.83629314
344700,0.83629314
344760,0.83629314
344820,0.83629314
344880,0.83629314
344940,0.83629104
345000,0.83629104
345060,0.83629104
345120,0.83629104
345180,0.83629104
345240,0.83629104
345300,0.83629104
345360,0.83629104
345420,0.83629104
345480,0.83629104
345540,0.83629104
345600,0.83629104
345660,0.83629104
345720,0.83629104
345780,0.83629104
345840,0.83629104
345900,0.83629104
345960,0.83629104
346020,0.83629104
346080,0.83629104
346140,0.83629104
346200,0.83629104
346260,0.83629104
346320,0.83629104
346380,0.83629104
346440,0.83629104
346500,0.83629104
346560,0.83629104
346620,0.83629104
346680,0.83629104
346740,0.83629103
346800,0.83629103
346860,0.83629103
346920,0.83629103
346980,0.83629103
347040,0.83629101
347100,0.83629101
347160,0.83629101
347220,0.83629101
347280,0.83629101
347340,0.83629101
347400,0.83629101
347460,0.83629100
347520,0.83629100
347580,0.83629100
347640,0.83629100
347700,0.83628577
347760,0.83628577
347820,0.83628577
347880,0.83628271
347940,0.83628223
348000,0.83628176
348060,0.83628176
348120,0.83628175
348180,0.83628175
348240,0.83628175
348300,0.83628175
348360,0.83628175
348420,0.83628175
348480,0.83628144
348540,0.83627930
348600,0.83627572
348660,0.83627288
348720,0.83627057
348780,0.83627057
348840,0.83627057
348900,0.83627057
348960,0.83627057
349020,0.83627057
349080,0.83627057
349140,0.83627057
349200,0.83627057
349260,0.83627057
349320,0.83627057
349380,0.83627057
349440,0.83627057
349500,0.83627057
349560,0.83627057
349620,0.83627057
349680,0.83627057
349740,0.83627057
349800,0.83627057
349860,0.83627057
349920,0.83627057
349980,0.83627057
350040,0.83627056
350100,0.83627056
350160,0.83627056
350220,0.83627056
350280,0.83627056
350340,0.83627056
350400,0.83627056
350460,0.83627056
350520,0.83627056
350580,0.83627050
350640,0.83627047
350700,0.83627044
350760,0.83627044
350820,0.83627044
350880,0.83627044
350940,0.83627044
351000,0.83627044
351060,0.83627044
351120,0.83626876
351180,0.83626876
351240,0.83626876
351300,0.83626876
351360,0.83626876
351420,0.83626876
351480,0.83626876
351540,0.83626876
351600,0.83626876
351660,0.83626592
351720,0.83626355
351780,0.83626355
351840,0.83626355
351900,0.83626182
351960,0.83626182
352020,0.83626182
352080,0.83626182
352140,0.83626146
352200,0.83626145
352260,0.83626145
352320,0.83626145
352380,0.83626145
352440,0.83626145
352500,0.83626145
352560,0.83626145
352620,0.83626145
352680,0.83626145
352740,0.83626145
352800,0.83626145
352860,0.83626145
352920,0.83626145
352980,0.83626145
353040,0.83626145
353100,0.83626145
353160,0.83626145
353220,0.83626145
353280,0.83626145
353340,0.83626145
353400,0.83626145
353460,0.83626145
353520,0.83626145
353580,0.83626145
353640,0.83626145
353700,0.83626145
353760,0.83626145
353820,0.83626145
353880,0.83626145
353940,0.83626145
354000,0.83626145
354060,0.83626145
354120,0.83626145
354180,0.83626145
354240,0.83626145
354300,0.83626145
354360,0.83626145
354420,0.83626145
354480,0.83626145
354540,0.83626145
354600,0.83626145
354660,0.83626145
354720,0.83626145
354780,0.83626145
354840,0.83626145
354900,0.83626145
354960,0.83626145
355020,0.83626145
355080,0.83626145
355140,0.83626145
355200,0.83626145
355260,0.83626145
355320,0.83626145
355380,0.83626145
355440,0.83626145
355500,0.83626145
355560,0.83626145
355620,0.83626145
355680,0.83626145
355740,0.83626145
355800,0.83626145
355860,0.83626145
355920,0.83626145
355980,0.83626145
356040,0.83626145
356100,0.83626145
356160,0.83626145
356220,0.83626145
356280,0.83626145
356340,0.83626145
356400,0.83626145
356460,0.83626145
356520,0.83626145
356580,0.83626145
356640,0.83626145
356700,0.83626145
356760,0.83626145
356820,0.83626145
356880,0.83626145
356940,0.83626145
357000,0.83626145
357060,0.83626145
357120,0.83626145
357180,0.83626145
357240,0.83626145
357300,0.83626145
357360,0.83626145
357420,0.83626145
357480,0.83626145
357540,0.83626145
357600,0.83626145
357660,0.83626145
357720,0.83626145
357780,0.83626145
357840,0.83626145
357900,0.83626145
357960,0.83626145
358020,0.83626145
358080,0.83626145
358140,0.83626145
358200,0.83626144
358260,0.83626144
358320,0.83626144
358380,0.83626144
358440,0.83626144
358500,0.83626144
358560,0.83626144
358620,0.83626144
358680,0.83626144
358740,0.83626144
358800,0.83626144
358860,0.83626144
358920,0.83626144
358980,0.83626144
359040,0.83626144
359100,0.83626144
359160,0.83626144
359220,0.83626144
359280,0.83626144
359340,0.83626144
359400,0.83626144
359460,0.83626144
359520,0.83626144
359580,0.83626144
359640,0.83626144
359700,0.83626144
359760,0.83626144
359820,0.83626144
359880,0.83626144
359940,0.83626144
360000,0.83626144
360060,0.83626144
360120,0.83626144
360180,0.83626144
360240,0.83626144
360300,0.83626144
360360,0.83626144
360420,0.83626144
360480,0.83626144
360540,0.83626144
360600,0.83626144
360660,0.83626144
360720,0.83626144
360780,0.83626144
360840,0.83626144
360900,0.83625960
360960,0.83625960
361020,0.83625960
361080,0.83625960
361140,0.83625960
361200,0.83625960
361260,0.83625960
361320,0.83625960
361380,0.83625960
361440,0.83625960
361500,0.83625960
361560,0.83625960
361620,0.83625960
361680,0.83625960
361740,0.83625960
361800,0.83625960
361860,0.83625960
361920,0.83625960
361980,0.83625960
362040,0.83625960
362100,0.83625960
362160,0.83625960
362220,0.83625960
362280,0.83625901
362340,0.83625901
362400,0.83625901
362460,0.83625901
362520,0.83625901
362580,0.83625901
362640,0.83625901
362700,0.83625901
362760,0.83625901
362820,0.83625901
362880,0.83625901
362940,0.83625901
363000,0.83625901
363060,0.83625901
363120,0.83625901
363180,0.83625901
363240,0.83625901
363300,0.83625901
363360,0.83625901
363420,0.83625901
363480,0.83625901
363540,0.83625901
363600,0.83625901
363660,0.83625901
363720,0.83625901
363780,0.83625901
363840,0.83625901
363900,0.83625901
363960,0.83625901
364020,0.83625901
364080,0.83625901
364140,0.83625901
364200,0.83625901
364260,0.83625901
364320,0.83625901
364380,0.83625901
364440,0.83625901
364500,0.83625901
364560,0.83625901
364620,0.83625901
364680,0.83615108
364740,0.83615108
364800,0.83615108
364860,0.83615108
364920,0.83615108
364980,0.83615108
365040,0.83615108
365100,0.83615108
365160,0.83615108
365220,0.83615108
365280,0.83615108
365340,0.83615108
365400,0.83615108
365460,0.83615108
365520,0.83615108
365580,0.83615108
365640,0.83615108
365700,0.83615108
365760,0.83615108
365820,0.83615108
365880,0.83615108
365940,0.83615108
366000,0.83615108
366060,0.83615108
366120,0.83615108
366180,0.83615108
366240,0.83615108
366300,0.83615108
366360,0.83615108
366420,0.83615108
366480,0.83615108
366540,0.83615041
366600,0.83615041
366660,0.83615041
366720,0.83615041
366780,0.83615041
366840,0.83615041
366900,0.83615041
366960,0.83615041
367020,0.83615041
367080,0.83615041
367140,0.83615041
367200,0.83615041
367260,0.83615041
367320,0.83615041
367380,0.83615041
367440,0.83615041
367500,0.83615041
367560,0.83615041
367620,0.83615041
367680,0.83615041
367740,0.83615041
367800,0.83615041
367860,0.83615041
367920,0.83615041
367980,0.83614833
368040,0.83614833
368100,0.83614833
368160,0.83614833
368220,0.83614833
368280,0.83614833
368340,0.83614833
368400,0.83614833
368460,0.83614833
368520,0.83614833
368580,0.83614833
368640,0.83614833
368700,0.83614833
368760,0.83614833
368820,0.83614833
368880,0.83614833
368940,0.83614833
369000,0.83614833
369060,0.83614833
369120,0.83614833
369180,0.83614833
369240,0.83614833
369300,0.83614833
369360,0.83614833
369420,0.83614833
369480,0.83614833
369540,0.83614833
369600,0.83614833
369660,0.83614833
369720,0.83614833
369780,0.83614833
369840,0.83614833
369900,0.83614833
369960,0.83614833
370020,0.83614833
370080,0.83614833
370140,0.83614833
370200,0.83614833
370260,0.83614833
370320,0.83614833
370380,0.83614833
370440,0.83614833
370500,0.83614833
370560,0.83614833
370620,0.83614833
370680,0.83614833
370740,0.83614833
370800,0.83614833
370860,0.83614833
370920,0.83614833
370980,0.83614833
371040,0.83614833
371100,0.83614833
371160,0.83614833
371220,0.83614833
371280,0.83614833
371340,0.83614833
371400,0.83614833
371460,0.83614833
371520,0.83614833
371580,0.83614833
371640,0.83614833
371700,0.83614833
371760,0.83614833
371820,0.83614833
371880,0.83614833
371940,0.83614833
372000,0.83614833
372060,0.83614833
372120,0.83614833
372180,0.83614770
372240,0.83614770
372300,0.83614770
372360,0.83614707
372420,0.83614522
372480,0.83614522
372540,0.83614522
372600,0.83614522
372660,0.83614522
372720,0.83614522
372780,0.83614522
372840,0.83614522
372900,0.83614522
372960,0.83614522
373020,0.83614522
373080,0.83614522
373140,0.83614522
373200,0.83614522
373260,0.83614522
373320,0.83614522
373380,0.83614522
373440,0.83614522
373500,0.83614522
373560,0.83614522
373620,0.83614522
373680,0.83614522
373740,0.83614522
373800,0.83614522
373860,0.83614522
373920,0.83614522
373980,0.83614522
374040,0.83614522
374100,0.83614522
374160,0.83614522
374220,0.83614522
374280,0.83614522
374340,0.83614522
374400,0.83614522
374460,0.83614522
374520,0.83614522
374580,0.83614522
374640,0.83614522
374700,0.83614522
374760,0.83614522
374820,0.83614522
374880,0.83614522
374940,0.83614522
375000,0.83614522
375060,0.83614522
375120,0.83614522
375180,0.83614522
375240,0.83614522
375300,0.83614522
375360,0.83614522
375420,0.83614522
375480,0.83614522
375540,0.83614522
375600,0.83614522
375660,0.83614522
375720,0.83614522
375780,0.83614522
375840,0.83614522
375900,0.83614522
375960,0.83614522
376020,0.83614522
376080,0.83614522
376140,0.83614522
376200,0.83614522
376260,0.83614522
376320,0.83614522
376380,0.83614522
376440,0.83614522
376500,0.83614522
376560,0.83614522
376620,0.83614522
376680,0.83614522
376740,0.83614522
376800,0.83614522
376860,0.83614522
376920,0.83614522
376980,0.83614522
377040,0.83614507
377100,0.83614507
377160,0.83614496
377220,0.83614496
377280,0.83614481
377340,0.83614481
377400,0.83614481
377460,0.83614481
377520,0.83614481
377580,0.83614481
377640,0.83614481
377700,0.83614481
377760,0.83614481
377820,0.83614481
377880,0.83614481
377940,0.83614481
378000,0.83614481
378060,0.83614481
378120,0.83614481
378180,0.83614481
378240,0.83614481
378300,0.83614481
378360,0.83614481
378420,0.83614481
378480,0.83614481
378540,0.83614481
378600,0.83614481
378660,0.83614481
378720,0.83614481
378780,0.83614481
378840,0.83614296
378900,0.83614296
378960,0.83614296
379020,0.83614296
379080,0.83614296
379140,0.83614296
379200,0.83614296
379260,0.83614296
379320,0.83614296
379380,0.83614296
379440,0.83614296
379500,0.83614296
379560,0.83614296
379620,0.83614296
379680,0.83614296
379740,0.83614296
379800,0.83614296
379860,0.83614296
379920,0.83614296
379980,0.83614296
380040,0.83614296
380100,0.83614296
380160,0.83614296
380220,0.83614296
380280,0.83614296
380340,0.83614296
380400,0.83614296
380460,0.83614296
380520,0.83614296
380580,0.83614296
380640,0.83614296
380700,0.83614296
380760,0.83614296
380820,0.83614296
380880,0.83614296
380940,0.83614296
381000,0.83614296
381060,0.83614296
381120,0.83614296
381180,0.83614296
381240,0.83614296
381300,0.83614296
381360,0.83614296
381420,0.83614296
381480,0.83614296
381540,0.83614296
381600,0.83614296
381660,0.83614296
381720,0.83614296
381780,0.83614296
381840,0.83614296
381900,0.83614296
381960,0.83614296
382020,0.83614296
382080,0.83614296
382140,0.83614296
382200,0.83614296
382260,0.83614296
382320,0.83614296
382380,0.83614296
382440,0.83614296
382500,0.83614296
382560,0.83614296
382620,0.83614296
382680,0.83614296
382740,0.83614117
382800,0.83614117
382860,0.83614117
382920,0.83614117
382980,0.83614117
383040,0.83614117
383100,0.83614117
383160,0.83614117
383220,0.83614117
383280,0.83614117
383340,0.83614117
383400,0.83614117
383460,0.83614117
383520,0.83614117
383580,0.83614117
383640,0.83614117
383700,0.83614117
383760,0.83614117
383820,0.83614117
383880,0.83614117
383940,0.83614117
384000,0.83614117
384060,0.83614117
384120,0.83614117
384180,0.83614117
384240,0.83614117
384300,0.83614117
384360,0.83614117
384420,0.83614117
384480,0.83614117
384540,0.83614117
384600,0.83614116
384660,0.83614116
384720,0.83614116
384780,0.83614116
384840,0.83614116
384900,0.83614116
384960,0.83614116
385020,0.83614116
385080,0.83614116
385140,0.83614116
385200,0.83614116
385260,0.83614116
385320,0.83614116
385380,0.83614116
385440,0.83614116
385500,0.83614116
385560,0.83614116
385620,0.83614116
385680,0.83614116
385740,0.83614116
385800,0.83614116
385860,0.83614116
385920,0.83614116
385980,0.83614116
386040,0.83614116
386100,0.83614116
386160,0.83614116
386220,0.83614116
386280,0.83614116
386340,0.83614116
386400,0.83614116
386460,0.83614116
386520,0.83614116
386580,0.83614116
386640,0.83614116
386700,0.83614116
386760,0.83614116
386820,0.83614116
386880,0.83614116
386940,0.83614116
387000,0.83614116
387060,0.83614116
387120,0.83614116
387180,0.83614116
387240,0.83614116
387300,0.83614116
387360,0.83614116
387420,0.83614116
387480,0.83614116
387540,0.83614116
387600,0.83614116
387660,0.83614116
387720,0.83614116
387780,0.83614116
387840,0.83614116
387900,0.83614116
387960,0.83614116
388020,0.83614116
388080,0.83614116
388140,0.83614116
388200,0.83614116
388260,0.83614116
388320,0.83614116
388380,0.83614116
388440,0.83614116
388500,0.83614116
388560,0.83614116
388620,0.83614116
388680,0.83614116
388740,0.83614116
388800,0.83614116
388860,0.83614116
388920,0.83614116
388980,0.83614116
389040,0.83614116
389100,0.83614116
389160,0.83614116
389220,0.83614116
389280,0.83614116
389340,0.83614116
389400,0.83614116
389460,0.83614116
389520,0.83614116
389580,0.83614116
389640,0.83614116
389700,0.83614116
389760,0.83614116
389820,0.83614116
389880,0.83614116
389940,0.83614116
390000,0.83614116
390060,0.83614116
390120,0.83614116
390180,0.83614116
390240,0.83614116
390300,0.83614116
390360,0.83614116
390420,0.83614116
390480,0.83614116
390540,0.83614116
390600,0.83614116
390660,0.83614116
390720,0.83614116
390780,0.83614116
390840,0.83614116
390900,0.83614116
390960,0.83614116
391020,0.83614116
391080,0.83614116
391140,0.83614116
391200,0.83614116
391260,0.83614116
391320,0.83614116
391380,0.83614116
391440,0.83614116
391500,0.83614116
391560,0.83614116
391620,0.83614116
391680,0.83614116
391740,0.83614116
391800,0.83614116
391860,0.83614116
391920,0.83614116
391980,0.83614116
392040,0.83614116
392100,0.83614116
392160,0.83614116
392220,0.83614116
392280,0.83614116
392340,0.83614116
392400,0.83614116
392460,0.83614116
392520,0.83614116
392580,0.83614116
392640,0.83614116
392700,0.83614116
392760,0.83614116
392820,0.83614116
392880,0.83614116
392940,0.83614116
393000,0.83614116
393060,0.83614116
393120,0.83614116
393180,0.83614116
393240,0.83614116
393300,0.83614116
393360,0.83614116
393420,0.83614116
393480,0.83614116
393540,0.83614116
393600,0.83614116
393660,0.83614116
393720,0.83614116
393780,0.83614116
393840,0.83614116
393900,0.83614116
393960,0.83614116
394020,0.83614116
394080,0.83614116
394140,0.83614116
394200,0.83614116
394260,0.83614116
394320,0.83614116
394380,0.83614116
394440,0.83614116
394500,0.83614116
394560,0.83614116
394620,0.83614116
394680,0.83614116
394740,0.83614116
394800,0.83614116
394860,0.83614114
394920,0.83614114
394980,0.83614114
395040,0.83614114
395100,0.83614114
395160,0.83614114
395220,0.83614114
395280,0.83614114
395340,0.83614114
395400,0.83614114
395460,0.83614114
395520,0.83614114
395580,0.83614114
395640,0.83614114
395700,0.83614114
395760,0.83614114
395820,0.83614114
395880,0.83614114
395940,0.83614114
396000,0.83614114
396060,0.83614114
396120,0.83614114
396180,0.83614114
396240,0.83614114
396300,0.83614114
396360,0.83614114
396420,0.83614114
396480,0.83614114
396540,0.83614114
396600,0.83614114
396660,0.83614114
396720,0.83614114
396780,0.83614114
396840,0.83614114
396900,0.83614114
396960,0.83614114
397020,0.83614114
397080,0.83614114
397140,0.83614114
397200,0.83614114
397260,0.83614114
397320,0.83614114
397380,0.83614114
397440,0.83614114
397500,0.83614114
397560,0.83614114
397620,0.83614114
397680,0.83614114
397740,0.83614055
397800,0.83614055
397860,0.83614055
397920,0.83614055
397980,0.83614055
398040,0.83614055
398100,0.83614055
398160,0.83614055
398220,0.83614055
398280,0.83614055
398340,0.83614055
398400,0.83614055
398460,0.83614055
398520,0.83614055
398580,0.83614055
398640,0.83614055
398700,0.83614055
398760,0.83614055
398820,0.83614055
398880,0.83614055
398940,0.83614055
399000,0.83614055
399060,0.83614055
399120,0.83614055
399180,0.83614055
399240,0.83614055
399300,0.83614055
399360,0.83614055
399420,0.83614055
399480,0.83614055
399540,0.83614055
399600,0.83614055
399660,0.83614055
399720,0.83614055
399780,0.83614055
399840,0.83614055
399900,0.83614055
399960,0.83614055
400020,0.83614055
400080,0.83614055
400140,0.83614055
400200,0.83614055
400260,0.83614055
400320,0.83614055
400380,0.83614055
400440,0.83614054
400500,0.83614054
400560,0.83614054
400620,0.83614054
400680,0.83614054
400740,0.83614054
400800,0.83614054
400860,0.83614054
400920,0.83614054
400980,0.83614054
401040,0.83614054
401100,0.83614054
401160,0.83614054
401220,0.83614054
401280,0.83614054
401340,0.83614054
401400,0.83614054
401460,0.83614054
401520,0.83614054
401580,0.83614054
401640,0.83614054
401700,0.83614054
401760,0.83614054
401820,0.83614054
401880,0.83614054
401940,0.83614054
402000,0.83613880
402060,0.83613880
402120,0.83613880
402180,0.83613880
402240,0.83613880
402300,0.83613880
402360,0.83613670
402420,0.83613670
402480,0.83613670
402540,0.83613670
402600,0.83613670
402660,0.83613670
402720,0.83613670
402780,0.83613449
402840,0.83613449
402900,0.83613449
402960,0.83613449
403020,0.83613449
403080,0.83613449
403140,0.83613449
403200,0.83613449
403260,0.83613449
403320,0.83613449
403380,0.83613449
403440,0.83613449
403500,0.83613449
403560,0.83613449
403620,0.83613449
403680,0.83613449
403740,0.83613449
403800,0.83613449
403860,0.83613449
403920,0.83613449
403980,0.83613449
404040,0.83613449
404100,0.83613449
404160,0.83613227
404220,0.83613227
404280,0.83613127
404340,0.83613005
404400,0.83613005
404460,0.83613005
404520,0.83613005
404580,0.83613005
404640,0.83613005
404700,0.83613005
404760,0.83612783
404820,0.83612783
404880,0.83612783
404940,0.83612783
405000,0.83612560
405060,0.83612560
405120,0.83612560
405180,0.83612560
405240,0.83612560
405300,0.83612560
405360,0.83612560
405420,0.83612560
405480,0.83612560
405540,0.83612560
405600,0.83612560
405660,0.83612560
405720,0.83612560
405780,0.83612560
405840,0.83612560
405900,0.83612560
405960,0.83612560
406020,0.83612560
406080,0.83612560
406140,0.83612560
406200,0.83612350
406260,0.83612350
406320,0.83612350
406380,0.83612350
406440,0.83612139
406500,0.83612139
406560,0.83612072
406620,0.83612072
406680,0.83612072
406740,0.83612072
406800,0.83612072
406860,0.83612072
406920,0.83612072
406980,0.83612072
407040,0.83612072
407100,0.83612072
407160,0.83611861
407220,0.83611861
407280,0.83611861
407340,0.83611861
407400,0.83611861
407460,0.83611861
407520,0.83611861
407580,0.83611861
407640,0.83611861
407700,0.83611861
407760,0.83611861
407820,0.83611861
407880,0.83611861
407940,0.83611861
408000,0.83611861
408060,0.83611861
408120,0.83611861
408180,0.83611650
408240,0.83611650
408300,0.83611650
408360,0.83611650
408420,0.83611650
408480,0.83611650
408540,0.83611650
408600,0.83611650
408660,0.83611650
408720,0.83611650
408780,0.83611650
408840,0.83611650
408900,0.83611650
408960,0.83611650
409020,0.83611650
409080,0.83611650
409140,0.83611650
409200,0.83611650
409260,0.83611650
409320,0.83611650
409380,0.83611650
409440,0.83611650
409500,0.83611650
409560,0.83611650
409620,0.83611650
409680,0.83611650
409740,0.83611650
409800,0.83611650
409860,0.83611650
409920,0.83611650
409980,0.83611650
410040,0.83611650
410100,0.83611650
410160,0.83611650
410220,0.83611650
410280,0.83611650
410340,0.83611650
410400,0.83611650
410460,0.83611650
410520,0.83611650
410580,0.83611650
410640,0.83611650
410700,0.83611643
410760,0.83611583
410820,0.83611582
410880,0.83611582
410940,0.83611582
411000,0.83611582
411060,0.83611582
411120,0.83611582
411180,0.83611582
411240,0.83611406
411300,0.83611406
411360,0.83611406
411420,0.83611406
411480,0.83611406
411540,0.83611405
411600,0.83611405
411660,0.83611405
411720,0.83611405
411780,0.83611405
411840,0.83611405
411900,0.83611405
411960,0.83611405
412020,0.83611405
412080,0.83611405
412140,0.83611405
412200,0.83611405
412260,0.83611405
412320,0.83611405
412380,0.83611403
412440,0.83611403
412500,0.83611226
412560,0.83611226
412620,0.83611226
412680,0.83611226
412740,0.83611226
412800,0.83611226
412860,0.83611226
412920,0.83611226
412980,0.83611226
413040,0.83611226
413100,0.83611166
413160,0.83611166
413220,0.83611166
413280,0.83611166
413340,0.83611166
413400,0.83611166
413460,0.83611166
413520,0.83611166
413580,0.83611166
413640,0.83611166
413700,0.83611166
413760,0.83611166
413820,0.83610813
413880,0.83610813
413940,0.83610813
414000,0.83610813
414060,0.83610753
414120,0.83610753
414180,0.83610753
414240,0.83610753
414300,0.83610753
414360,0.83610753
414420,0.83610753
414480,0.83610753
414540,0.83610753
414600,0.83610753
414660,0.83610753
414720,0.83610753
414780,0.83610753
414840,0.83610753
414900,0.83610753
414960,0.83610753
415020,0.83610753
415080,0.83610753
415140,0.83610753
415200,0.83610753
415260,0.83610753
415320,0.83610753
415380,0.83610753
415440,0.83610753
415500,0.83610753
415560,0.83610753
415620,0.83610753
415680,0.83610692
415740,0.83610692
415800,0.83610692
415860,0.83610692
415920,0.83610692
415980,0.83610692
416040,0.83610692
416100,0.83610692
416160,0.83610692
416220,0.83610692
416280,0.83610692
416340,0.83610692
416400,0.83610692
416460,0.83610692
416520,0.83610692
416580,0.83610692
416640,0.83610692
416700,0.83610692
416760,0.83610692
416820,0.83610692
416880,0.83610692
416940,0.83610692
417000,0.83610692
417060,0.83610692
417120,0.83610692
417180,0.83610692
417240,0.83610692
417300,0.83610692
417360,0.83610692
417420,0.83610692
417480,0.83610692
417540,0.83610692
417600,0.83610692
417660,0.83610692
417720,0.83610692
417780,0.83610692
417840,0.83610692
417900,0.83610692
417960,0.83610692
418020,0.83610692
418080,0.83610692
418140,0.83610692
418200,0.83610692
418260,0.83610692
418320,0.83610692
418380,0.83610692
418440,0.83610692
418500,0.83610692
418560,0.83610691
418620,0.83610691
418680,0.83610691
418740,0.83610691
418800,0.83610691
418860,0.83610691
418920,0.83610691
418980,0.83610691
419040,0.83610691
419100,0.83610691
419160,0.83610691
419220,0.83610691
419280,0.83610691
419340,0.83610691
419400,0.83610691
419460,0.83610691
419520,0.83610691
419580,0.83610691
419640,0.83610691
419700,0.83610691
419760,0.83610691
419820,0.83610691
419880,0.83610691
419940,0.83610691
420000,0.83610691
420060,0.83610691
420120,0.83610691
420180,0.83610691
420240,0.83610691
420300,0.83610691
420360,0.83610691
420420,0.83610691
420480,0.83610691
420540,0.83610691
420600,0.83610691
420660,0.83610691
420720,0.83610690
420780,0.83610690
420840,0.83610690
420900,0.83610690
420960,0.83610690
421020,0.83610690
421080,0.83610690
421140,0.83610690
421200,0.83610690
421260,0.83610690
421320,0.83610690
421380,0.83610690
421440,0.83610690
421500,0.83610690
421560,0.83610690
421620,0.83610690
421680,0.83610690
421740,0.83610690
421800,0.83610690
421860,0.83610690
421920,0.83610690
421980,0.83610690
422040,0.83610690
422100,0.83610690
422160,0.83610690
422220,0.83610690
422280,0.83610690
422340,0.83610690
422400,0.83610690
422460,0.83610690
422520,0.83610690
422580,0.83610690
422640,0.83610690
422700,0.83610690
422760,0.83610690
422820,0.83610690
422880,0.83610690
422940,0.83610690
423000,0.83610690
423060,0.83610690
423120,0.83610690
423180,0.83610690
423240,0.83610690
423300,0.83610690
423360,0.83610690
423420,0.83610690
423480,0.83610687
423540,0.83610687
423600,0.83610687
423660,0.83610687
423720,0.83610687
423780,0.83610687
423840,0.83610687
423900,0.83610687
423960,0.83610687
424020,0.83610687
424080,0.83610687
424140,0.83610687
424200,0.83610687
424260,0.83610687
424320,0.83610687
424380,0.83610687
424440,0.83610687
424500,0.83610687
424560,0.83610687
424620,0.83610687
424680,0.83610687
424740,0.83610687
424800,0.83610687
424860,0.83610687
424920,0.83610687
424980,0.83610687
425040,0.83610687
425100,0.83610687
425160,0.83610687
425220,0.83610686
425280,0.83610686
425340,0.83610686
425400,0.83610686
425460,0.83610686
425520,0.83610686
425580,0.83610686
425640,0.83610686
425700,0.83610685
425760,0.83610685
425820,0.83610685
425880,0.83610685
425940,0.83610685
426000,0.83610685
426060,0.83610685
426120,0.83610685
426180,0.83610685
426240,0.83610685
426300,0.83610685
426360,0.83610685
426420,0.83610685
426480,0.83610685
426540,0.83610685
426600,0.83610685
426660,0.83610685
426720,0.83610685
426780,0.83610685
426840,0.83610685
426900,0.83610685
426960,0.83610685
427020,0.83610685
427080,0.83610685
427140,0.83610685
427200,0.83610685
427260,0.83610685
427320,0.83610685
427380,0.83610685
427440,0.83610685
427500,0.83610685
427560,0.83610685
427620,0.83610685
427680,0.83610685
427740,0.83610685
427800,0.83610685
427860,0.83610685
427920,0.83610685
427980,0.83610685
428040,0.83610685
428100,0.83610685
428160,0.83610685
428220,0.83610685
428280,0.83610685
428340,0.83610685
428400,0.83610685
428460,0.83610685
428520,0.83610685
428580,0.83610685
428640,0.83610685
428700,0.83610685
428760,0.83610685
428820,0.83610685
428880,0.83610685
428940,0.83610685
429000,0.83610685
429060,0.83610685
429120,0.83610685
429180,0.83610685
429240,0.83610685
429300,0.83610685
429360,0.83610685
429420,0.83610685
429480,0.83589324
429540,0.83589324
429600,0.83589324
429660,0.83589324
429720,0.83589324
429780,0.83589324
429840,0.83589324
429900,0.83589324
429960,0.83589324
430020,0.83589324
430080,0.83589324
430140,0.83589324
430200,0.83589324
430260,0.83589291
430320,0.83589291
430380,0.83589291
430440,0.83589291
430500,0.83589291
430560,0.83589291
430620,0.83589290
430680,0.83589290
430740,0.83589290
430800,0.83589290
430860,0.83589290
430920,0.83589290
430980,0.83589290
431040,0.83589290
431100,0.83589290
431160,0.83589290
431220,0.83589290
431280,0.83589290
431340,0.83589290
431400,0.83552482
431460,0.83552482
431520,0.83466884
431580,0.83466884
431640,0.83421639
431700,0.83421639
431760,0.83312030
431820,0.83312030
431880,0.83261619
431940,0.83218712
432000,0.83218712
432060,0.83153481
432120,0.83153481
432180,0.83066656
432240,0.83066656
432300,0.83066656
432360,0.83066656
432420,0.82966703
432480,0.82966703
432540,0.82906630
432600,0.82906630
432660,0.82906630
432720,0.82807005
432780,0.82807005
432840,0.82744345
432900,0.82681242
432960,0.82681242
433020,0.82681242
433080,0.82591916
433140,0.82559904
433200,0.82559904
433260,0.82463753
433320,0.82463753
433380,0.82463753
433440,0.82463753
433500,0.82463705
433560,0.82463705
433620,0.82463705
433680,0.82463653
433740,0.82463653
433800,0.82463636
433860,0.82463619
433920,0.82463619
433980,0.82463619
434040,0.82463619
434100,0.82463619
434160,0.82463619
434220,0.82463515
434280,0.82463515
434340,0.82463497
434400,0.82463480
434460,0.82463480
434520,0.82463446
434580,0.82463446
434640,0.82463446
434700,0.82463446
434760,0.82463446
434820,0.82463446
434880,0.82463446
434940,0.82463411
435000,0.82463342
435060,0.82463342
435120,0.82463324
435180,0.82463307
435240,0.82463290
435300,0.82463273
435360,0.82463273
435420,0.82463273
435480,0.82463273
435540,0.82463273
435600,0.82463273
435660,0.82463169
435720,0.82463169
435780,0.82463151
435840,0.82463151
435900,0.82463134
435960,0.82463134
436020,0.82463134
436080,0.82462765
436140,0.82462748
436200,0.82462731
436260,0.82462731
436320,0.82462731
436380,0.82462731
436440,0.82462731
436500,0.82462731
436560,0.82462731
436620,0.82462731
436680,0.82462731
436740,0.82462731
436800,0.82462731
436860,0.82462731
436920,0.82462731
436980,0.82462731
437040,0.82462731
437100,0.82462731
437160,0.82462731
437220,0.82462731
437280,0.82462731
437340,0.82462731
437400,0.82462731
437460,0.82462731
437520,0.82462731
437580,0.82462731
437640,0.82462731
437700,0.82462731
437760,0.82462731
437820,0.82462731
437880,0.82462731
437940,0.82462731
438000,0.82462731
438060,0.82457251
438120,0.82457251
438180,0.82457251
438240,0.82457251
438300,0.82457251
438360,0.82457251
438420,0.82457251
438480,0.82457251
438540,0.82457251
438600,0.82457251
438660,0.82457251
438720,0.82457251
438780,0.82457251
438840,0.82457251
438900,0.82457251
438960,0.82457251
439020,0.82457251
439080,0.82457251
439140,0.82457251
439200,0.82456908
439260,0.82456908
439320,0.82456908
439380,0.82456908
439440,0.82456908
439500,0.82456908
439560,0.82456908
439620,0.82456908
439680,0.82456908
439740,0.82456908
439800,0.82456908
439860,0.82456908
439920,0.82456908
439980,0.82456908
440040,0.82456908
440100,0.82456908
440160,0.82456908
440220,0.82456908
440280,0.82456908
440340,0.82456908
440400,0.82456908
440460,0.82456908
440520,0.82456908
440580,0.82456893
440640,0.82456893
440700,0.82456893
440760,0.82456893
440820,0.82456893
440880,0.82456893
440940,0.82456893
441000,0.82456893
441060,0.82456893
441120,0.82456893
441180,0.82456893
441240,0.82456893
441300,0.82456893
441360,0.82456893
441420,0.82456893
441480,0.82456893
441540,0.82456893
441600,0.82456893
441660,0.82456893
441720,0.82456893
441780,0.82456893
441840,0.82456893
441900,0.82456893
441960,0.82456893
442020,0.82456893
442080,0.82456893
442140,0.82456893
442200,0.82456893
442260,0.82456893
442320,0.82456893
442380,0.82456893
442440,0.82456893
442500,0.82456893
442560,0.82456893
442620,0.82456893
442680,0.82456893
442740,0.82456893
442800,0.82456893
442860,0.82456893
442920,0.82456893
442980,0.82456893
443040,0.82456893
443100,0.82456893
443160,0.82456893
443220,0.82456893
443280,0.82456893
443340,0.82456893
443400,0.82456893
443460,0.82456893
443520,0.82456893
443580,0.82456893
443640,0.82456893
443700,0.82456893
443760,0.82456893
443820,0.82456893
443880,0.82456893
443940,0.82456893
444000,0.82456893
444060,0.82456893
444120,0.82456893
444180,0.82456893
444240,0.82456893
444300,0.82456893
444360,0.82456893
444420,0.82456893
444480,0.82456893
444540,0.82456893
444600,0.82456893
444660,0.82456893
444720,0.82456893
444780,0.82456893
444840,0.82456893
444900,0.82456893
444960,0.82456893
445020,0.82456893
445080,0.82456893
445140,0.82456893
445200,0.82456893
445260,0.82456893
445320,0.82456893
445380,0.82456893
445440,0.82456893
445500,0.82456893
445560,0.82456893
445620,0.82456893
445680,0.82456893
445740,0.82456893
445800,0.82456893
445860,0.82456893
445920,0.82456893
445980,0.82456893
446040,0.82456893
446100,0.82456893
446160,0.82456893
446220,0.82456893
446280,0.82456893
446340,0.82456893
446400,0.82456893
446460,0.82456893
446520,0.82456893
446580,0.82456893
446640,0.82456893
446700,0.82456893
446760,0.82456893
446820,0.82456893
446880,0.82456893
446940,0.82456893
447000,0.82456893
447060,0.82456893
447120,0.82456893
447180,0.82456893
447240,0.82456893
447300,0.82456893
447360,0.82456893
447420,0.82456893
447480,0.82456893
447540,0.82456893
447600,0.82456893
447660,0.82456893
447720,0.82456893
447780,0.82456893
447840,0.82456893
447900,0.82456893
447960,0.82456893
448020,0.82456893
448080,0.82456893
448140,0.82456893
448200,0.82456893
448260,0.82456893
448320,0.82456893
448380,0.82456893
448440,0.82456893
448500,0.82456893
448560,0.82456893
448620,0.82456893
448680,0.82456893
448740,0.82456893
448800,0.82456893
448860,0.82456893
448920,0.82456893
448980,0.82456893
449040,0.82456893
449100,0.82456893
449160,0.82456893
449220,0.82456893
449280,0.82456893
449340,0.82456893
449400,0.82456893
449460,0.82456893
449520,0.82456893
449580,0.82456893
449640,0.82456893
449700,0.82456893
449760,0.82456349
449820,0.82456349
449880,0.82456349
449940,0.82456349
450000,0.82456349
450060,0.82456349
450120,0.82456349
450180,0.82456349
450240,0.82456349
450300,0.82456349
450360,0.82456349
450420,0.82456349
450480,0.82456349
450540,0.82456349
450600,0.82456349
450660,0.82456349
450720,0.82456349
450780,0.82456349
450840,0.82456349
450900,0.82456349
450960,0.82456349
451020,0.82456349
451080,0.82456332
451140,0.82456298
451200,0.82456281
451260,0.82456281
451320,0.82456265
451380,0.82456265
451440,0.82456265
451500,0.82456264
451560,0.82456264
451620,0.82456264
451680,0.82456264
451740,0.82456264
451800,0.82456264
451860,0.82456264
451920,0.82456164
451980,0.82456164
452040,0.82456130
452100,0.82456113
452160,0.82456096
452220,0.82456096
452280,0.82456096
452340,0.82456096
452400,0.82456096
452460,0.82456096
452520,0.82456096
452580,0.82456096
452640,0.82456096
452700,0.82456096
452760,0.82456096
452820,0.82456096
452880,0.82456096
452940,0.82456096
453000,0.82456080
453060,0.82456080
453120,0.82456080
453180,0.82456080
453240,0.82456080
453300,0.82456080
453360,0.82456080
453420,0.82456080
453480,0.82456080
453540,0.82456080
453600,0.82456080
453660,0.82456080
453720,0.82456080
453780,0.82456080
453840,0.82456080
453900,0.82456080
453960,0.82456080
454020,0.82456080
454080,0.82456080
454140,0.82456080
454200,0.82456046
454260,0.82456029
454320,0.82456029
454380,0.82456013
454440,0.82455996
454500,0.82455996
454560,0.82455996
454620,0.82455996
454680,0.82455996
454740,0.82455996
454800,0.82455996
454860,0.82455996
454920,0.82455996
454980,0.82455895
455040,0.82455895
455100,0.82455895
455160,0.82455878
455220,0.82455878
455280,0.82455878
455340,0.82455861
455400,0.82455861
455460,0.82455844
455520,0.82455844
455580,0.82455844
455640,0.82455844
455700,0.82455828
455760,0.82455828
455820,0.82455828
455880,0.82455828
455940,0.82455828
456000,0.82455828
456060,0.82455828
456120,0.82455828
456180,0.82455828
456240,0.82455828
456300,0.82455828
456360,0.82455828
456420,0.82455828
456480,0.82455828
456540,0.82455828
456600,0.82455828
456660,0.82455828
456720,0.82455828
456780,0.82455828
456840,0.82455828
456900,0.82455828
456960,0.82455828
457020,0.82455828
457080,0.82455828
457140,0.82455828
457200,0.82455828
457260,0.82455828
457320,0.82455828
457380,0.82455828
457440,0.82455828
457500,0.82455828
457560,0.82455828
457620,0.82455828
457680,0.82455828
457740,0.82455828
457800,0.82455828
457860,0.82455828
457920,0.82455828
457980,0.82455828
458040,0.82455828
458100,0.82455828
458160,0.82455828
458220,0.82455828
458280,0.82455828
458340,0.82455828
458400,0.82455828
458460,0.82455828
458520,0.82455828
458580,0.82455828
458640,0.82455828
458700,0.82455828
458760,0.82455828
458820,0.82455828
458880,0.82455828
458940,0.82455828
459000,0.82455828
459060,0.82455828
459120,0.82455828
459180,0.82455828
459240,0.82455828
459300,0.82455828
459360,0.82455828
459420,0.82455828
459480,0.82455828
459540,0.82455828
459600,0.82455828
459660,0.82455828
459720,0.82455828
459780,0.82455828
459840,0.82455828
459900,0.82455828
459960,0.82455828
460020,0.82455828
460080,0.82455828
460140,0.82455828
460200,0.82455828
460260,0.82455828
460320,0.82455828
460380,0.82455828
460440,0.82455828
460500,0.82455828
460560,0.82455828
460620,0.82455828
460680,0.82455828
460740,0.82455828
460800,0.82455828
460860,0.82455828
460920,0.82455828
460980,0.82455828
461040,0.82455828
461100,0.82455828
461160,0.82455828
461220,0.82455828
461280,0.82455828
461340,0.82455828
461400,0.82455828
461460,0.82455828
461520,0.82455828
461580,0.82455828
461640,0.82455828
461700,0.82455828
461760,0.82455828
461820,0.82455828
461880,0.82455828
461940,0.82455828
462000,0.82455828
462060,0.82455828
462120,0.82455828
462180,0.82455828
462240,0.82455828
462300,0.82455828
462360,0.82455828
462420,0.82455828
462480,0.82455828
462540,0.82455828
462600,0.82455828
462660,0.82455828
462720,0.82455828
462780,0.82455828
462840,0.82455828
462900,0.82455828
462960,0.82455828
463020,0.82455828
463080,0.82455828
463140,0.82455828
463200,0.82455828
463260,0.82455828
463320,0.82455828
463380,0.82455828
463440,0.82455828
463500,0.82455828
463560,0.82455828
463620,0.82455828
463680,0.82455828
463740,0.82455828
463800,0.82455828
463860,0.82455828
463920,0.82455828
463980,0.82455828
464040,0.82455828
464100,0.82455828
464160,0.82455828
464220,0.82455828
464280,0.82455828
464340,0.82455828
464400,0.82455828
464460,0.82455828
464520,0.82455828
464580,0.82455828
464640,0.82455828
464700,0.82455828
464760,0.82455828
464820,0.82455828
464880,0.82455828
464940,0.82455828
465000,0.82455828
465060,0.82455828
465120,0.82455828
465180,0.82455828
465240,0.82455828
465300,0.82455828
465360,0.82455828
465420,0.82455828
465480,0.82455828
465540,0.82455828
465600,0.82455828
465660,0.82455828
465720,0.82455828
465780,0.82455828
465840,0.82455828
465900,0.82455828
465960,0.82455828
466020,0.82455828
466080,0.82455828
466140,0.82455828
466200,0.82455828
466260,0.82455828
466320,0.82455828
466380,0.82455828
466440,0.82455828
466500,0.82455828
466560,0.82455828
466620,0.82455828
466680,0.82455828
466740,0.82455828
466800,0.82455828
466860,0.82455828
466920,0.82455828
466980,0.82455828
467040,0.82455828
467100,0.82455828
467160,0.82455828
467220,0.82455828
467280,0.82455828
467340,0.82455828
467400,0.82455828
467460,0.82455828
467520,0.82455828
467580,0.82455828
467640,0.82455828
467700,0.82455828
467760,0.82455828
467820,0.82455827
467880,0.82455827
467940,0.82455827
468000,0.82455827
468060,0.82455827
468120,0.82455827
468180,0.82455827
468240,0.82455827
468300,0.82455827
468360,0.82455827
468420,0.82455827
468480,0.82455827
468540,0.82455827
468600,0.82455827
468660,0.82455827
468720,0.82455827
468780,0.82455827
468840,0.82455827
468900,0.82455827
468960,0.82455827
469020,0.82455827
469080,0.82455827
469140,0.82455827
469200,0.82455827
469260,0.82455827
469320,0.82455827
469380,0.82455827
469440,0.82455827
469500,0.82455827
469560,0.82455827
469620,0.82455827
469680,0.82455827
469740,0.82455827
469800,0.82455827
469860,0.82455827
469920,0.82455827
469980,0.82455827
470040,0.82455827
470100,0.82455827
470160,0.82455827
470220,0.82455827
470280,0.82455827
470340,0.82455827
470400,0.82455827
470460,0.82455766
470520,0.82455766
470580,0.82455766
470640,0.82455766
470700,0.82455766
470760,0.82455766
470820,0.82455766
470880,0.82455766
470940,0.82455766
471000,0.82455705
471060,0.82455705
471120,0.82455705
471180,0.82455705
471240,0.82455705
471300,0.82455705
471360,0.82455705
471420,0.82455705
471480,0.82455705
471540,0.82455705
471600,0.82455705
471660,0.82455705
471720,0.82455705
471780,0.82455705
471840,0.82455705
471900,0.82455705
471960,0.82455705
472020,0.82455705
472080,0.82455705
472140,0.82455705
472200,0.82455705
472260,0.82455705
472320,0.82455705
472380,0.82455705
472440,0.82455705
472500,0.82455705
472560,0.82455705
472620,0.82455705
472680,0.82455705
472740,0.82455705
472800,0.82455705
472860,0.82455705
472920,0.82455705
472980,0.82455705
473040,0.82455705
473100,0.82455705
473160,0.82455705
473220,0.82455705
473280,0.82455705
473340,0.82455705
473400,0.82455705
473460,0.82455705
473520,0.82455705
473580,0.82455705
473640,0.82455705
473700,0.82455705
473760,0.82455705
473820,0.82455705
473880,0.82455705
473940,0.82455705
474000,0.82455705
474060,0.82455705
474120,0.82455705
474180,0.82455705
474240,0.82455705
474300,0.82455705
474360,0.82455705
474420,0.82455705
474480,0.82455705
474540,0.82455705
474600,0.82455643
474660,0.82455643
474720,0.82455643
474780,0.82455643
474840,0.82455643
474900,0.82455643
474960,0.82455643
475020,0.82455643
475080,0.82455643
475140,0.82455643
475200,0.82455643
475260,0.82455643
475320,0.82455643
475380,0.82455643
475440,0.82455643
475500,0.82455643
475560,0.82455643
475620,0.82455643
475680,0.82455643
475740,0.82455643
475800,0.82455643
475860,0.82455643
475920,0.82455643
475980,0.82455643
476040,0.82455643
476100,0.82455643
476160,0.82455643
476220,0.82455643
476280,0.82455643
476340,0.82455643
476400,0.82455643
476460,0.82455643
476520,0.82455643
476580,0.82455643
476640,0.82455643
476700,0.82455643
476760,0.82455643
476820,0.82455643
476880,0.82455643
476940,0.82455582
477000,0.82455582
477060,0.82455582
477120,0.82455582
477180,0.82455582
477240,0.82455582
477300,0.82455582
477360,0.82455582
477420,0.82455582
477480,0.82455582
477540,0.82455582
477600,0.82455582
477660,0.82455582
477720,0.82455582
477780,0.82455582
477840,0.82455582
477900,0.82455582
477960,0.82455582
478020,0.82455582
478080,0.82455582
478140,0.82455582
478200,0.82455582
478260,0.82455582
478320,0.82455582
478380,0.82455582
478440,0.82455582
478500,0.82455582
478560,0.82455582
478620,0.82455582
478680,0.82455582
478740,0.82455582
478800,0.82455582
478860,0.82455582
478920,0.82455582
478980,0.82455582
479040,0.82455582
479100,0.82455582
479160,0.82455582
479220,0.82455582
479280,0.82455582
479340,0.82455582
479400,0.82455582
479460,0.82455582
479520,0.82455582
479580,0.82455582
479640,0.82455582
479700,0.82455582
479760,0.82455582
479820,0.82455582
479880,0.82455582
479940,0.82455582
480000,0.82455582
480060,0.82455582
480120,0.82455582
480180,0.82455582
480240,0.82455521
480300,0.82455521
480360,0.82455459
480420,0.82455459
480480,0.82455459
480540,0.82455459
480600,0.82455459
480660,0.82455459
480720,0.82455459
480780,0.82455459
480840,0.82455459
480900,0.82455459
480960,0.82455459
481020,0.82455459
481080,0.82455459
481140,0.82455459
481200,0.82455459
481260,0.82455459
481320,0.82455459
481380,0.82455459
481440,0.82455459
481500,0.82455459
481560,0.82455459
481620,0.82455459
481680,0.82455459
481740,0.82455459
481800,0.82455459
481860,0.82455459
481920,0.82455459
481980,0.82455459
482040,0.82455459
482100,0.82455459
482160,0.82455459
482220,0.82455459
482280,0.82455459
482340,0.82455459
482400,0.82455459
482460,0.82455459
482520,0.82455459
482580,0.82455459
482640,0.82455459
482700,0.82455459
482760,0.82455459
482820,0.82455459
482880,0.82455459
482940,0.82455459
483000,0.82455459
483060,0.82455459
483120,0.82455459
483180,0.82455459
483240,0.82455459
483300,0.82455459
483360,0.82455459
483420,0.82455459
483480,0.82455459
483540,0.82455459
483600,0.82455459
483660,0.82455459
483720,0.82455459
483780,0.82455459
483840,0.82455459
483900,0.82455459
483960,0.82455459
484020,0.82455398
484080,0.82455398
484140,0.82455398
484200,0.82455398
484260,0.82455398
484320,0.82455398
484380,0.82455398
484440,0.82455398
484500,0.82455398
484560,0.82455398
484620,0.82455398
484680,0.82455398
484740,0.82455398
484800,0.82455398
484860,0.82455398
484920,0.82455398
484980,0.82455398
485040,0.82455398
485100,0.82455398
485160,0.82455398
485220,0.82455398
485280,0.82455336
485340,0.82455336
485400,0.82455336
485460,0.82455336
485520,0.82455336
485580,0.82455336
485640,0.82455336
485700,0.82455336
485760,0.82455336
485820,0.82455336
485880,0.82455336
485940,0.82455336
486000,0.82455336
486060,0.82455336
486120,0.82455336
486180,0.82455336
486240,0.82455336
486300,0.82455336
486360,0.82455336
486420,0.82455336
486480,0.82455336
486540,0.82455336
486600,0.82455336
486660,0.82455336
486720,0.82455336
486780,0.82455336
486840,0.82455275
486900,0.82455213
486960,0.82455213
487020,0.82455213
487080,0.82455213
487140,0.82455213
487200,0.82455213
487260,0.82455213
487320,0.82455213
487380,0.82455213
487440,0.82455213
487500,0.82455213
487560,0.82455213
487620,0.82455213
487680,0.82455213
487740,0.82455213
487800,0.82455213
487860,0.82455213
487920,0.82455213
487980,0.82455213
488040,0.82455213
488100,0.82455213
488160,0.82455213
488220,0.82455213
488280,0.82455151
488340,0.82455151
488400,0.82455151
488460,0.82455151
488520,0.82455151
488580,0.82455151
488640,0.82455151
488700,0.82455151
488760,0.82455151
488820,0.82455151
488880,0.82455151
488940,0.82455151
489000,0.82455151
489060,0.82455151
489120,0.82455151
489180,0.82455151
489240,0.82455151
489300,0.82455151
489360,0.82455151
489420,0.82455151
489480,0.82455151
489540,0.82455151
489600,0.82455151
489660,0.82455151
489720,0.82455151
489780,0.82455151
489840,0.82455151
489900,0.82455151
489960,0.82455151
490020,0.82455151
490080,0.82455151
490140,0.82455151
490200,0.82455151
490260,0.82455151
490320,0.82455151
490380,0.82455151
490440,0.82455151
490500,0.82455151
490560,0.82455151
490620,0.82455151
490680,0.82455151
490740,0.82455151
490800,0.82455151
490860,0.82455134
490920,0.82455134
490980,0.82455134
491040,0.82455134
491100,0.82455134
491160,0.82455134
491220,0.82455134
491280,0.82455134
491340,0.82455134
491400,0.82455134
491460,0.82455134
491520,0.82455134
491580,0.82455134
491640,0.82455134
491700,0.82455134
491760,0.82455134
491820,0.82455134
491880,0.82455134
491940,0.82454946
492000,0.82454828
492060,0.82454828
492120,0.82454828
492180,0.82454825
492240,0.82454825
492300,0.82454825
492360,0.82454825
492420,0.82454825
492480,0.82454825
492540,0.82454825
492600,0.82454825
492660,0.82454825
492720,0.82454825
492780,0.82454825
492840,0.82454825
492900,0.82454825
492960,0.82454825
493020,0.82454825
493080,0.82454825
493140,0.82454825
493200,0.82454825
493260,0.82454825
493320,0.82454825
493380,0.82454825
493440,0.82454825
493500,0.82454825
493560,0.82454825
493620,0.82454825
493680,0.82454825
493740,0.82454825
493800,0.82454825
493860,0.82454727
493920,0.82454705
493980,0.82454705
494040,0.82454705
494100,0.82454705
494160,0.82454705
494220,0.82454705
494280,0.82454705
494340,0.82454701
494400,0.82454701
494460,0.82454701
494520,0.82454701
494580,0.82454701
494640,0.82454701
494700,0.82454701
494760,0.82454701
494820,0.82454701
494880,0.82454701
494940,0.82454701
495000,0.82454701
495060,0.82454701
495120,0.82454701
495180,0.82454701
495240,0.82454700
495300,0.82454605
495360,0.82454605
495420,0.82454605
495480,0.82454605
495540,0.82454605
495600,0.82454605
495660,0.82454605
495720,0.82454605
495780,0.82454605
495840,0.82454605
495900,0.82454605
495960,0.82454605
496020,0.82454605
496080,0.82454605
496140,0.82454605
496200,0.82454605
496260,0.82454605
496320,0.82454605
496380,0.82454605
496440,0.82454605
496500,0.82454605
496560,0.82454605
496620,0.82454605
496680,0.82454605
496740,0.82454605
496800,0.82454605
496860,0.82454605
496920,0.82454605
496980,0.82454605
497040,0.82454605
497100,0.82454605
497160,0.82454605
497220,0.82454605
497280,0.82454605
497340,0.82454605
497400,0.82454409
497460,0.82454409
497520,0.82454409
497580,0.82454409
497640,0.82454409
497700,0.82454409
497760,0.82454409
497820,0.82454409
497880,0.82454409
497940,0.82454409
498000,0.82454409
498060,0.82454409
498120,0.82454409
498180,0.82454409
498240,0.82454409
498300,0.82454409
498360,0.82454409
498420,0.82454409
498480,0.82454409
498540,0.82454409
498600,0.82454343
498660,0.82454343
498720,0.82454343
498780,0.82454276
498840,0.82454276
498900,0.82454276
498960,0.82454276
499020,0.82453180
499080,0.82453180
499140,0.82453180
499200,0.82453180
499260,0.82453180
499320,0.82453180
499380,0.82453180
499440,0.82453180
499500,0.82453179
499560,0.82453179
499620,0.82453178
499680,0.82453178
499740,0.82453178
499800,0.82453178
499860,0.82453178
499920,0.82453178
499980,0.82453178
500040,0.82453178
500100,0.82453178
500160,0.82453178
500220,0.82453178
500280,0.82453178
500340,0.82453178
500400,0.82453178
500460,0.82453178
500520,0.82453178
500580,0.82453178
500640,0.82453178
500700,0.82453178
500760,0.82453178
500820,0.82453178
500880,0.82453111
500940,0.82453111
501000,0.82453111
501060,0.82453111
501120,0.82453111
501180,0.82453111
501240,0.82453111
501300,0.82453111
501360,0.82453111
501420,0.82453012
501480,0.82453012
501540,0.82453012
501600,0.82453009
501660,0.82453009
501720,0.82453009
501780,0.82453009
501840,0.82453009
501900,0.82453009
501960,0.82453009
502020,0.82453009
502080,0.82453009
502140,0.82453009
502200,0.82453009
502260,0.82453009
502320,0.82453009
502380,0.82453009
502440,0.82453009
502500,0.82453009
502560,0.82453009
502620,0.82453009
502680,0.82453009
502740,0.82453009
502800,0.82453008
502860,0.82453005
502920,0.82453003
502980,0.82453003
503040,0.82453003
503100,0.82453003
503160,0.82453003
503220,0.82453003
503280,0.82453003
503340,0.82453003
503400,0.82453003
503460,0.82453003
503520,0.82453003
503580,0.82453003
503640,0.82453003
503700,0.82453003
503760,0.82453003
503820,0.82453003
503880,0.82453003
503940,0.82453003
504000,0.82453003
504060,0.82453003
504120,0.82453003
504180,0.82453003
504240,0.82453003
504300,0.82453003
504360,0.82452936
504420,0.82452931
504480,0.82452808
504540,0.82452808
504600,0.82452808
504660,0.82452808
504720,0.82452808
504780,0.82452808
504840,0.82452808
504900,0.82452808
504960,0.82452808
505020,0.82452808
505080,0.82452808
505140,0.82452808
505200,0.82452808
505260,0.82452808
505320,0.82452741
505380,0.82452741
505440,0.82452741
505500,0.82452741
505560,0.82452741
505620,0.82452741
505680,0.82452741
505740,0.82452741
505800,0.82452741
505860,0.82452741
505920,0.82452741
505980,0.82452740
506040,0.82452740
506100,0.82452740
506160,0.82452740
506220,0.82452740
506280,0.82452740
506340,0.82452739
506400,0.82452737
506460,0.82452737
506520,0.82452737
506580,0.82452737
506640,0.82452737
506700,0.82452737
506760,0.82452670
506820,0.82452669
506880,0.82452669
506940,0.82452669
507000,0.82452669
507060,0.82452669
507120,0.82452669
507180,0.82452668
507240,0.82452668
507300,0.82452668
507360,0.82452668
507420,0.82452668
507480,0.82452668
507540,0.82452668
507600,0.82452668
507660,0.82452668
507720,0.82452668
507780,0.82452668
507840,0.82452668
507900,0.82452668
507960,0.82452668
508020,0.82452601
508080,0.82452601
508140,0.82452601
508200,0.82452601
508260,0.82452601
508320,0.82452601
508380,0.82452601
508440,0.82452601
508500,0.82452601
508560,0.82452601
508620,0.82452601
508680,0.82452601
508740,0.82452601
508800,0.82452601
508860,0.82452601
508920,0.82452601
508980,0.82452601
509040,0.82452601
509100,0.82452601
509160,0.82452601
509220,0.82452601
509280,0.82452601
509340,0.82452601
509400,0.82452601
509460,0.82452601
509520,0.82452601
509580,0.82452601
509640,0.82452601
509700,0.82452601
509760,0.82452601
509820,0.82452601
509880,0.82452601
509940,0.82452601
510000,0.82452601
510060,0.82452601
510120,0.82452601
510180,0.82452601
510240,0.82452601
510300,0.82452601
510360,0.82452601
510420,0.82452601
510480,0.82452601
510540,0.82452601
510600,0.82452601
510660,0.82452601
510720,0.82452601
510780,0.82452601
510840,0.82452601
510900,0.82452601
510960,0.82452601
511020,0.82452575
511080,0.82452575
511140,0.82452575
511200,0.82452575
511260,0.82452575
511320,0.82452575
511380,0.82452575
511440,0.82452575
511500,0.82452575
511560,0.82452575
511620,0.82452575
511680,0.82452575
511740,0.82452575
511800,0.82452575
511860,0.82452575
511920,0.82452575
511980,0.82452575
512040,0.82452575
512100,0.82452575
512160,0.82452575
512220,0.82452575
512280,0.82452574
512340,0.82452574
512400,0.82452574
512460,0.82452574
512520,0.82452574
512580,0.82452574
512640,0.82452574
512700,0.82452574
512760,0.82452574
512820,0.82452574
512880,0.82452574
512940,0.82452574
513000,0.82452574
513060,0.82452574
513120,0.82452574
513180,0.82452574
513240,0.82452574
513300,0.82452574
513360,0.82452574
513420,0.82452574
513480,0.82452574
513540,0.82452574
513600,0.82452574
513660,0.82452574
513720,0.82452574
513780,0.82452574
513840,0.82452574
513900,0.82452574
513960,0.82452574
514020,0.82452574
514080,0.82452574
514140,0.82452574
514200,0.82452574
514260,0.82452574
514320,0.82452574
514380,0.82452574
514440,0.82452574
514500,0.82452574
514560,0.82452574
514620,0.82452574
514680,0.82452574
514740,0.82452574
514800,0.82452574
514860,0.82452574
514920,0.82452574
514980,0.82452574
515040,0.82452574
515100,0.82452554
515160,0.82452554
515220,0.82452554
515280,0.82452554
515340,0.82452554
515400,0.82452554
515460,0.82452554
515520,0.82452554
515580,0.82452554
515640,0.82452554
515700,0.82452553
515760,0.82452553
515820,0.82452553
515880,0.82452553
515940,0.82452553
516000,0.82452553
516060,0.82452553
516120,0.82452553
516180,0.82452553
516240,0.82452533
516300,0.82452533
516360,0.82452533
516420,0.82452533
516480,0.82452533
516540,0.82452533
516600,0.82452533
516660,0.82452512
516720,0.82452512
516780,0.82452512
516840,0.82452512
516900,0.82452512
516960,0.82452512
517020,0.82452512
517080,0.82452512
517140,0.82452512
517200,0.82452512
517260,0.82452512
517320,0.82452512
517380,0.82452512
517440,0.82452512
517500,0.82452512
517560,0.82452512
517620,0.82452512
517680,0.82452512
517740,0.82452512
517800,0.82452512
517860,0.82452512
517920,0.82452512
517980,0.82452512
518040,0.82452512
518100,0.82452512
518160,0.82452512
518220,0.82452512
518280,0.82452511
518340,0.82452511
518400,0.82452320
518460,0.82452320
518520,0.82452320
518580,0.82452320
518640,0.82452320
518700,0.82452320
518760,0.82452319
518820,0.82452319
518880,0.82452319
518940,0.82452319
519000,0.82452319
519060,0.82452319
519120,0.82452319
519180,0.82452319
519240,0.82452319
519300,0.82452319
519360,0.82452319
519420,0.82452290
519480,0.82452290
519540,0.82452290
519600,0.82452290
519660,0.82452290
519720,0.82452290
519780,0.82452290
519840,0.82452290
519900,0.82452290
519960,0.82452290
520020,0.82452290
520080,0.82452290
520140,0.82452290
520200,0.82452159
520260,0.82452159
520320,0.82452159
520380,0.82452159
520440,0.82452159
520500,0.82452159
520560,0.82452159
520620,0.82452159
520680,0.82452159
520740,0.82452159
520800,0.82452159
520860,0.82452159
520920,0.82452159
520980,0.82452159
521040,0.82452159
521100,0.82452159
521160,0.82452159
521220,0.82452159
521280,0.82452159
521340,0.82452159
521400,0.82452159
521460,0.82452159
521520,0.82452159
521580,0.82452159
521640,0.82452159
521700,0.82452159
521760,0.82452159
521820,0.82452159
521880,0.82452159
521940,0.82452159
522000,0.82452159
522060,0.82452139
522120,0.82452069
522180,0.82452069
522240,0.82452069
522300,0.82452069
522360,0.82452069
522420,0.82452000
522480,0.82452000
522540,0.82452000
522600,0.82452000
522660,0.82452000
522720,0.82452000
522780,0.82452000
522840,0.82452000
522900,0.82452000
522960,0.82452000
523020,0.82452000
523080,0.82452000
523140,0.82452000
523200,0.82452000
523260,0.82452000
523320,0.82452000
523380,0.82451999
523440,0.82451999
523500,0.82451999
523560,0.82451999
523620,0.82451999
523680,0.82451999
523740,0.82451999
523800,0.82451999
523860,0.82451999
523920,0.82451999
523980,0.82451999
524040,0.82451999
524100,0.82451868
524160,0.82451868
524220,0.82451868
524280,0.82451868
524340,0.82451868
524400,0.82451868
524460,0.82451868
524520,0.82451868
524580,0.82451868
524640,0.82451868
524700,0.82451868
524760,0.82451868
524820,0.82451868
524880,0.82451868
524940,0.82451868
525000,0.82451868
525060,0.82451868
525120,0.82451868
525180,0.82451868
525240,0.82451868
525300,0.82451868
525360,0.82451868
525420,0.82451868
525480,0.82451868
525540,0.82451868
525600,0.82451868
525660,0.82451868
525720,0.82451868
525780,0.82451868
525840,0.82451868
525900,0.82451868
525960,0.82451868
526020,0.82451868
526080,0.82451868
526140,0.82451813
526200,0.82451813
526260,0.82451813
526320,0.82451813
526380,0.82451813
526440,0.82451813
526500,0.82451813
526560,0.82451813
526620,0.82451813
526680,0.82451813
526740,0.82451813
526800,0.82451813
526860,0.82451813
526920,0.82451813
526980,0.82451813
527040,0.82451813
527100,0.82451813
527160,0.82451813
527220,0.82451813
527280,0.82451813
527340,0.82451813
527400,0.82451813
527460,0.82451813
527520,0.82451813
527580,0.82451743
527640,0.82451743
527700,0.82451673
527760,0.82451673
527820,0.82451673
527880,0.82451673
527940,0.82451673
528000,0.82451673
528060,0.82451673
528120,0.82451673
528180,0.82451673
528240,0.82451673
528300,0.82414925
528360,0.82414925
528420,0.82414925
528480,0.82414924
528540,0.82414923
528600,0.82414713
528660,0.82414713
528720,0.82414713
528780,0.82414713
528840,0.82414713
528900,0.82414713
528960,0.82414713
529020,0.82414713
529080,0.82414713
529140,0.82414713
529200,0.82414713
529260,0.82414713
529320,0.82414713
529380,0.82414713
529440,0.82414713
529500,0.82414713
529560,0.82414713
529620,0.82414713
529680,0.82414713
529740,0.82414713
529800,0.82414713
529860,0.82414713
529920,0.82414713
529980,0.82414713
530040,0.82414713
530100,0.82414713
530160,0.82409605
530220,0.82409605
530280,0.82409605
530340,0.82409605
530400,0.82409605
530460,0.82409605
530520,0.82409605
530580,0.82409605
530640,0.79717754
530700,0.79717754
530760,0.79717754
530820,0.79717754
530880,0.79717754
530940,0.79717754
531000,0.79717754
531060,0.79717754
531120,0.79717754
531180,0.79717754
531240,0.79717754
531300,0.79717754
531360,0.79717754
531420,0.79717754
531480,0.79717754
531540,0.79716598
531600,0.79716598
531660,0.79716598
531720,0.79716598
531780,0.79716598
531840,0.79716598
531900,0.79716598
531960,0.79716598
532020,0.79716598
532080,0.79716598
532140,0.79716598
532200,0.79716598
532260,0.79716598
532320,0.79716598
532380,0.79716598
532440,0.79716598
532500,0.79716598
532560,0.79716598
532620,0.79716598
532680,0.79716598
532740,0.79716598
532800,0.79716598
532860,0.79716598
532920,0.79716598
532980,0.79716598
533040,0.79716598
533100,0.79716598
533160,0.79716598
533220,0.79716598
533280,0.79716598
533340,0.79716598
533400,0.79716598
533460,0.79716462
533520,0.79716462
533580,0.79716462
533640,0.79716462
533700,0.79716462
533760,0.79716462
533820,0.79716462
533880,0.79716462
533940,0.79716462
534000,0.79716462
534060,0.79716462
534120,0.79716462
534180,0.79716462
534240,0.79716462
534300,0.79716462
534360,0.79716462
534420,0.79716462
534480,0.79716462
534540,0.79716462
534600,0.79716462
534660,0.79716462
534720,0.79716462
534780,0.79716462
534840,0.79716462
534900,0.79716462
534960,0.79716462
535020,0.79716462
535080,0.79716462
535140,0.79716462
535200,0.79716462
535260,0.79716462
535320,0.79716462
535380,0.79716462
535440,0.79716462
535500,0.79716462
535560,0.79716462
535620,0.79715307
535680,0.79715307
535740,0.79715307
535800,0.79715307
535860,0.79715307
535920,0.79715307
535980,0.79715307
536040,0.79715307
536100,0.79715307
536160,0.79715307
536220,0.79715307
536280,0.79715307
536340,0.79715307
536400,0.79715307
536460,0.79715307
536520,0.79715307
536580,0.79715307
536640,0.79715307
536700,0.79715307
536760,0.79715307
536820,0.79715307
536880,0.79715307
536940,0.79715307
537000,0.79715307
537060,0.79715307
537120,0.79715307
537180,0.79715307
537240,0.79715307
537300,0.79715307
537360,0.79715307
537420,0.79715307
537480,0.79715307
537540,0.79713505
537600,0.79713505
537660,0.79713505
537720,0.79713505
537780,0.79713505
537840,0.79713505
537900,0.79713505
537960,0.79713505
538020,0.79713505
538080,0.79713505
538140,0.79713505
538200,0.79713505
538260,0.79713505
538320,0.79713505
538380,0.79713505
538440,0.79713505
538500,0.79713505
538560,0.79713505
538620,0.79713505
538680,0.79713505
538740,0.79713505
538800,0.79713505
538860,0.79713505
538920,0.79713505
538980,0.79713505
539040,0.79713505
539100,0.79713505
539160,0.79713505
539220,0.79713505
539280,0.79713505
539340,0.79713505
539400,0.79713505
539460,0.79713505
539520,0.79713505
539580,0.79713505
539640,0.79713505
539700,0.79713505
539760,0.79713505
539820,0.79713505
539880,0.79713435
539940,0.79713435
540000,0.79713435
540060,0.79713435
540120,0.79713435
540180,0.79713435
540240,0.79713435
540300,0.79713435
540360,0.79713435
540420,0.79713435
540480,0.79713435
540540,0.79713435
540600,0.79713435
540660,0.79713435
540720,0.79713435
540780,0.79713435
540840,0.79705684
540900,0.79705684
540960,0.79705684
541020,0.79705684
541080,0.79705684
541140,0.79705684
541200,0.79705684
541260,0.79705684
541320,0.79705684
541380,0.79705684
541440,0.79705684
541500,0.79705684
541560,0.79705684
541620,0.79705684
541680,0.79705684
541740,0.79705684
541800,0.79705684
541860,0.79705684
541920,0.79705684
541980,0.79705684
542040,0.79705684
542100,0.79705684
542160,0.79705684
542220,0.79705684
542280,0.79705684
542340,0.79705684
542400,0.79705684
542460,0.79705684
542520,0.79705684
542580,0.79705684
542640,0.79705684
542700,0.79705684
542760,0.79705684
542820,0.79705684
542880,0.79705684
542940,0.79705614
543000,0.79705614
543060,0.79705614
543120,0.79705614
543180,0.79705614
543240,0.79705614
543300,0.79705614
543360,0.79705614
543420,0.79705614
543480,0.79705614
543540,0.79705614
543600,0.79705614
543660,0.79705614
543720,0.79705614
543780,0.79705614
543840,0.79705614
543900,0.79705614
543960,0.79705614
544020,0.79705614
544080,0.79705614
544140,0.79705614
544200,0.79705614
544260,0.79705614
544320,0.79705614
544380,0.79705614
544440,0.79705614
544500,0.79705614
544560,0.79705614
544620,0.79696370
544680,0.79696370
544740,0.79696370
544800,0.79696370
544860,0.79696370
544920,0.79696370
544980,0.79696370
545040,0.79696370
545100,0.79696370
545160,0.79696370
545220,0.79696370
545280,0.79696370
545340,0.79696370
545400,0.79696370
545460,0.79696370
545520,0.79696370
545580,0.79696370
545640,0.79696300
545700,0.79696300
545760,0.79696300
545820,0.79695814
545880,0.79695814
545940,0.79695814
546000,0.79695814
546060,0.79695814
546120,0.79695814
546180,0.79695814
546240,0.79695814
546300,0.79695814
546360,0.79695814
546420,0.79695814
546480,0.79695814
546540,0.79695814
546600,0.79695814
546660,0.79695814
546720,0.79695814
546780,0.79695814
546840,0.79695814
546900,0.79694659
546960,0.79694589
547020,0.79694589
547080,0.79694589
547140,0.79694589
547200,0.79694589
547260,0.79694589
547320,0.79692793
547380,0.79692793
547440,0.79692793
547500,0.79690710
547560,0.79690710
547620,0.79690710
547680,0.79690710
547740,0.79690710
547800,0.79690710
547860,0.79690710
547920,0.79689555
547980,0.79689555
548040,0.79689555
548100,0.79689555
548160,0.79689555
548220,0.79689555
548280,0.79689555
548340,0.79689555
548400,0.79689555
548460,0.79689555
548520,0.79689555
548580,0.79689555
548640,0.79689555
548700,0.79689555
548760,0.79689555
548820,0.79689555
548880,0.79689555
548940,0.79689555
549000,0.79689555
549060,0.79689555
549120,0.79689555
549180,0.79689555
549240,0.79689555
549300,0.79689555
549360,0.79689555
549420,0.79689555
549480,0.79689555
549540,0.79689555
549600,0.79689555
549660,0.79689555
549720,0.79689555
549780,0.79689555
549840,0.79689555
549900,0.79689555
549960,0.79689555
550020,0.79689555
550080,0.79689555
550140,0.79689555
550200,0.79689555
550260,0.79689555
550320,0.79689555
550380,0.79689555
550440,0.79689555
550500,0.79689555
550560,0.79689555
550620,0.79689555
550680,0.79689555
550740,0.79689555
550800,0.79688421
550860,0.79688421
550920,0.79688421
550980,0.79688421
551040,0.79688421
551100,0.79688421
551160,0.79688421
551220,0.79688421
551280,0.79688421
551340,0.79688421
551400,0.79688421
551460,0.79688421
551520,0.79688421
551580,0.79688421
551640,0.79688421
551700,0.79688421
551760,0.79688421
551820,0.79688421
551880,0.79688421
551940,0.79688421
552000,0.79688421
552060,0.79688421
552120,0.79688421
552180,0.79688421
552240,0.79688421
552300,0.79688421
552360,0.79688421
552420,0.79688421
552480,0.79688421
552540,0.79688421
552600,0.79688421
552660,0.79688421
552720,0.79688421
552780,0.79688421
552840,0.79688421
552900,0.79688421
552960,0.79688421
553020,0.79688421
553080,0.79687586
553140,0.79687586
553200,0.79687586
553260,0.79687586
553320,0.79687586
553380,0.79680337
553440,0.79680337
553500,0.79680337
553560,0.79680337
553620,0.79680337
553680,0.79680337
553740,0.79680337
553800,0.79680337
553860,0.79680337
553920,0.79680337
553980,0.79680337
554040,0.79680337
554100,0.79680337
554160,0.79680337
554220,0.79680337
554280,0.79680337
554340,0.79680337
554400,0.79680337
554460,0.79680337
554520,0.79680337
554580,0.79680337
554640,0.79680337
554700,0.79680337
554760,0.79680337
554820,0.79680337
554880,0.79680337
554940,0.79680337
555000,0.79680337
555060,0.79680126
555120,0.79680126
555180,0.79680056
555240,0.79680056
555300,0.79680056
555360,0.79680056
555420,0.79680056
555480,0.79680056
555540,0.79680056
555600,0.79680056
555660,0.79680056
555720,0.79680056
555780,0.79680056
555840,0.79680056
555900,0.79680056
555960,0.79680056
556020,0.79680056
556080,0.79680056
556140,0.79679846
556200,0.79679846
556260,0.79679846
556320,0.79679846
556380,0.79679846
556440,0.79679421
556500,0.79679421
556560,0.79679421
556620,0.79679421
556680,0.79679421
556740,0.79679421
556800,0.79679421
556860,0.79679421
556920,0.79679421
556980,0.79679421
557040,0.79679421
557100,0.79679421
557160,0.79679421
557220,0.79679421
557280,0.79679421
557340,0.79679421
557400,0.79679210
557460,0.79679210
557520,0.79679210
557580,0.79679210
557640,0.79679210
557700,0.79679210
557760,0.79679210
557820,0.79679210
557880,0.79679210
557940,0.79679210
558000,0.79679210
558060,0.79679210
558120,0.79679210
558180,0.79679210
558240,0.79679210
558300,0.79679210
558360,0.79679210
558420,0.79679210
558480,0.79679210
558540,0.79679210
558600,0.79679210
558660,0.79679210
558720,0.79679140
558780,0.79679140
558840,0.79679140
558900,0.79679140
558960,0.79679140
559020,0.79679140
559080,0.79679140
559140,0.79679140
559200,0.79679140
559260,0.79679140
559320,0.79679140
559380,0.79679140
559440,0.79678858
559500,0.79678858
559560,0.79678725
559620,0.79678725
559680,0.79678725
559740,0.79678725
559800,0.79678725
559860,0.79678725
559920,0.79678725
559980,0.79678725
560040,0.79678725
560100,0.79678725
560160,0.79678725
560220,0.79678725
560280,0.79678725
560340,0.79678725
560400,0.79678725
560460,0.79678725
560520,0.79678725
560580,0.79678725
560640,0.79678725
560700,0.79678725
560760,0.79678725
560820,0.79678725
560880,0.79678725
560940,0.79678725
561000,0.79678725
561060,0.79678615
561120,0.79678615
561180,0.79678615
561240,0.79678615
561300,0.79678615
561360,0.79678615
561420,0.79678615
561480,0.79678615
561540,0.79678615
561600,0.79678615
561660,0.79678615
561720,0.79678615
561780,0.79678615
561840,0.79678615
561900,0.79678615
561960,0.79678615
562020,0.79678615
562080,0.79678615
562140,0.79678615
562200,0.79678615
562260,0.79678615
562320,0.79678615
562380,0.79678615
562440,0.79678615
562500,0.79678615
562560,0.79678615
562620,0.79678615
562680,0.79678615
562740,0.79678615
562800,0.79678615
562860,0.79678615
562920,0.79678615
562980,0.79678615
563040,0.79678615
563100,0.79678615
563160,0.79678615
563220,0.79678615
563280,0.79678615
563340,0.79678615
563400,0.79678615
563460,0.79678615
563520,0.79678615
563580,0.79678615
563640,0.79678615
563700,0.79678615
563760,0.79678615
563820,0.79678615
563880,0.79678615
563940,0.79678615
564000,0.79678615
564060,0.79678615
564120,0.79678615
564180,0.79678615
564240,0.79678615
564300,0.79678615
564360,0.79678615
564420,0.79678615
564480,0.79678615
564540,0.79678615
564600,0.79678615
564660,0.79678615
564720,0.79678615
564780,0.79678615
564840,0.79678615
564900,0.79678615
564960,0.79678615
565020,0.79678615
565080,0.79678615
565140,0.79678615
565200,0.79678615
565260,0.79678615
565320,0.79678615
565380,0.79678615
565440,0.79678615
565500,0.79678615
565560,0.79678615
565620,0.79678615
565680,0.79678615
565740,0.79678615
565800,0.79678615
565860,0.79678615
565920,0.79678615
565980,0.79678615
566040,0.79678615
566100,0.79678615
566160,0.79678615
566220,0.79678615
566280,0.79678615
566340,0.79678615
566400,0.79678615
566460,0.79678615
566520,0.79678615
566580,0.79678615
566640,0.79678615
566700,0.79678615
566760,0.79678615
566820,0.79678615
566880,0.79678615
566940,0.79678615
567000,0.79678615
567060,0.79678615
567120,0.79678615
567180,0.79678615
567240,0.79678615
567300,0.79678615
567360,0.79678615
567420,0.79678615
567480,0.79678615
567540,0.79678615
567600,0.79678615
567660,0.79678615
567720,0.79678615
567780,0.79678615
567840,0.79678615
567900,0.79678615
567960,0.79678615
568020,0.79678615
568080,0.79678615
568140,0.79678615
568200,0.79678615
568260,0.79678615
568320,0.79678615
568380,0.79678615
568440,0.79674260
568500,0.79663944
568560,0.79646171
568620,0.79634859
568680,0.79623151
568740,0.79621788
568800,0.79609965
568860,0.79596968
568920,0.79593583
568980,0.79585901
569040,0.79581534
569100,0.79568477
569160,0.79567783
569220,0.79567783
569280,0.79567783
569340,0.79567783
569400,0.79567783
569460,0.79567783
569520,0.79567783
569580,0.79567783
569640,0.79567783
569700,0.79567783
569760,0.79567783
569820,0.79567783
569880,0.79567783
569940,0.79567783
570000,0.79567783
570060,0.79567783
570120,0.79567783
570180,0.79567783
570240,0.79567783
570300,0.79567783
570360,0.79567783
570420,0.79567783
570480,0.79567783
570540,0.79567783
570600,0.79567783
570660,0.79567783
570720,0.79567783
570780,0.79567783
570840,0.79567783
570900,0.79567783
570960,0.79567783
571020,0.79567783
571080,0.79567783
571140,0.79567783
571200,0.79567783
571260,0.79567783
571320,0.79567783
571380,0.79567783
571440,0.79567783
571500,0.79567783
571560,0.79567783
571620,0.79567783
571680,0.79567583
571740,0.79567583
571800,0.79567576
571860,0.79567576
571920,0.79567576
571980,0.79567576
572040,0.79567576
572100,0.79567576
572160,0.79558035
572220,0.79558035
572280,0.79558035
572340,0.79558035
572400,0.76865811
572460,0.76865811
572520,0.76865811
572580,0.76865811
572640,0.76865811
572700,0.76865811
572760,0.76865811
572820,0.76865811
572880,0.76865811
572940,0.76865811
573000,0.76865811
573060,0.76865811
573120,0.76865811
573180,0.76865811
573240,0.76865811
573300,0.76865811
573360,0.76865811
573420,0.76865811
573480,0.76865811
573540,0.76865811
573600,0.76865811
573660,0.76865811
573720,0.76865811
573780,0.76865811
573840,0.76865811
573900,0.76865811
573960,0.76865811
574020,0.76865811
574080,0.76865811
574140,0.76865811
574200,0.76865811
574260,0.76865811
574320,0.76865811
574380,0.76865811
574440,0.76865811
574500,0.76865811
574560,0.76865811
574620,0.76865811
574680,0.76865811
574740,0.76865811
574800,0.76865811
574860,0.76865811
574920,0.76865811
574980,0.76865811
575040,0.76865811
575100,0.76865811
575160,0.76865811
575220,0.76865741
575280,0.76865741
575340,0.76865671
575400,0.76865671
575460,0.76865671
575520,0.76865671
575580,0.76865671
575640,0.76865671
575700,0.76865671
575760,0.76865671
575820,0.76865671
575880,0.76865671
575940,0.76865671
576000,0.76865671
576060,0.76865671
576120,0.76865671
576180,0.76865671
576240,0.76865671
576300,0.76865671
576360,0.76865671
576420,0.76865671
576480,0.76865671
576540,0.76865671
576600,0.76865671
576660,0.76865671
576720,0.76865671
576780,0.76865671
576840,0.76865671
576900,0.76865671
576960,0.76865671
577020,0.76865601
577080,0.76865601
577140,0.76865601
577200,0.76865601
577260,0.76865601
577320,0.76865601
577380,0.76865601
577440,0.76865601
577500,0.76865601
577560,0.76865601
577620,0.76865601
577680,0.76865601
577740,0.76865601
577800,0.76865601
577860,0.76865601
577920,0.76865601
577980,0.76865601
578040,0.76865601
578100,0.76865601
578160,0.76865601
578220,0.76865601
578280,0.76865601
578340,0.76865601
578400,0.76865601
578460,0.76865601
578520,0.76865601
578580,0.76865601
578640,0.76865601
578700,0.76865601
578760,0.76865601
578820,0.76865601
578880,0.76865601
578940,0.76865601
579000,0.76865601
579060,0.76865601
579120,0.76862483
579180,0.76862483
579240,0.76862483
579300,0.76862483
579360,0.76862476
579420,0.76862476
579480,0.76862476
579540,0.76862476
579600,0.76862476
579660,0.76862476
579720,0.76862476
579780,0.76862476
579840,0.76862476
579900,0.76862476
579960,0.76862476
580020,0.76862476
580080,0.76862457
580140,0.76862457
580200,0.76862457
580260,0.76862457
580320,0.76862457
580380,0.76862457
580440,0.76862457
580500,0.76862457
580560,0.76862457
580620,0.76862457
580680,0.76862200
580740,0.76862200
580800,0.76862200
580860,0.76862200
580920,0.76862200
580980,0.76862200
581040,0.76862200
581100,0.76862200
581160,0.76862200
581220,0.76861944
581280,0.76861944
581340,0.76861944
581400,0.76861944
581460,0.76861944
581520,0.76861944
581580,0.76861944
581640,0.76861944
581700,0.76861944
581760,0.76861944
581820,0.76861944
581880,0.76861944
581940,0.76861874
582000,0.76861874
582060,0.76861874
582120,0.76861874
582180,0.76861874
582240,0.76861874
582300,0.76861874
582360,0.76861874
582420,0.76861874
582480,0.76861874
582540,0.76861874
582600,0.76861619
582660,0.76861619
582720,0.76861619
582780,0.76861619
582840,0.76861619
582900,0.76861619
582960,0.76861619
583020,0.76861540
583080,0.76861540
583140,0.76861540
583200,0.76861540
583260,0.76857390
583320,0.76857390
583380,0.76857390
583440,0.76857390
583500,0.76857390
583560,0.76857390
583620,0.76857390
583680,0.76857390
583740,0.76857390
583800,0.76857390
583860,0.76857390
583920,0.76857390
583980,0.76857390
584040,0.76857372
584100,0.76857372
584160,0.76842136
584220,0.76842136
584280,0.76841883
584340,0.76841883
584400,0.76841883
584460,0.76841883
584520,0.76841630
584580,0.76841377
584640,0.76841377
584700,0.76841377
584760,0.76841377
584820,0.76841377
584880,0.76841377
584940,0.76841377
585000,0.76841377
585060,0.76841377
585120,0.76841377
585180,0.76841377
585240,0.76841377
585300,0.76841377
585360,0.76841377
585420,0.76841377
585480,0.76841377
585540,0.76841377
585600,0.76841377
585660,0.76841377
585720,0.76841377
585780,0.76841377
585840,0.76841377
585900,0.76841377
585960,0.76841377
586020,0.76841377
586080,0.76841377
586140,0.76841375
586200,0.76841375
586260,0.76841375
586320,0.76841375
586380,0.76841364
586440,0.76841364
586500,0.76841364
586560,0.76841364
586620,0.76841364
586680,0.76841364
586740,0.76823965
586800,0.76823965
586860,0.76823965
586920,0.76823965
586980,0.76823965
587040,0.76823965
587100,0.76823965
587160,0.76823965
587220,0.76823965
587280,0.76823965
587340,0.76823965
587400,0.76823965
587460,0.76823965
587520,0.76823965
587580,0.76823965
587640,0.76823965
587700,0.76817061
587760,0.76817061
587820,0.76817061
587880,0.76815907
587940,0.76815907
588000,0.76815907
588060,0.76815907
588120,0.76815907
588180,0.76815907
588240,0.76815907
588300,0.76814753
588360,0.76814753
588420,0.76814753
588480,0.76814753
588540,0.76814753
588600,0.76814753
588660,0.76814753
588720,0.76814521
588780,0.76814422
588840,0.76814422
588900,0.76814422
588960,0.76803914
589020,0.76803914
589080,0.76803914
589140,0.76803914
589200,0.76803914
589260,0.76803914
589320,0.76803914
589380,0.76803914
589440,0.76803914
589500,0.76803914
589560,0.76803697
589620,0.76803697
589680,0.76803697
589740,0.76803697
589800,0.76803696
589860,0.76803696
589920,0.76803696
589980,0.76803696
590040,0.76801384
590100,0.76801384
590160,0.76801374
590220,0.76801374
590280,0.76801290
590340,0.76801290
590400,0.76801158
590460,0.76801158
590520,0.76801158
590580,0.76801158
590640,0.76801158
590700,0.76801158
590760,0.76801158
590820,0.76801158
590880,0.76801158
590940,0.76801158
591000,0.76801156
591060,0.76801156
591120,0.76801156
591180,0.76800001
591240,0.76800001
591300,0.76800001
591360,0.76800001
591420,0.76800001
591480,0.76800001
591540,0.76800001
591600,0.76800001
591660,0.76800001
591720,0.76800001
591780,0.76800001
591840,0.76799999
591900,0.76798844
591960,0.76798841
592020,0.76798841
592080,0.76798841
592140,0.76798841
592200,0.76798841
592260,0.76798841
592320,0.76798841
592380,0.76798841
592440,0.76798841
592500,0.76798841
592560,0.76798841
592620,0.76798841
592680,0.76798841
592740,0.76798841
592800,0.76798841
592860,0.76798841
592920,0.76798841
592980,0.76798841
593040,0.76798841
593100,0.76798841
593160,0.76798841
593220,0.76798841
593280,0.76798841
593340,0.76798841
593400,0.76798841
593460,0.76798841
593520,0.76798841
593580,0.76798841
593640,0.76798841
593700,0.76798841
593760,0.76798841
593820,0.76798841
593880,0.76798841
593940,0.76798841
594000,0.76798841
594060,0.76798841
594120,0.76798841
594180,0.76798841
594240,0.76798841
594300,0.76798841
594360,0.76798841
594420,0.76798841
594480,0.76798841
594540,0.76798841
594600,0.76798841
594660,0.76798841
594720,0.76798841
594780,0.76798841
594840,0.76798841
594900,0.76798841
594960,0.76798841
595020,0.76798841
595080,0.76798841
595140,0.76798841
595200,0.76798841
595260,0.76798829
595320,0.76798829
595380,0.76798829
595440,0.76798829
595500,0.76798829
595560,0.76798829
595620,0.76798829
595680,0.76798829
595740,0.76798829
595800,0.76798829
595860,0.76798829
595920,0.76798829
595980,0.76798829
596040,0.76798829
596100,0.76798829
596160,0.76798829
596220,0.76798829
596280,0.76798829
596340,0.76798829
596400,0.76798829
596460,0.76798829
596520,0.76798750
596580,0.76798750
596640,0.76798750
596700,0.76798750
596760,0.76798750
596820,0.76798750
596880,0.76798750
596940,0.76798750
597000,0.76798750
597060,0.76798750
597120,0.76798741
597180,0.76798741
597240,0.76798741
597300,0.76798741
597360,0.76798741
597420,0.76798741
597480,0.76798741
597540,0.76798741
597600,0.76798741
597660,0.76798741
597720,0.76798741
597780,0.76798741
597840,0.76798736
597900,0.76798736
597960,0.76798736
598020,0.76798736
598080,0.76798736
598140,0.76798736
598200,0.76798736
598260,0.76798736
598320,0.76798736
598380,0.76798736
598440,0.76798736
598500,0.76798736
598560,0.76798736
598620,0.76798736
598680,0.76798736
598740,0.76798736
598800,0.76798736
598860,0.76798736
598920,0.76798736
598980,0.76798736
599040,0.76798736
599100,0.76798736
599160,0.76798736
599220,0.76798736
599280,0.76798736
599340,0.76798736
599400,0.76798736
599460,0.76798736
599520,0.76798736
599580,0.76798736
599640,0.76798736
599700,0.76798736
599760,0.76798736
599820,0.76798736
599880,0.76798736
599940,0.76798537
600000,0.76798537
600060,0.76798537
600120,0.76798537
600180,0.76798537
600240,0.76798537
600300,0.76798537
600360,0.76798537
600420,0.76798537
600480,0.76798537
600540,0.76798537
600600,0.76798537
600660,0.76798537
600720,0.76798537
600780,0.76798537
600840,0.76798537
600900,0.76798537
600960,0.76798537
601020,0.76798537
601080,0.76798537
601140,0.76798537
601200,0.76798537
601260,0.76798537
601320,0.76798537
601380,0.76798537
601440,0.76798537
601500,0.76798537
601560,0.76798537
601620,0.76798535
601680,0.76798535
601740,0.76798535
601800,0.76798535
601860,0.76798535
601920,0.76798535
601980,0.76798535
602040,0.76798535
602100,0.76798535
602160,0.76798535
602220,0.76798535
602280,0.76798535
602340,0.76798535
602400,0.76798535
602460,0.76798535
602520,0.76798535
602580,0.76798533
602640,0.76798533
602700,0.76798533
602760,0.76798521
602820,0.76798521
602880,0.76798521
602940,0.76798521
603000,0.76798521
603060,0.76798521
603120,0.76798521
603180,0.76798521
603240,0.76798521
603300,0.76798521
603360,0.76798521
603420,0.76798521
603480,0.76798521
603540,0.76798521
603600,0.76798521
603660,0.76798521
603720,0.76798521
603780,0.76798521
603840,0.76798521
603900,0.76798521
603960,0.76798521
604020,0.76798521
604080,0.76798521
604140,0.76798521
604200,0.76798521
604260,0.76798521
604320,0.76798521
604380,0.76798521
604440,0.76798521
604500,0.76798521
604560,0.76798521
604620,0.76798513
604680,0.76798513
604740,0.76798513
604800,0.76798513
604860,0.76798513
604920,0.76798513
604980,0.76798513
605040,0.76798513
605100,0.76798513
605160,0.76798513
605220,0.76798513
605280,0.76798513
605340,0.76798513
605400,0.76798513
605460,0.76798513
605520,0.76798513
605580,0.76798513
605640,0.76798513
605700,0.76798513
605760,0.76798380
605820,0.76798380
605880,0.76798380
605940,0.76798380
606000,0.76798380
606060,0.76798380
606120,0.76798380
606180,0.76798380
606240,0.76798380
606300,0.76798380
606360,0.76798380
606420,0.76798380
606480,0.76798380
606540,0.76798380
606600,0.76798380
606660,0.76798371
606720,0.76798239
606780,0.76798239
606840,0.76798239
606900,0.76798239
606960,0.76798239
607020,0.76798239
607080,0.76798239
607140,0.76798239
607200,0.76798239
607260,0.76798239
607320,0.76798239
607380,0.76798239
607440,0.76798239
607500,0.76798239
607560,0.76798239
607620,0.76798239
607680,0.76798239
607740,0.76798239
607800,0.76798239
607860,0.76798239
607920,0.76798239
607980,0.76798239
608040,0.76798239
608100,0.76798239
608160,0.76798239
608220,0.76798239
608280,0.76798239
608340,0.76798239
608400,0.76798106
608460,0.76798106
608520,0.76798106
608580,0.76798106
608640,0.76798106
608700,0.76798106
608760,0.76798106
608820,0.76798106
608880,0.76798106
608940,0.76798106
609000,0.76798106
609060,0.76798106
609120,0.76798106
609180,0.76798106
609240,0.76798106
609300,0.76798106
609360,0.76798106
609420,0.76797973
609480,0.76797973
609540,0.76797973
609600,0.76797973
609660,0.76797973
609720,0.76797973
609780,0.76797973
609840,0.76797973
609900,0.76797973
609960,0.76797973
610020,0.76797973
610080,0.76797973
610140,0.76797973
610200,0.76797973
610260,0.76797965
610320,0.76797965
610380,0.76797965
610440,0.76797965
610500,0.76797965
610560,0.76797965
610620,0.76797965
610680,0.76797965
610740,0.76797965
610800,0.76797965
610860,0.76797965
610920,0.76797965
610980,0.76797965
611040,0.76797965
611100,0.76797965
611160,0.76797958
611220,0.76797958
611280,0.76797958
611340,0.76797958
611400,0.76797958
611460,0.76797958
611520,0.76797958
611580,0.76797958
611640,0.76797958
611700,0.76797958
611760,0.76797958
611820,0.76797958
611880,0.76797793
611940,0.76797769
612000,0.76797769
612060,0.76797769
612120,0.76797769
612180,0.76797344
612240,0.76797344
612300,0.76797344
612360,0.76797343
612420,0.76796930
612480,0.76796928
612540,0.76796928
612600,0.76796928
612660,0.76796531
612720,0.76796531
612780,0.76796531
612840,0.76796531
612900,0.76796119
612960,0.76796052
613020,0.76796031
613080,0.76796031
613140,0.76795834
613200,0.76795820
613260,0.76795820
613320,0.76795820
613380,0.76795820
613440,0.76795393
613500,0.76795393
613560,0.76795393
613620,0.76795393
613680,0.76795393
613740,0.76795393
613800,0.76795393
613860,0.76795393
613920,0.76795393
613980,0.76795393
614040,0.76795393
614100,0.76795393
614160,0.76795393
614220,0.76795393
614280,0.76795393
614340,0.76795393
614400,0.76795393
614460,0.76795393
614520,0.76795393
614580,0.76795393
614640,0.76795393
614700,0.76795393
614760,0.76795393
614820,0.76795393
614880,0.76795392
614940,0.76795392
615000,0.76795392
615060,0.76795392
615120,0.76795390
615180,0.76795390
615240,0.76795321
615300,0.76795321
615360,0.76795321
615420,0.76795321
615480,0.76795321
615540,0.76795321
615600,0.76795321
615660,0.76795321
615720,0.76795321
615780,0.76795321
615840,0.76795321
615900,0.76795321
615960,0.76795321
616020,0.76795321
616080,0.76795321
616140,0.76795321
616200,0.76795321
616260,0.76795321
616320,0.76795321
616380,0.76795321
616440,0.76795321
616500,0.76795321
616560,0.76795321
616620,0.76795321
616680,0.76795321
616740,0.76795321
616800,0.76795321
616860,0.76795321
616920,0.76795321
616980,0.76795321
617040,0.76795321
617100,0.76795321
617160,0.76795321
617220,0.76795321
617280,0.76795321
617340,0.76795321
617400,0.76795321
617460,0.76795321
617520,0.76795321
617580,0.76795321
617640,0.76795321
617700,0.76795321
617760,0.76795321
617820,0.76795321
617880,0.76795321
617940,0.76795321
618000,0.76795321
618060,0.76795321
618120,0.76795321
618180,0.76795321
618240,0.76795321
618300,0.76795321
618360,0.76795321
618420,0.76795321
618480,0.76795321
618540,0.76795321
618600,0.76795321
618660,0.76795321
618720,0.76795321
618780,0.76795321
618840,0.76795321
618900,0.76795321
618960,0.76795321
619020,0.76795321
619080,0.76795321
619140,0.76795321
619200,0.76795321
619260,0.76795321
619320,0.76795321
619380,0.76795321
619440,0.76795321
619500,0.76795321
619560,0.76795321
619620,0.76795321
619680,0.76795321
619740,0.76795321
619800,0.76795321
619860,0.76795321
619920,0.76795321
619980,0.76795321
620040,0.76795321
620100,0.76795321
620160,0.76795321
620220,0.76795321
620280,0.76795321
620340,0.76795321
620400,0.76795321
620460,0.76795321
620520,0.76795321
620580,0.76795321
620640,0.76795321
620700,0.76795321
620760,0.76795321
620820,0.76795321
620880,0.76795321
620940,0.76795321
621000,0.76795321
621060,0.76795321
621120,0.76795321
621180,0.76795321
621240,0.76795321
621300,0.76795321
621360,0.76795321
621420,0.76795321
621480,0.76795321
621540,0.76795321
621600,0.76795321
621660,0.76795321
621720,0.76795321
621780,0.76795321
621840,0.76795321
621900,0.76795321
621960,0.76795321
622020,0.76795321
622080,0.76795321
622140,0.76795321
622200,0.76795321
622260,0.76795321
622320,0.76795321
622380,0.76795321
622440,0.76795321
622500,0.76795321
622560,0.76795321
622620,0.76795321
622680,0.76795321
622740,0.76795321
622800,0.76795321
622860,0.76795321
622920,0.76795321
622980,0.76795321
623040,0.76795321
623100,0.76795321
623160,0.76795321
623220,0.76795320
623280,0.76795320
623340,0.76795320
623400,0.76795320
623460,0.76795320
623520,0.76795320
623580,0.76795320
623640,0.76795320
623700,0.76795320
623760,0.76795320
623820,0.76795320
623880,0.76795320
623940,0.76795320
624000,0.76795320
624060,0.76795320
624120,0.76795320
624180,0.76795320
624240,0.76795320
624300,0.76795320
624360,0.76795320
624420,0.76795320
624480,0.76795320
624540,0.76795320
624600,0.76795320
624660,0.76795320
624720,0.76795320
624780,0.76795320
624840,0.76795320
624900,0.76795320
624960,0.76795320
625020,0.76795320
625080,0.76795320
625140,0.76795320
625200,0.76795320
625260,0.76795320
625320,0.76795320
625380,0.76795320
625440,0.76795320
625500,0.76795320
625560,0.76795320
625620,0.76795320
625680,0.76795320
625740,0.76795320
625800,0.76795320
625860,0.76795320
625920,0.76795320
625980,0.76795320
626040,0.76795320
626100,0.76795320
626160,0.76795320
626220,0.76795320
626280,0.76795320
626340,0.76795320
626400,0.76795320
626460,0.76795320
626520,0.76795320
626580,0.76795320
626640,0.76795320
626700,0.76795320
626760,0.76795320
626820,0.76795320
626880,0.76795320
626940,0.76795320
627000,0.76795320
627060,0.76795320
627120,0.76795320
627180,0.76795281
627240,0.76795281
627300,0.76795281
627360,0.76795281
627420,0.76795281
627480,0.76795281
627540,0.76795281
627600,0.76795281
627660,0.76795281
627720,0.76795281
627780,0.76795281
627840,0.76795281
627900,0.76795281
627960,0.76795281
628020,0.76795281
628080,0.76795281
628140,0.76795281
628200,0.76795281
628260,0.76795281
628320,0.76795281
628380,0.76795281
628440,0.76795281
628500,0.76795281
628560,0.76795281
628620,0.76795281
628680,0.76795281
628740,0.76795281
628800,0.76795281
628860,0.76795281
628920,0.76795281
628980,0.76795281
629040,0.76795281
629100,0.76795281
629160,0.76795281
629220,0.76795281
629280,0.76795281
629340,0.76795281
629400,0.76795281
629460,0.76795281
629520,0.76795281
629580,0.76795281
629640,0.76795281
629700,0.76795281
629760,0.76795281
629820,0.76795281
629880,0.76795281
629940,0.76795081
630000,0.76795081
630060,0.76795081
630120,0.76795081
630180,0.76795081
630240,0.76795081
630300,0.76795081
630360,0.76795081
630420,0.76795081
630480,0.76795081
630540,0.76794882
630600,0.76794882
630660,0.76794882
630720,0.76794882
630780,0.76794882
630840,0.76794882
630900,0.76794882
630960,0.76794882
631020,0.76794882
631080,0.76794882
631140,0.76794882
631200,0.76794882
631260,0.76794882
631320,0.76794882
631380,0.76794882
631440,0.76794882
631500,0.76794882
631560,0.76794882
631620,0.76794882
631680,0.76794882
631740,0.76794882
631800,0.76794882
631860,0.76794882
631920,0.76794882
631980,0.76794882
632040,0.76794882
632100,0.76794882
632160,0.76794882
632220,0.76794882
632280,0.76794882
632340,0.76794882
632400,0.76794882
632460,0.76794882
632520,0.76794882
632580,0.76794882
632640,0.76794882
632700,0.76794882
632760,0.76794882
632820,0.76794882
632880,0.76794882
632940,0.76794882
633000,0.76794882
633060,0.76794882
633120,0.76794882
633180,0.76794882
633240,0.76794882
633300,0.76794882
633360,0.76794882
633420,0.76794882
633480,0.76794882
633540,0.76794882
633600,0.76794882
633660,0.76794882
633720,0.76794882
633780,0.76794882
633840,0.76794882
633900,0.76794882
633960,0.76794882
634020,0.76794882
634080,0.76794882
634140,0.76794882
634200,0.76794882
634260,0.76794882
634320,0.76794882
634380,0.76794882
634440,0.76794882
634500,0.76794882
634560,0.76794882
634620,0.76794882
634680,0.76794882
634740,0.76794882
634800,0.76794882
634860,0.76794882
634920,0.76794882
634980,0.76794882
635040,0.76794882
635100,0.76794882
635160,0.76794683
635220,0.76794683
635280,0.76794683
635340,0.76794683
635400,0.76794683
635460,0.76794683
635520,0.76794683
635580,0.76794683
635640,0.76794683
635700,0.76794683
635760,0.76794683
635820,0.76794683
635880,0.76794683
635940,0.76794683
636000,0.76794683
636060,0.76794683
636120,0.76794683
636180,0.76794683
636240,0.76794683
636300,0.76794683
636360,0.76794683
636420,0.76794683
636480,0.76794683
636540,0.76794683
636600,0.76794683
636660,0.76794683
636720,0.76794683
636780,0.76794683
636840,0.76794683
636900,0.76794683
636960,0.76794683
637020,0.76794683
637080,0.76794683
637140,0.76794683
637200,0.76794683
637260,0.76794683
637320,0.76794683
637380,0.76794683
637440,0.76794683
637500,0.76794683
637560,0.76794683
637620,0.76794683
637680,0.76794683
637740,0.76794683
637800,0.76794683
637860,0.76794483
637920,0.76794483
637980,0.76794483
638040,0.76794483
638100,0.76794483
638160,0.76794483
638220,0.76794483
638280,0.76794483
638340,0.76794483
638400,0.76794483
638460,0.76794483
638520,0.76794483
638580,0.76794483
638640,0.76794483
638700,0.76794483
638760,0.76794483
638820,0.76794483
638880,0.76794483
638940,0.76794483
639000,0.76794483
639060,0.76794483
639120,0.76794483
639180,0.76794483
639240,0.76794483
639300,0.76794483
639360,0.76794483
639420,0.76794483
639480,0.76794483
639540,0.76794483
639600,0.76794483
639660,0.76794483
639720,0.76794483
639780,0.76794483
639840,0.76794284
639900,0.76794284
639960,0.76794284
640020,0.76794284
640080,0.76794284
640140,0.76794284
640200,0.76794284
640260,0.76794284
640320,0.76794284
640380,0.76794284
640440,0.76794284
640500,0.76794284
640560,0.76794284
640620,0.76794284
640680,0.76794284
640740,0.76794284
640800,0.76794284
640860,0.76794284
640920,0.76794284
640980,0.76794284
641040,0.76794284
641100,0.76794284
641160,0.76794284
641220,0.76794284
641280,0.76794284
641340,0.76794284
641400,0.76794284
641460,0.76794284
641520,0.76794284
641580,0.76794284
641640,0.76794284
641700,0.76794284
641760,0.76794284
641820,0.76794284
641880,0.76794284
641940,0.76794284
642000,0.76794284
642060,0.76794284
642120,0.76794284
642180,0.76794284
642240,0.76794284
642300,0.76794284
642360,0.76794284
642420,0.76794284
642480,0.76794284
642540,0.76794284
642600,0.76794284
642660,0.76794284
642720,0.76794284
642780,0.76794284
642840,0.76794284
642900,0.76794090
642960,0.76794090
643020,0.76794090
643080,0.76794090
643140,0.76794090
643200,0.76794090
643260,0.76794090
643320,0.76794090
643380,0.76794090
643440,0.76794090
643500,0.76794090
643560,0.76794090
643620,0.76794090
643680,0.76794090
643740,0.76794090
643800,0.76794090
643860,0.76794090
643920,0.76794090
643980,0.76794090
644040,0.76794090
644100,0.76794090
644160,0.76794090
644220,0.76794090
644280,0.76794090
644340,0.76794070
644400,0.76794070
644460,0.76794070
644520,0.76794070
644580,0.76794070
644640,0.76794070
644700,0.76794070
644760,0.76794070
644820,0.76794070
644880,0.76794070
644940,0.76794070
645000,0.76794070
645060,0.76794070
645120,0.76794070
645180,0.76794070
645240,0.76794070
645300,0.76794070
645360,0.76794070
645420,0.76794070
645480,0.76794070
645540,0.76794070
645600,0.76794070
645660,0.76794070
645720,0.76794070
645780,0.76794070
645840,0.76794070
645900,0.76794070
645960,0.76794070
646020,0.76794070
646080,0.76794070
646140,0.76794070
646200,0.76794070
646260,0.76794070
646320,0.76794070
646380,0.76794070
646440,0.76794070
646500,0.76794070
646560,0.76794070
646620,0.76794070
646680,0.76794070
646740,0.76794070
646800,0.76794070
646860,0.76794070
646920,0.76794070
646980,0.76794070
647040,0.76794070
647100,0.76794070
647160,0.76794070
647220,0.76794070
647280,0.76794070
647340,0.76794070
647400,0.76794070
647460,0.76794070
647520,0.76794070
647580,0.76794070
647640,0.76794070
647700,0.76794070
647760,0.76794070
647820,0.76794070
647880,0.76794070
647940,0.76794070
648000,0.76794070
648060,0.76794070
648120,0.76794070
648180,0.76794070
648240,0.76794070
648300,0.76794070
648360,0.76794070
648420,0.76794070
648480,0.76794070
648540,0.76794070
648600,0.76794070
648660,0.76794070
648720,0.76794070
648780,0.76794070
648840,0.76794070
648900,0.76794070
648960,0.76794070
649020,0.76794070
649080,0.76794070
649140,0.76794070
649200,0.76794070
649260,0.76794070
649320,0.76794070
649380,0.76794070
649440,0.76794070
649500,0.76794070
649560,0.76794070
649620,0.76794070
649680,0.76794070
649740,0.76794070
649800,0.76794070
649860,0.76794070
649920,0.76794070
649980,0.76794070
650040,0.76794070
650100,0.76794070
650160,0.76794070
650220,0.76794070
650280,0.76794070
650340,0.76794070
650400,0.76794070
650460,0.76794070
650520,0.76794070
650580,0.76794070
650640,0.76794070
650700,0.76794070
650760,0.76794070
650820,0.76794070
650880,0.76794070
650940,0.76794070
651000,0.76794070
651060,0.76794070
651120,0.76794070
651180,0.76794070
651240,0.76794070
651300,0.76794070
651360,0.76794070
651420,0.76794070
651480,0.76794070
651540,0.76794070
651600,0.76794070
651660,0.76794070
651720,0.76794070
651780,0.76794070
651840,0.76794070
651900,0.76794070
651960,0.76794070
652020,0.76794070
652080,0.76794070
652140,0.76794070
652200,0.76794070
652260,0.76794070
652320,0.76794070
652380,0.76794070
652440,0.76794070
652500,0.76794070
652560,0.76794070
652620,0.76794070
652680,0.76794070
652740,0.76794070
652800,0.76794070
652860,0.76794070
652920,0.76794070
652980,0.76794070
653040,0.76794070
653100,0.76794070
653160,0.76794070
653220,0.76794070
653280,0.76794070
653340,0.76794070
653400,0.76794070
653460,0.76794070
653520,0.76794070
653580,0.76794070
653640,0.76794070
653700,0.76794070
653760,0.76794070
653820,0.76794070
653880,0.76794070
653940,0.76794070
654000,0.76794070
654060,0.76794070
654120,0.76794070
654180,0.76794070
654240,0.76794070
654300,0.76794070
654360,0.76794070
654420,0.76794070
654480,0.76794070
654540,0.76794070
654600,0.76794070
654660,0.76794070
654720,0.76794070
654780,0.76794070
654840,0.76794070
654900,0.76794070
654960,0.76794070
655020,0.76794070
655080,0.76794070
655140,0.76794070
655200,0.76794070
655260,0.76794070
655320,0.76794070
655380,0.76794070
655440,0.76794070
655500,0.76794070
655560,0.76794070
655620,0.76794070
655680,0.76794070
655740,0.76794070
655800,0.76794070
655860,0.76794070
655920,0.76794070
655980,0.76794070
656040,0.76794070
656100,0.76794070
656160,0.76794070
656220,0.76794070
656280,0.76794070
656340,0.76794070
656400,0.76794070
656460,0.76794070
656520,0.76794070
656580,0.76794070
656640,0.76794070
656700,0.76794070
656760,0.76794070
656820,0.76794070
656880,0.76794070
656940,0.76794070
657000,0.76794070
657060,0.76794070
657120,0.76790697
657180,0.76790697
657240,0.76790697
657300,0.76790697
657360,0.76790697
657420,0.76790697
657480,0.76790697
657540,0.76790697
657600,0.76790697
657660,0.76790697
657720,0.76790697
657780,0.76790697
657840,0.76790697
657900,0.76790697
657960,0.76790697
658020,0.76790697
658080,0.76790697
658140,0.76790697
658200,0.76790697
658260,0.76790697
658320,0.76790697
658380,0.76790697
658440,0.76790697
658500,0.76790697
658560,0.76790697
658620,0.76790697
658680,0.76790697
658740,0.76790697
658800,0.76790697
658860,0.76790697
658920,0.76790697
658980,0.76790697
659040,0.76790697
659100,0.76790697
659160,0.76790697
659220,0.76790697
659280,0.76790697
659340,0.76790697
659400,0.76790697
659460,0.76790697
659520,0.76790697
659580,0.76790697
659640,0.76790697
659700,0.76790697
659760,0.76790697
659820,0.76790697
659880,0.76790697
659940,0.76790697
660000,0.76790697
660060,0.76790697
660120,0.76790697
660180,0.76790697
660240,0.76790697
660300,0.76790697
660360,0.76790697
660420,0.76790697
660480,0.76790697
660540,0.76790626
660600,0.76790626
660660,0.76790626
660720,0.76790626
660780,0.76790626
660840,0.76790626
660900,0.76790626
660960,0.76790626
661020,0.76790626
661080,0.76790626
661140,0.76790626
661200,0.76790626
661260,0.76790626
661320,0.76790626
661380,0.76790626
661440,0.76790626
661500,0.76790626
661560,0.76790626
661620,0.76790626
661680,0.76790626
661740,0.76790626
661800,0.76790626
661860,0.76790626
661920,0.76790626
661980,0.76790626
662040,0.76790626
662100,0.76790626
662160,0.76790626
662220,0.76790626
662280,0.76790626
662340,0.76790626
662400,0.76790626
662460,0.76790626
662520,0.76790626
662580,0.76790626
662640,0.76790626
662700,0.76790626
662760,0.76790626
662820,0.76790626
662880,0.76790626
662940,0.76790626
663000,0.76790626
663060,0.76790556
663120,0.76790556
663180,0.76790556
663240,0.76790556
663300,0.76790556
663360,0.76790556
663420,0.76790556
663480,0.76790556
663540,0.76790556
663600,0.76790555
663660,0.76790555
663720,0.76790555
663780,0.76790555
663840,0.76790555
663900,0.76790555
663960,0.76790555
664020,0.76790555
664080,0.76790555
664140,0.76790555
664200,0.76790555
664260,0.76790555
664320,0.76790555
664380,0.76790555
664440,0.76790555
664500,0.76790555
664560,0.76790555
664620,0.76790555
664680,0.76790555
664740,0.76790555
664800,0.76790555
664860,0.76790555
664920,0.76790555
664980,0.76790555
665040,0.76790555
665100,0.76790555
665160,0.76790555
665220,0.76790555
665280,0.76790555
665340,0.76790555
665400,0.76790555
665460,0.76790555
665520,0.76790555
665580,0.76790555
665640,0.76790555
665700,0.76790555
665760,0.76790555
665820,0.76790555
665880,0.76790555
665940,0.76790555
666000,0.76790555
666060,0.76790555
666120,0.76790555
666180,0.76790555
666240,0.76790555
666300,0.76790555
666360,0.76790555
666420,0.76790555
666480,0.76790555
666540,0.76790555
666600,0.76790555
666660,0.76790555
666720,0.76790555
666780,0.76790555
666840,0.76790555
666900,0.76790555
666960,0.76790555
667020,0.76790555
667080,0.76790555
667140,0.76790485
667200,0.76790382
667260,0.76790382
667320,0.76790382
667380,0.76790382
667440,0.76790382
667500,0.76790382
667560,0.76790382
667620,0.76790382
667680,0.76790382
667740,0.76790382
667800,0.76789581
667860,0.76787011
667920,0.76784788
667980,0.76784121
668040,0.76784121
668100,0.76784121
668160,0.76784121
668220,0.76784121
668280,0.76784121
668340,0.76784121
668400,0.76784121
668460,0.76784121
668520,0.76784121
668580,0.76784121
668640,0.76784121
668700,0.76784121
668760,0.76784121
668820,0.76784121
668880,0.76784121
668940,0.76784121
669000,0.76784121
669060,0.76784121
669120,0.76784121
669180,0.76784121
669240,0.76784121
669300,0.76784121
669360,0.76784121
669420,0.76784121
669480,0.76784121
669540,0.76784121
669600,0.76784121
669660,0.76784121
669720,0.76784121
669780,0.76784121
669840,0.76784121
669900,0.76784121
669960,0.76784121
670020,0.76784121
670080,0.76784121
670140,0.76784121
670200,0.76784121
670260,0.76784121
670320,0.76784121
670380,0.76784121
670440,0.76784121
670500,0.76784121
670560,0.76784121
670620,0.76784121
670680,0.76784121
670740,0.76784121
670800,0.76784121
670860,0.76784121
670920,0.76784121
670980,0.76784121
671040,0.76784121
671100,0.76784121
671160,0.76784121
671220,0.76784121
671280,0.76784121
671340,0.76784121
671400,0.76784121
671460,0.76784121
671520,0.76784121
671580,0.76784121
671640,0.76784121
671700,0.76784121
671760,0.76784121
671820,0.76784121
671880,0.76784121
671940,0.76784121
672000,0.76784121
672060,0.76784121
672120,0.76784121
672180,0.76784121
672240,0.76784121
672300,0.76784121
672360,0.76784121
672420,0.76784121
672480,0.76784121
672540,0.76784121
672600,0.76784121
672660,0.76784121
672720,0.76784121
672780,0.76784121
672840,0.76784121
672900,0.76784121
672960,0.76784120
673020,0.76784120
673080,0.76784120
673140,0.76784120
673200,0.76784120
673260,0.76784120
673320,0.76784120
673380,0.76784120
673440,0.76784120
673500,0.76784120
673560,0.76784120
673620,0.76784120
673680,0.76784120
673740,0.76784120
673800,0.76784120
673860,0.76784120
673920,0.76784120
673980,0.76784051
674040,0.76784051
674100,0.76784051
674160,0.76784051
674220,0.76783981
674280,0.76783981
674340,0.76783981
674400,0.76783981
674460,0.76783981
674520,0.76783981
674580,0.76783981
674640,0.76783981
674700,0.76783981
674760,0.76783981
674820,0.76783981
674880,0.76783981
674940,0.76783981
675000,0.76783981
675060,0.76783981
675120,0.76783981
675180,0.76783981
675240,0.76783981
675300,0.76783981
675360,0.76783981
675420,0.76783981
675480,0.76783981
675540,0.76783981
675600,0.76783981
675660,0.76783981
675720,0.76783981
675780,0.76783981
675840,0.76783981
675900,0.76783981
675960,0.76783981
676020,0.76783981
676080,0.76783981
676140,0.76783981
676200,0.76783981
676260,0.76783981
676320,0.76783981
676380,0.76783981
676440,0.76783981
676500,0.76783981
676560,0.76783981
676620,0.76783910
676680,0.76783910
676740,0.76783910
676800,0.76776967
676860,0.76776967
676920,0.76776967
676980,0.76776967
677040,0.76776967
677100,0.76776967
677160,0.76776967
677220,0.76776967
677280,0.76776967
677340,0.76776967
677400,0.76776967
677460,0.76776967
677520,0.76776967
677580,0.76776896
677640,0.76776896
677700,0.76776896
677760,0.76776896
677820,0.76776896
677880,0.76776826
677940,0.76776826
678000,0.76776826
678060,0.76776826
678120,0.76776826
678180,0.76776826
678240,0.76776826
678300,0.76776826
678360,0.76776826
678420,0.76776826
678480,0.76776826
678540,0.76776826
678600,0.76776826
678660,0.76776826
678720,0.76776826
678780,0.76776826
678840,0.76776826
678900,0.76776826
678960,0.76776826
679020,0.76776826
679080,0.76776826
679140,0.76776826
679200,0.76776826
679260,0.76776826
679320,0.76776826
679380,0.76776826
679440,0.76776826
679500,0.76776826
679560,0.76776826
679620,0.76776755
679680,0.76776755
679740,0.76776755
679800,0.76776685
679860,0.76776685
679920,0.76776685
679980,0.76776685
680040,0.76776685
680100,0.76776685
680160,0.76776685
680220,0.76776685
680280,0.76776685
680340,0.76776685
680400,0.76776685
680460,0.76776685
680520,0.76776685
680580,0.76776391
680640,0.76776391
680700,0.76776391
680760,0.76776391
680820,0.76776391
680880,0.76776321
680940,0.76776321
681000,0.76776262
681060,0.76769316
681120,0.76762373
681180,0.76755390
681240,0.76755390
681300,0.76755390
681360,0.76755390
681420,0.76755390
681480,0.76755390
681540,0.76755390
681600,0.76755390
681660,0.76755390
681720,0.76755390
681780,0.76755390
681840,0.76755390
681900,0.76755390
681960,0.76755390
682020,0.76755390
682080,0.76755390
682140,0.76755390
682200,0.76755390
682260,0.76755390
682320,0.76755390
682380,0.76755390
682440,0.76755390
682500,0.76755390
682560,0.76755390
682620,0.76755390
682680,0.76755390
682740,0.76755390
682800,0.76755390
682860,0.76755390
682920,0.76755390
682980,0.76755319
683040,0.76755319
683100,0.76755319
683160,0.76755319
683220,0.76755319
683280,0.76755319
683340,0.76755319
683400,0.76755319
683460,0.76755319
683520,0.76755319
683580,0.76755319
683640,0.76755319
683700,0.76755319
683760,0.76755319
683820,0.76755319
683880,0.76755319
683940,0.76755319
684000,0.76755319
684060,0.76755319
684120,0.76755319
684180,0.76755319
684240,0.76755319
684300,0.76755319
684360,0.76755319
684420,0.76755319
684480,0.76755319
684540,0.76755319
684600,0.76755319
684660,0.76755319
684720,0.76755319
684780,0.76755319
684840,0.76755319
684900,0.76755319
684960,0.76755319
685020,0.76755319
685080,0.76755319
685140,0.76755319
685200,0.76755319
685260,0.76755319
685320,0.76755319
685380,0.76755319
685440,0.76755319
685500,0.76755319
685560,0.76755319
685620,0.76755319
685680,0.76755319
685740,0.76755319
685800,0.76755319
685860,0.76755319
685920,0.76755319
685980,0.76755319
686040,0.76755319
686100,0.76755319
686160,0.76755319
686220,0.76755319
686280,0.76755319
686340,0.76755319
686400,0.76755319
686460,0.76755319
686520,0.76755319
686580,0.76755319
686640,0.76755319
686700,0.76755319
686760,0.76755319
686820,0.76755319
686880,0.76755319
686940,0.76755319
687000,0.76755319
687060,0.76755319
687120,0.76755319
687180,0.76755319
687240,0.76755319
687300,0.76755319
687360,0.76755319
687420,0.76755319
687480,0.76755319
687540,0.76755319
687600,0.76755319
687660,0.76755319
687720,0.76755319
687780,0.76755319
687840,0.76755319
687900,0.76755319
687960,0.76755319
688020,0.76755319
688080,0.76755319
688140,0.76755319
688200,0.76755319
688260,0.76755319
688320,0.76755319
688380,0.76755319
688440,0.76755283
688500,0.76755229
688560,0.76755229
688620,0.76755229
688680,0.76755229
688740,0.76755229
688800,0.76755229
688860,0.76755229
688920,0.76755229
688980,0.76755229
689040,0.76755229
689100,0.76755229
689160,0.76755229
689220,0.76755229
689280,0.76755158
689340,0.76755158
689400,0.76755158
689460,0.76755158
689520,0.76755158
689580,0.76755158
689640,0.76755158
689700,0.76755158
689760,0.76755158
689820,0.76755158
689880,0.76755158
689940,0.76755158
690000,0.76755158
690060,0.76755158
690120,0.76755158
690180,0.76755158
690240,0.76755139
690300,0.76755139
690360,0.76755139
690420,0.76755139
690480,0.76755139
690540,0.76755139
690600,0.76755139
690660,0.76755139
690720,0.76755139
690780,0.76755139
690840,0.76755139
690900,0.76755139
690960,0.76755139
691020,0.76755139
691080,0.76755139
691140,0.76755139
691200,0.76755139
691260,0.76755139
691320,0.76755139
691380,0.76755139
691440,0.76755139
691500,0.76755139
691560,0.76755139
691620,0.76755139
691680,0.76755139
691740,0.76755139
691800,0.76755139
691860,0.76755139
691920,0.76755139
691980,0.76755139
692040,0.76755139
692100,0.76755139
692160,0.76755139
692220,0.76755139
692280,0.76755139
692340,0.76755139
692400,0.76755139
692460,0.76755139
692520,0.76755139
692580,0.76755139
692640,0.76755139
692700,0.76755139
692760,0.76755139
692820,0.76755139
692880,0.76755139
692940,0.76755139
693000,0.76755139
693060,0.76755139
693120,0.76755139
693180,0.76755139
693240,0.76755139
693300,0.76755139
693360,0.76755139
693420,0.76755139
693480,0.76755139
693540,0.76755139
693600,0.76755139
693660,0.76755139
693720,0.76755139
693780,0.76755139
693840,0.76755139
693900,0.76755139
693960,0.76755139
694020,0.76755139
694080,0.76755139
694140,0.76755139
694200,0.76755139
694260,0.76755139
694320,0.76755139
694380,0.76755139
694440,0.76755139
694500,0.76755139
694560,0.76755122
694620,0.76753999
694680,0.76753999
694740,0.76753999
694800,0.76753999
694860,0.76753999
694920,0.76753999
694980,0.76753999
695040,0.76753999
695100,0.76753999
695160,0.76753999
695220,0.76753999
695280,0.76753928
695340,0.76753928
695400,0.76753688
695460,0.76752967
695520,0.76752727
695580,0.76752727
695640,0.76752727
695700,0.76752727
695760,0.76752727
695820,0.76752727
695880,0.76752727
695940,0.76752727
696000,0.76752727
696060,0.76752727
696120,0.76752727
696180,0.76752727
696240,0.76752727
696300,0.76752727
696360,0.76752727
696420,0.76752727
696480,0.76752727
696540,0.76752727
696600,0.76752727
696660,0.76752727
696720,0.76752727
696780,0.76752727
696840,0.76752727
696900,0.76752727
696960,0.76752727
697020,0.76752727
697080,0.76752727
697140,0.76752727
697200,0.76752727
697260,0.76752727
697320,0.76752727
697380,0.76752727
697440,0.76752727
697500,0.76752727
697560,0.76752727
697620,0.76752727
697680,0.76752727
697740,0.76752727
697800,0.76752727
697860,0.76752727
697920,0.76752727
697980,0.76752727
698040,0.76752727
698100,0.76752727
698160,0.76752727
698220,0.76752727
698280,0.76752655
698340,0.76752655
698400,0.76752655
698460,0.76752655
698520,0.76752655
698580,0.76752655
698640,0.76752655
698700,0.76752655
698760,0.76752655
698820,0.76752655
698880,0.76752655
698940,0.76752655
699000,0.76752655
699060,0.76752655
699120,0.76752655
699180,0.76752655
699240,0.76752655
699300,0.76752655
699360,0.76752655
699420,0.76752655
699480,0.76752655
699540,0.76752655
699600,0.76752655
699660,0.76752655
699720,0.76752655
699780,0.76752655
699840,0.76752655
699900,0.76752655
699960,0.76752655
700020,0.76752655
700080,0.76752655
700140,0.76752655
700200,0.76752655
700260,0.76752655
700320,0.76752655
700380,0.76752655
700440,0.76752655
700500,0.76752655
700560,0.76752655
700620,0.76752655
700680,0.76752655
700740,0.76752655
700800,0.76752655
700860,0.76752655
700920,0.76752655
700980,0.76752583
701040,0.76752583
701100,0.76752583
701160,0.76752583
701220,0.76752583
701280,0.76752583
701340,0.76752583
701400,0.76752583
701460,0.76752583
701520,0.76752583
701580,0.76752583
701640,0.76752583
701700,0.76752583
701760,0.76752583
701820,0.76752583
701880,0.76752583
701940,0.76752583
702000,0.76752583
702060,0.76752583
702120,0.76752583
702180,0.76752583
702240,0.76752583
702300,0.76752583
702360,0.76752512
702420,0.76752512
702480,0.76752512
702540,0.76752512
702600,0.76752512
702660,0.76752511
702720,0.76752511
702780,0.76752511
702840,0.76752511
702900,0.76752511
702960,0.76752511
703020,0.76752511
703080,0.76752511
703140,0.76752511
703200,0.76752511
703260,0.76752511
703320,0.76752511
703380,0.76752511
703440,0.76752511
703500,0.76752511
703560,0.76752511
703620,0.76752511
703680,0.76752511
703740,0.76752511
703800,0.76752511
703860,0.76752511
703920,0.76752511
703980,0.76752511
704040,0.76752511
704100,0.76752511
704160,0.76752511
704220,0.76752511
704280,0.76752511
704340,0.76752511
704400,0.76752511
704460,0.76752511
704520,0.76752511
704580,0.76752511
704640,0.76752511
704700,0.76752511
704760,0.76752511
704820,0.76752511
704880,0.76752511
704940,0.76752511
705000,0.76752511
705060,0.76752511
705120,0.76752511
705180,0.76752511
705240,0.76752511
705300,0.76752511
705360,0.76752511
705420,0.76752511
705480,0.76752511
705540,0.76752511
705600,0.76752511
705660,0.76752511
705720,0.76752511
705780,0.76752511
705840,0.76752511
705900,0.76752511
705960,0.76752511
706020,0.76752511
706080,0.76752511
706140,0.76752511
706200,0.76752511
706260,0.76752511
706320,0.76752511
706380,0.76752511
706440,0.76752511
706500,0.76752511
706560,0.76752511
706620,0.76752511
706680,0.76752511
706740,0.76752511
706800,0.76752511
706860,0.76752511
706920,0.76752511
706980,0.76752511
707040,0.76752439
707100,0.76752439
707160,0.76752439
707220,0.76752439
707280,0.76752439
707340,0.76752439
707400,0.76752439
707460,0.76752439
707520,0.76752439
707580,0.76752439
707640,0.76752439
707700,0.76752439
707760,0.76752439
707820,0.76752439
707880,0.76752439
707940,0.76752439
708000,0.76752439
708060,0.76752439
708120,0.76752439
708180,0.76752439
708240,0.76752439
708300,0.76752439
708360,0.76752439
708420,0.76752439
708480,0.76752439
708540,0.76752439
708600,0.76752439
708660,0.76752439
708720,0.76752439
708780,0.76752439
708840,0.76752439
708900,0.76752439
708960,0.76752439
709020,0.76752439
709080,0.76752439
709140,0.76752439
709200,0.76752439
709260,0.76752439
709320,0.76752439
709380,0.76752439
709440,0.76752439
709500,0.76752439
709560,0.76752439
709620,0.76752439
709680,0.76752439
709740,0.76752439
709800,0.76752439
709860,0.76752439
709920,0.76752439
709980,0.76752439
710040,0.76752439
710100,0.76752367
710160,0.76752367
710220,0.76752367
710280,0.76752367
710340,0.76752367
710400,0.76752367
710460,0.76752367
710520,0.76752367
710580,0.76752367
710640,0.76752367
710700,0.76752367
710760,0.76752367
710820,0.76752367
710880,0.76752367
710940,0.76752367
711000,0.76752367
711060,0.76752367
711120,0.76752367
711180,0.76752367
711240,0.76752367
711300,0.76752367
711360,0.76752367
711420,0.76752367
711480,0.76752367
711540,0.76752367
711600,0.76752367
711660,0.76752367
711720,0.76752367
711780,0.76752367
711840,0.76752367
711900,0.76752367
711960,0.76752367
712020,0.76752367
712080,0.76752367
712140,0.76752367
712200,0.76752367
712260,0.76752367
712320,0.76752367
712380,0.76752367
712440,0.76752367
712500,0.76752367
712560,0.76752367
712620,0.76752367
712680,0.76752367
712740,0.76752367
712800,0.76752295
712860,0.76752295
712920,0.76752295
712980,0.76752295
713040,0.76752295
713100,0.76752295
713160,0.76752295
713220,0.76752295
713280,0.76752295
713340,0.76752295
713400,0.76752295
713460,0.76752295
713520,0.76752295
713580,0.76752295
713640,0.76752295
713700,0.76752295
713760,0.76752295
713820,0.76752295
713880,0.76752295
713940,0.76752295
714000,0.76752295
714060,0.76752295
714120,0.76752295
714180,0.76752295
714240,0.76752295
714300,0.76752295
714360,0.76752295
714420,0.76752295
714480,0.76752295
714540,0.76752295
714600,0.76752295
714660,0.76752295
714720,0.76752295
714780,0.76752295
714840,0.76752295
714900,0.76752295
714960,0.76752295
715020,0.76752295
715080,0.76752295
715140,0.76752295
715200,0.76752295
715260,0.76752295
715320,0.76752295
715380,0.76752295
715440,0.76752295
715500,0.76752295
715560,0.76752295
715620,0.76752295
715680,0.76752295
715740,0.76752295
715800,0.76752295
715860,0.76752295
715920,0.76752295
715980,0.76752295
716040,0.76752295
716100,0.76752295
716160,0.76752295
716220,0.76752295
716280,0.76752295
716340,0.76752295
716400,0.76752295
716460,0.76752295
716520,0.76752295
716580,0.76752295
716640,0.76752295
716700,0.76752295
716760,0.76752295
716820,0.76752295
716880,0.76752295
716940,0.76752295
717000,0.76752295
717060,0.76752295
717120,0.76752295
717180,0.76752295
717240,0.76752295
717300,0.76752295
717360,0.76752295
717420,0.76752295
717480,0.76752295
717540,0.76752295
717600,0.76752295
717660,0.76752295
717720,0.76729535
717780,0.76729535
717840,0.76729535
717900,0.76729535
717960,0.76729535
718020,0.76729535
718080,0.76729535
718140,0.76729535
718200,0.76729535
718260,0.76729535
718320,0.76729535
718380,0.76729535
718440,0.76729535
718500,0.76729535
718560,0.76729535
718620,0.76729535
718680,0.76729535
718740,0.76729535
718800,0.76729535
718860,0.76729535
718920,0.76729535
718980,0.76729535
719040,0.76729535
719100,0.76729535
719160,0.76729535
719220,0.76729535
719280,0.76729535
719340,0.76729535
719400,0.76729535
719460,0.76729535
719520,0.76729535
719580,0.76729535
719640,0.76729535
719700,0.76729535
719760,0.76729535
719820,0.76729535
719880,0.76729535
719940,0.76729535
720000,0.76729535
720060,0.76729535
720120,0.76729535
720180,0.76729535
720240,0.76729535
720300,0.76729535
720360,0.76729535
720420,0.76729535
720480,0.76729535
720540,0.76729535
720600,0.76729535
720660,0.76729535
720720,0.76729535
720780,0.76729535
720840,0.76729535
720900,0.76729535
720960,0.76729535
721020,0.76729535
721080,0.76729535
721140,0.76729535
721200,0.76729535
721260,0.76729535
721320,0.76729535
721380,0.76729535
721440,0.76729535
721500,0.76729535
721560,0.76729535
721620,0.76729535
721680,0.76729535
721740,0.76729535
721800,0.76729535
721860,0.76729535
721920,0.76729535
721980,0.76729535
722040,0.76729535
722100,0.76729535
722160,0.76729535
722220,0.76729535
722280,0.76729535
722340,0.76729535
722400,0.76729535
722460,0.76729535
722520,0.76729535
722580,0.76729535
722640,0.76729535
722700,0.76729535
722760,0.76729535
722820,0.76729535
722880,0.76729535
722940,0.76729535
723000,0.76729535
723060,0.76729535
723120,0.76729535
723180,0.76729535
723240,0.76729535
723300,0.76729535
723360,0.76729535
723420,0.76729535
723480,0.76729535
723540,0.76729535
723600,0.76729535
723660,0.76729535
723720,0.76729535
723780,0.76729535
723840,0.76729535
723900,0.76729535
723960,0.76729535
724020,0.76729535
724080,0.76729535
724140,0.76729535
724200,0.76729535
724260,0.76729535
724320,0.76729535
724380,0.76729535
724440,0.76729535
724500,0.76729535
724560,0.76729535
724620,0.76729535
724680,0.76729535
724740,0.76729535
724800,0.76729535
724860,0.76729535
724920,0.76729535
724980,0.76729535
725040,0.76729535
725100,0.76729535
725160,0.76729535
725220,0.76729535
725280,0.76729535
725340,0.76729535
725400,0.76729535
725460,0.76729535
725520,0.76729535
725580,0.76729535
725640,0.76729535
725700,0.76729535
725760,0.76713195
725820,0.76713195
725880,0.76713195
725940,0.76713195
726000,0.76713195
726060,0.76713195
726120,0.76713195
726180,0.76713195
726240,0.76713195
726300,0.76713195
726360,0.76713195
726420,0.76713195
726480,0.76713195
726540,0.76713195
726600,0.76713195
726660,0.76713195
726720,0.76713195
726780,0.76713195
726840,0.76713195
726900,0.76713195
726960,0.76713195
727020,0.76713195
727080,0.76713195
727140,0.76713195
727200,0.76713195
727260,0.76713195
727320,0.76713195
727380,0.76713195
727440,0.76713195
727500,0.76713195
727560,0.76713195
727620,0.76713195
727680,0.76713195
727740,0.76713195
727800,0.76713195
727860,0.76713195
727920,0.76713195
727980,0.76713195
728040,0.76713195
728100,0.76713195
728160,0.76713195
728220,0.76713195
728280,0.76713195
728340,0.76713195
728400,0.76713195
728460,0.76713195
728520,0.76713195
728580,0.76713195
728640,0.76713195
728700,0.76713195
728760,0.76713195
728820,0.76713195
728880,0.76713195
728940,0.76713195
729000,0.76713195
729060,0.76713195
729120,0.76713195
729180,0.76713195
729240,0.76713195
729300,0.76713195
729360,0.76713195
729420,0.76713195
729480,0.76713195
729540,0.76713195
729600,0.76713195
729660,0.76713195
729720,0.76713195
729780,0.76713195
729840,0.76713195
729900,0.76713195
729960,0.76713195
730020,0.76713195
730080,0.76713195
730140,0.76713195
730200,0.76713195
730260,0.76713195
730320,0.76713195
730380,0.76713195
730440,0.76713195
730500,0.76713195
730560,0.76713123
730620,0.76713123
730680,0.76713123
730740,0.76713123
730800,0.76713123
730860,0.76713123
730920,0.76713123
730980,0.76713123
731040,0.76713123
731100,0.76713123
731160,0.76713123
731220,0.76713123
731280,0.76713123
731340,0.76713123
731400,0.76713123
731460,0.76713123
731520,0.76713123
731580,0.76713123
731640,0.76713123
731700,0.76713123
731760,0.76713123
731820,0.76713123
731880,0.76713123
731940,0.76713123
732000,0.76713123
732060,0.76713123
732120,0.76713123
732180,0.76713123
732240,0.76713123
732300,0.76713123
732360,0.76713123
732420,0.76713123
732480,0.76713123
732540,0.76713123
732600,0.76713123
732660,0.76713123
732720,0.76713123
732780,0.76713123
732840,0.76713123
732900,0.76713123
732960,0.76713123
733020,0.76713123
733080,0.76713123
733140,0.76713123
733200,0.76713123
733260,0.76713051
733320,0.76713051
733380,0.76713051
733440,0.76713051
733500,0.76713051
733560,0.76713051
733620,0.76713051
733680,0.76713051
733740,0.76713051
733800,0.76713051
733860,0.76713051
733920,0.76713051
733980,0.76713051
734040,0.76713051
734100,0.76713051
734160,0.76713051
734220,0.76713051
734280,0.76713051
734340,0.76713051
734400,0.76713051
734460,0.76713051
734520,0.76713051
734580,0.76713051
734640,0.76713051
734700,0.76713051
734760,0.76713051
734820,0.76713051
734880,0.76713051
734940,0.76713051
735000,0.76713051
735060,0.76713051
735120,0.76713051
735180,0.76713051
735240,0.76713051
735300,0.76713051
735360,0.76713051
735420,0.76713051
735480,0.76713051
735540,0.76713051
735600,0.76713051
735660,0.76713051
735720,0.76713051
735780,0.76713051
735840,0.76713051
735900,0.76713051
735960,0.76713051
736020,0.76713051
736080,0.76713051
736140,0.76713051
736200,0.76713051
736260,0.76713051
736320,0.76713051
736380,0.76713051
736440,0.76713051
736500,0.76713051
736560,0.76713051
736620,0.76713051
736680,0.76713051
736740,0.76713051
736800,0.76713051
736860,0.76713051
736920,0.76713051
736980,0.76713051
737040,0.76713051
737100,0.76713051
737160,0.76713051
737220,0.76713051
737280,0.76713051
737340,0.76713051
737400,0.76713051
737460,0.76713051
737520,0.76713051
737580,0.76713051
737640,0.76713051
737700,0.76713051
737760,0.76713051
737820,0.76713051
737880,0.76713051
737940,0.76713051
738000,0.76713051
738060,0.76713051
738120,0.76713051
738180,0.76713051
738240,0.76712979
738300,0.76712979
738360,0.76712979
738420,0.76712979
738480,0.76712979
738540,0.76712979
738600,0.76712979
738660,0.76712979
738720,0.76712979
738780,0.76712979
738840,0.76712979
738900,0.76712979
738960,0.76712979
739020,0.76712979
739080,0.76712979
739140,0.76712979
739200,0.76712979
739260,0.76712979
739320,0.76712979
739380,0.76712979
739440,0.76712979
739500,0.76712979
739560,0.76712979
739620,0.76712979
739680,0.76712979
739740,0.76712979
739800,0.76712979
739860,0.76712979
739920,0.76712979
739980,0.76712979
740040,0.76712979
740100,0.76712979
740160,0.76712979
740220,0.76712979
740280,0.76712979
740340,0.76712979
740400,0.76712979
740460,0.76712979
740520,0.76712979
740580,0.76712979
740640,0.76712979
740700,0.76712979
740760,0.76712979
740820,0.76712979
740880,0.76712979
740940,0.76712979
741000,0.76712979
741060,0.76712979
741120,0.76712979
741180,0.76712979
741240,0.76712979
741300,0.76712979
741360,0.76712979
741420,0.76712979
741480,0.76712979
741540,0.76712979
741600,0.76712979
741660,0.76712979
741720,0.76712979
741780,0.76712979
741840,0.76712979
741900,0.76712979
741960,0.76712979
742020,0.76712979
742080,0.76712979
742140,0.76712979
742200,0.76712979
742260,0.76712979
742320,0.76712979
742380,0.76712979
742440,0.76712979
742500,0.76712979
742560,0.76712979
742620,0.76712979
742680,0.76712979
742740,0.76712979
742800,0.76712979
742860,0.76712979
742920,0.76712979
742980,0.76712979
743040,0.76712979
743100,0.76712979
743160,0.76712907
743220,0.76712907
743280,0.76712907
743340,0.76712907
743400,0.76712907
743460,0.76712907
743520,0.76712907
743580,0.76712907
743640,0.76712907
743700,0.76712907
743760,0.76712907
743820,0.76712907
743880,0.76712907
743940,0.76712907
744000,0.76712907
744060,0.76712907
744120,0.76712907
744180,0.76712907
744240,0.76712907
744300,0.76712907
744360,0.76712907
744420,0.76712907
744480,0.76712907
744540,0.76712907
744600,0.76712907
744660,0.76712907
744720,0.76712907
744780,0.76712907
744840,0.76712907
744900,0.76712907
744960,0.76712907
745020,0.76712907
745080,0.76712907
745140,0.76712907
745200,0.76712907
745260,0.76712907
745320,0.76712907
745380,0.76712907
745440,0.76712907
745500,0.76712907
745560,0.76712907
745620,0.76712907
745680,0.76712907
745740,0.76712907
745800,0.76712907
745860,0.76712907
745920,0.76712907
745980,0.76712907
746040,0.76712907
746100,0.76712907
746160,0.76712907
746220,0.76712907
746280,0.76712907
746340,0.76712907
746400,0.76712907
746460,0.76712907
746520,0.76712907
746580,0.76712907
746640,0.76712907
746700,0.76712907
746760,0.76712907
746820,0.76712500
746880,0.76712500
746940,0.76712500
747000,0.76712500
747060,0.76712500
747120,0.76712500
747180,0.76712500
747240,0.76712500
747300,0.76712500
747360,0.76712500
747420,0.76712500
747480,0.76712500
747540,0.76712500
747600,0.76712500
747660,0.76712500
747720,0.76712500
747780,0.76712500
747840,0.76712500
747900,0.76712500
747960,0.76712500
748020,0.76712500
748080,0.76712500
748140,0.76712500
748200,0.76712500
748260,0.76712500
748320,0.76712500
748380,0.76712500
748440,0.76712500
748500,0.76712500
748560,0.76712500
748620,0.76712500
748680,0.76712500
748740,0.76712500
748800,0.76712500
748860,0.76712500
748920,0.76712500
748980,0.76712500
749040,0.76712500
749100,0.76712500
749160,0.76712500
749220,0.76712500
749280,0.76712500
749340,0.76712500
749400,0.76712500
749460,0.76712500
749520,0.76712500
749580,0.76712500
749640,0.76712500
749700,0.76712500
749760,0.76712500
749820,0.76712500
749880,0.76712428
749940,0.76712428
750000,0.76712428
750060,0.76712428
750120,0.76712428
750180,0.76712428
750240,0.76712428
750300,0.76712428
750360,0.76712428
750420,0.76712428
750480,0.76712428
750540,0.76712428
750600,0.76712428
750660,0.76712428
750720,0.76712428
750780,0.76712428
750840,0.76712428
750900,0.76712428
750960,0.76712428
751020,0.76712428
751080,0.76712428
751140,0.76712428
751200,0.76712428
751260,0.76712428
751320,0.76712359
751380,0.76712359
751440,0.76712359
751500,0.76712359
751560,0.76712359
751620,0.76712359
751680,0.76712359
751740,0.76712359
751800,0.76712359
751860,0.76712359
751920,0.76712359
751980,0.76712359
752040,0.76712359
752100,0.76712359
752160,0.76712359
752220,0.76712359
752280,0.76712359
752340,0.76712359
752400,0.76712359
752460,0.76712359
752520,0.76712359
752580,0.76712359
752640,0.76712359
752700,0.76712359
752760,0.76712359
752820,0.76712359
752880,0.76712359
752940,0.76712359
753000,0.76712359
753060,0.76712359
753120,0.76712359
753180,0.76712359
753240,0.76712359
753300,0.76712359
753360,0.76712359
753420,0.76712359
753480,0.76712359
753540,0.76712359
753600,0.76712359
753660,0.76712359
753720,0.76712359
753780,0.76712359
753840,0.76712359
753900,0.76712359
753960,0.76712287
754020,0.76712287
754080,0.76712287
754140,0.76712287
754200,0.76712287
754260,0.76712287
754320,0.76712287
754380,0.76712287
754440,0.76712216
754500,0.76712216
754560,0.76712216
754620,0.76712216
754680,0.76712216
754740,0.76712216
754800,0.76712216
754860,0.76712216
754920,0.76712216
754980,0.76712216
755040,0.76712216
755100,0.76712216
755160,0.76712216
755220,0.76712216
755280,0.76712216
755340,0.76712144
755400,0.76712144
755460,0.76712144
755520,0.76712144
755580,0.76712144
755640,0.76712144
755700,0.76712144
755760,0.76712144
755820,0.76712072
755880,0.76712072
755940,0.76712072
756000,0.76712072
756060,0.76712072
756120,0.76712072
756180,0.76712072
756240,0.76712072
756300,0.76712072
756360,0.76712072
756420,0.76712072
756480,0.76712001
756540,0.76711929
756600,0.76711929
756660,0.76711929
756720,0.76711929
756780,0.76711929
756840,0.76711929
756900,0.76711929
756960,0.76711929
757020,0.76711929
757080,0.76711929
757140,0.76711929
757200,0.76711929
757260,0.76711929
757320,0.76711929
757380,0.76711721
757440,0.76711721
757500,0.76711721
757560,0.76711514
757620,0.76711514
757680,0.76711514
757740,0.76711514
757800,0.76711514
757860,0.76711514
757920,0.76711514
757980,0.76711514
758040,0.76711514
758100,0.76711514
758160,0.76710678
758220,0.76710678
758280,0.76710678
758340,0.76710678
758400,0.76710678
758460,0.76710678
758520,0.76710678
758580,0.76710678
758640,0.76710678
758700,0.76710678
758760,0.76710678
758820,0.76710678
758880,0.76710606
758940,0.76710606
759000,0.76710606
759060,0.76710606
759120,0.76710606
759180,0.76710606
759240,0.76710606
759300,0.76710606
759360,0.76710606
759420,0.76710606
759480,0.76710606
759540,0.76710606
759600,0.76710606
759660,0.76710606
759720,0.76710606
759780,0.76710606
759840,0.76710606
759900,0.76710606
759960,0.76710606
760020,0.76710606
760080,0.76710606
760140,0.76710606
760200,0.76710606
760260,0.76710606
760320,0.76710534
760380,0.76710534
760440,0.76710534
760500,0.76710534
760560,0.76710534
760620,0.76710534
760680,0.76710534
760740,0.76710534
760800,0.76710462
760860,0.76710462
760920,0.76710462
760980,0.76710462
761040,0.76710462
761100,0.76710462
761160,0.76710462
761220,0.76710462
761280,0.76710462
761340,0.76710462
761400,0.76710462
761460,0.76710462
761520,0.76710462
761580,0.76710462
761640,0.76710462
761700,0.76710462
761760,0.76710462
761820,0.76710462
761880,0.76710462
761940,0.76710462
762000,0.76709807
762060,0.76709309
762120,0.76709309
762180,0.76709309
762240,0.76709309
762300,0.76709309
762360,0.76709308
762420,0.76709308
762480,0.76709308
762540,0.76709308
762600,0.76709236
762660,0.76709236
762720,0.76709236
762780,0.76709236
762840,0.76709236
762900,0.76709236
762960,0.76709235
763020,0.76709235
763080,0.76709235
763140,0.76709235
763200,0.76709235
763260,0.76709235
763320,0.76709235
763380,0.76709235
763440,0.76709235
763500,0.76709235
763560,0.76709235
763620,0.76709235
763680,0.76709235
763740,0.76709235
763800,0.76709235
763860,0.76709235
763920,0.76709235
763980,0.76708080
764040,0.76708080
764100,0.76708008
764160,0.76708008
764220,0.76708008
764280,0.76708008
764340,0.76708008
764400,0.76708008
764460,0.76708008
764520,0.76708008
764580,0.76708008
764640,0.76708008
764700,0.76708008
764760,0.76708008
764820,0.76708008
764880,0.76708008
764940,0.76708008
765000,0.76708008
765060,0.76708008
765120,0.76708008
765180,0.76707508
765240,0.76706851
765300,0.76706851
765360,0.76706851
765420,0.76706851
765480,0.76706851
765540,0.76706851
765600,0.76706851
765660,0.76706851
765720,0.76706851
765780,0.76706851
765840,0.76706851
765900,0.76706851
765960,0.76706851
766020,0.76706851
766080,0.76705695
766140,0.76705695
766200,0.76705695
766260,0.76705695
766320,0.76705695
766380,0.76705695
766440,0.76705695
766500,0.76705695
766560,0.76705695
766620,0.76705695
766680,0.76705695
766740,0.76705695
766800,0.76705695
766860,0.76705695
766920,0.76705695
766980,0.76705695
767040,0.76705695
767100,0.76705695
767160,0.76705695
767220,0.76705695
767280,0.76705695
767340,0.76705695
767400,0.76705695
767460,0.76705695
767520,0.76705695
767580,0.76705695
767640,0.76705695
767700,0.76705695
767760,0.76705695
767820,0.76705695
767880,0.76705695
767940,0.76705695
768000,0.76705695
768060,0.76705695
768120,0.76705695
768180,0.76705695
768240,0.76705695
768300,0.76705695
768360,0.76705695
768420,0.76705695
768480,0.76705695
768540,0.76705695
768600,0.76705695
768660,0.76705695
768720,0.76705695
768780,0.76705695
768840,0.76705695
768900,0.76705695
768960,0.76705695
769020,0.76705695
769080,0.76705695
769140,0.76705695
769200,0.76705695
769260,0.76705695
769320,0.76705695
769380,0.76705695
769440,0.76705695
769500,0.76705695
769560,0.76705695
769620,0.76705695
769680,0.76705695
769740,0.76705695
769800,0.76705695
769860,0.76705695
769920,0.76705695
769980,0.76705695
770040,0.76705695
770100,0.76705695
770160,0.76705695
770220,0.76705695
770280,0.76705695
770340,0.76705695
770400,0.76705695
770460,0.76705695
770520,0.76705695
770580,0.76705695
770640,0.76705695
770700,0.76705695
770760,0.76705695
770820,0.76705695
770880,0.76705695
770940,0.76705695
771000,0.76705695
771060,0.76705695
771120,0.76705695
771180,0.76705695
771240,0.76705695
771300,0.76705695
771360,0.76705695
771420,0.76705695
771480,0.76705695
771540,0.76705695
771600,0.76705695
771660,0.76705695
771720,0.76705695
771780,0.76705695
771840,0.76705695
771900,0.76705695
771960,0.76705695
772020,0.76705695
772080,0.76705695
772140,0.76705695
772200,0.76705695
772260,0.76705695
772320,0.76705695
772380,0.76705695
772440,0.76705695
772500,0.76705695
772560,0.76705695
772620,0.76705695
772680,0.76705695
772740,0.76705695
772800,0.76705695
772860,0.76705695
772920,0.76705695
772980,0.76705695
773040,0.76705695
773100,0.76705695
773160,0.76705695
773220,0.76705695
773280,0.76705695
773340,0.76705695
773400,0.76705695
773460,0.76705695
773520,0.76705695
773580,0.76705695
773640,0.76705695
773700,0.76705695
773760,0.76705695
773820,0.76705695
773880,0.76705695
773940,0.76705695
774000,0.76705695
774060,0.76705695
774120,0.76705695
774180,0.76705695
774240,0.76705695
774300,0.76705695
774360,0.76705695
774420,0.76705695
774480,0.76705694
774540,0.76705694
774600,0.76705694
774660,0.76705694
774720,0.76705694
774780,0.76705694
774840,0.76705694
774900,0.76705694
774960,0.76705694
775020,0.76705694
775080,0.76705694
775140,0.76705694
775200,0.76705694
775260,0.76705694
775320,0.76705694
775380,0.76705694
775440,0.76705694
775500,0.76705694
775560,0.76705694
775620,0.76705694
775680,0.76705694
775740,0.76705489
775800,0.76705489
775860,0.76705489
775920,0.76705489
775980,0.76705489
776040,0.76705489
776100,0.76705489
776160,0.76705489
776220,0.76705489
776280,0.76705489
776340,0.76705489
776400,0.76705489
776460,0.76705489
776520,0.76705489
776580,0.76705489
776640,0.76705489
776700,0.76705489
776760,0.76705489
776820,0.76705489
776880,0.76705489
776940,0.76705489
777000,0.76705489
777060,0.76705489
777120,0.76705489
777180,0.76705489
777240,0.76705489
777300,0.76705469
777360,0.76705469
777420,0.76705469
777480,0.76705469
777540,0.76705469
777600,0.76705469
777660,0.76705469
777720,0.76705469
777780,0.76705469
777840,0.76705469
777900,0.76705469
777960,0.76705469
778020,0.76705469
778080,0.76705469
778140,0.76705469
778200,0.76705469
778260,0.76705469
778320,0.76705469
778380,0.76705469
778440,0.76705469
778500,0.76705469
778560,0.76705448
778620,0.76705448
778680,0.76705448
778740,0.76705448
778800,0.76705448
778860,0.76705448
778920,0.76705448
778980,0.76705448
779040,0.76705448
779100,0.76705448
779160,0.76705448
779220,0.76705448
779280,0.76705448
779340,0.76705448
779400,0.76705448
779460,0.76705448
779520,0.76705448
779580,0.76705448
779640,0.76705448
779700,0.76705448
779760,0.76705448
779820,0.76705448
779880,0.76705448
779940,0.76705448
780000,0.76705448
780060,0.76705448
780120,0.76705448
780180,0.76705448
780240,0.76705448
780300,0.76705448
780360,0.76705448
780420,0.76705448
780480,0.76705448
780540,0.76705448
780600,0.76705448
780660,0.76705428
780720,0.76705428
780780,0.76705428
780840,0.76705428
780900,0.76705428
780960,0.76705428
781020,0.76705428
781080,0.76705428
781140,0.76705428
781200,0.76705428
781260,0.76705428
781320,0.76705428
781380,0.76705428
781440,0.76705427
781500,0.76705427
781560,0.76705427
781620,0.76705427
781680,0.76705427
781740,0.76705427
781800,0.76705427
781860,0.76705427
781920,0.76705427
781980,0.76705427
782040,0.76705427
782100,0.76705427
782160,0.76705427
782220,0.76705427
782280,0.76705427
782340,0.76705427
782400,0.76705427
782460,0.76705427
782520,0.76705427
782580,0.76705427
782640,0.76705427
782700,0.76705427
782760,0.76705427
782820,0.76705427
782880,0.76705427
782940,0.76705427
783000,0.76705427
783060,0.76705427
783120,0.76705427
783180,0.76705427
783240,0.76705427
783300,0.76705427
783360,0.76705427
783420,0.76705427
783480,0.76705427
783540,0.76705427
783600,0.76705427
783660,0.76705427
783720,0.76705427
783780,0.76705427
783840,0.76705427
783900,0.76705427
783960,0.76705427
784020,0.76705427
784080,0.76705427
784140,0.76705427
784200,0.76705427
784260,0.76705427
784320,0.76705427
784380,0.76705427
784440,0.76705427
784500,0.76705427
784560,0.76705427
784620,0.76705427
784680,0.76705427
784740,0.76705427
784800,0.76705427
784860,0.76705427
784920,0.76705427
784980,0.76705427
785040,0.76705427
785100,0.76705427
785160,0.76705427
785220,0.76705427
785280,0.76705427
785340,0.76705427
785400,0.76705427
785460,0.76705427
785520,0.76705427
785580,0.76705427
785640,0.76705427
785700,0.76705427
785760,0.76705427
785820,0.76705427
785880,0.76705427
785940,0.76705427
786000,0.76705427
786060,0.76705427
786120,0.76705427
786180,0.76705427
786240,0.76705427
786300,0.76705427
786360,0.76705427
786420,0.76705427
786480,0.76705427
786540,0.76705427
786600,0.76705427
786660,0.76705427
786720,0.76705427
786780,0.76705427
786840,0.76705427
786900,0.76705427
786960,0.76705427
787020,0.76705427
787080,0.76705427
787140,0.76705427
787200,0.76705427
787260,0.76705427
787320,0.76705427
787380,0.76705427
787440,0.76705427
787500,0.76705427
787560,0.76705427
787620,0.76705427
787680,0.76705427
787740,0.76705427
787800,0.76705427
787860,0.76705427
787920,0.76705427
787980,0.76705427
788040,0.76705427
788100,0.76705427
788160,0.76705427
788220,0.76705427
788280,0.76705427
788340,0.76705427
788400,0.76705427
788460,0.76705427
788520,0.76705427
788580,0.76705427
788640,0.76705427
788700,0.76705427
788760,0.76705427
788820,0.76705427
788880,0.76705427
788940,0.76705408
789000,0.76705408
789060,0.76705408
789120,0.76705408
789180,0.76705408
789240,0.76705408
789300,0.76705408
789360,0.76705408
789420,0.76705408
789480,0.76705408
789540,0.76705408
789600,0.76705408
789660,0.76705408
789720,0.76705408
789780,0.76705408
789840,0.76705408
789900,0.76705408
789960,0.76705408
790020,0.76705408
790080,0.76705408
790140,0.76705408
790200,0.76705408
790260,0.76705408
790320,0.76705408
790380,0.76705408
790440,0.76705408
790500,0.76705408
790560,0.76705408
790620,0.76705408
790680,0.76705408
790740,0.76705408
790800,0.76705408
790860,0.76705408
790920,0.76705408
790980,0.76705408
791040,0.76705408
791100,0.76705408
791160,0.76705408
791220,0.76705408
791280,0.76705408
791340,0.76705408
791400,0.76705408
791460,0.76705408
791520,0.76705408
791580,0.76705408
791640,0.76705408
791700,0.76705408
791760,0.76705408
791820,0.76705408
791880,0.76705408
791940,0.76705408
792000,0.76705408
792060,0.76705408
792120,0.76705408
792180,0.76705408
792240,0.76705408
792300,0.76705408
792360,0.76705408
792420,0.76705408
792480,0.76705408
792540,0.76705408
792600,0.76705408
792660,0.76705408
792720,0.76705408
792780,0.76705408
792840,0.76705408
792900,0.76705408
792960,0.76705408
793020,0.76705408
793080,0.76705408
793140,0.76705408
793200,0.76705408
793260,0.76705408
793320,0.76705408
793380,0.76705408
793440,0.76705408
793500,0.76705408
793560,0.76705408
793620,0.76705408
793680,0.76705408
793740,0.76705408
793800,0.76705408
793860,0.76705408
793920,0.76705408
793980,0.76705408
794040,0.76705408
794100,0.76705408
794160,0.76705408
794220,0.76705408
794280,0.76705408
794340,0.76705408
794400,0.76705408
794460,0.76705408
794520,0.76705408
794580,0.76705408
794640,0.76705408
794700,0.76705408
794760,0.76705408
794820,0.76705408
794880,0.76705408
794940,0.76705408
795000,0.76705408
795060,0.76705408
795120,0.76705408
795180,0.76705408
795240,0.76705408
795300,0.76705408
795360,0.76705408
795420,0.76705408
795480,0.76705408
795540,0.76705408
795600,0.76705408
795660,0.76705408
795720,0.76705408
795780,0.76705408
795840,0.76705408
795900,0.76705387
795960,0.76705387
796020,0.76705387
796080,0.76705387
796140,0.76705387
796200,0.76705387
796260,0.76705387
796320,0.76705387
796380,0.76705387
796440,0.76705387
796500,0.76705387
796560,0.76705387
796620,0.76705387
796680,0.76705387
796740,0.76705387
796800,0.76705387
796860,0.76705387
796920,0.76705387
796980,0.76705387
797040,0.76705387
797100,0.76705387
797160,0.76705387
797220,0.76705387
797280,0.76705387
797340,0.76705387
797400,0.76705387
797460,0.76705387
797520,0.76705387
797580,0.76705387
797640,0.76705387
797700,0.76705387
797760,0.76705387
797820,0.76705387
797880,0.76705387
797940,0.76705387
798000,0.76705387
798060,0.76705387
798120,0.76705387
798180,0.76705387
798240,0.76705387
798300,0.76705387
798360,0.76705387
798420,0.76705387
798480,0.76705387
798540,0.76705387
798600,0.76705387
798660,0.76705387
798720,0.76705387
798780,0.76705387
798840,0.76705387
798900,0.76705387
798960,0.76705387
799020,0.76705387
799080,0.76705387
799140,0.76705387
799200,0.76705387
799260,0.76705387
799320,0.76705387
799380,0.76705387
799440,0.76705387
799500,0.76705387
799560,0.76705387
799620,0.76705387
799680,0.76705387
799740,0.76705387
799800,0.76705387
799860,0.76705387
799920,0.76705387
799980,0.76705387
800040,0.76705387
800100,0.76705387
800160,0.76705387
800220,0.76705387
800280,0.76705387
800340,0.76705387
800400,0.76705387
800460,0.76705387
800520,0.76705387
800580,0.76705387
800640,0.76705387
800700,0.76705387
800760,0.76705387
800820,0.76705387
800880,0.76705387
800940,0.76705387
801000,0.76705387
801060,0.76705387
801120,0.76705387
801180,0.76705387
801240,0.76705387
801300,0.76705387
801360,0.76705387
801420,0.76705387
801480,0.76705387
801540,0.76705387
801600,0.76705387
801660,0.76705387
801720,0.76705387
801780,0.76705387
801840,0.76705387
801900,0.76705386
801960,0.76705386
802020,0.76705386
802080,0.76705386
802140,0.76705386
802200,0.76705386
802260,0.76705386
802320,0.76705386
802380,0.76705386
802440,0.76705386
802500,0.76705386
802560,0.76705386
802620,0.76705386
802680,0.76705386
802740,0.76705386
802800,0.76705386
802860,0.76705386
802920,0.76705386
802980,0.76705386
803040,0.76705386
803100,0.76705386
803160,0.76705386
803220,0.76705386
803280,0.76705386
803340,0.76705386
803400,0.76705386
803460,0.76705386
803520,0.76705386
803580,0.76705386
803640,0.76705386
803700,0.76705386
803760,0.76705386
803820,0.76705386
803880,0.76705386
803940,0.76705386
804000,0.76705386
804060,0.76705386
804120,0.76705386
804180,0.76705386
804240,0.76705386
804300,0.76705386
804360,0.76705386
804420,0.76705386
804480,0.76705386
804540,0.76705386
804600,0.76705386
804660,0.76705386
804720,0.76705386
804780,0.76705386
804840,0.76705386
804900,0.76705386
804960,0.76705386
805020,0.76705386
805080,0.76705386
805140,0.76705386
805200,0.76705386
805260,0.76705386
805320,0.76705386
805380,0.76705386
805440,0.76705386
805500,0.76705386
805560,0.76705386
805620,0.76705386
805680,0.76705386
805740,0.76705386
805800,0.76705386
805860,0.76705386
805920,0.76705386
805980,0.76705386
806040,0.76705386
806100,0.76705386
806160,0.76705386
806220,0.76705386
806280,0.76705386
806340,0.76705386
806400,0.76705386
806460,0.76705386
806520,0.76705386
806580,0.76705386
806640,0.76705386
806700,0.76705386
806760,0.76705386
806820,0.76705386
806880,0.76705386
806940,0.76705386
807000,0.76705386
807060,0.76705386
807120,0.76705386
807180,0.76705386
807240,0.76705386
807300,0.76705386
807360,0.76705386
807420,0.76705386
807480,0.76705386
807540,0.76705386
807600,0.76705386
807660,0.76705386
807720,0.76705386
807780,0.76705386
807840,0.76705386
807900,0.76705386
807960,0.76705386
808020,0.76705386
808080,0.76705386
808140,0.76705386
808200,0.76705386
808260,0.76705386
808320,0.76705386
808380,0.76705386
808440,0.76705386
808500,0.76705386
808560,0.76705386
808620,0.76705386
808680,0.76705386
808740,0.76705386
808800,0.76705386
808860,0.76705174
808920,0.76705174
808980,0.76705174
809040,0.76705174
809100,0.76705174
809160,0.76705174
809220,0.76705174
809280,0.76705174
809340,0.76705174
809400,0.76705174
809460,0.76705174
809520,0.76705174
809580,0.76705174
809640,0.76705174
809700,0.76705174
809760,0.76705174
809820,0.76705174
809880,0.76705174
809940,0.76705174
810000,0.76705174
810060,0.76705174
810120,0.76705174
810180,0.76705174
810240,0.76705174
810300,0.76705174
810360,0.76705174
810420,0.76705174
810480,0.76705174
810540,0.76705174
810600,0.76705174
810660,0.76705174
810720,0.76705174
810780,0.76705174
810840,0.76705174
810900,0.76704962
810960,0.76704962
811020,0.76704962
811080,0.76704962
811140,0.76704962
811200,0.76704962
811260,0.76704962
811320,0.76704962
811380,0.76704962
811440,0.76704962
811500,0.76704962
811560,0.76704962
811620,0.76704962
811680,0.76704962
811740,0.76704962
811800,0.76704962
811860,0.76704962
811920,0.76704962
811980,0.76704962
812040,0.76704962
812100,0.76704962
812160,0.76704962
812220,0.76704962
812280,0.76704962
812340,0.76704962
812400,0.76704962
812460,0.76704962
812520,0.76704962
812580,0.76704962
812640,0.76704962
812700,0.76704962
812760,0.76704962
812820,0.76704962
812880,0.76704962
812940,0.76704962
813000,0.76704962
813060,0.76704962
813120,0.76704962
813180,0.76704962
813240,0.76704962
813300,0.76704962
813360,0.76704962
813420,0.76704962
813480,0.76704962
813540,0.76704962
813600,0.76704962
813660,0.76704962
813720,0.76704962
813780,0.76704962
813840,0.76704962
813900,0.76704962
813960,0.76704962
814020,0.76704962
814080,0.76704962
814140,0.76704962
814200,0.76704962
814260,0.76704962
814320,0.76704962
814380,0.76704962
814440,0.76704962
814500,0.76704962
814560,0.76704962
814620,0.76704962
814680,0.76704962
814740,0.76704962
814800,0.76704962
814860,0.76704962
814920,0.76704962
814980,0.76704962
815040,0.76704962
815100,0.76704962
815160,0.76704962
815220,0.76704962
815280,0.76704962
815340,0.76704962
815400,0.76704962
815460,0.76704962
815520,0.76704962
815580,0.76704962
815640,0.76704962
815700,0.76704962
815760,0.76704962
815820,0.76704962
815880,0.76704962
815940,0.76704962
816000,0.76704962
816060,0.76704962
816120,0.76704962
816180,0.76704962
816240,0.76704962
816300,0.76704962
816360,0.76704962
816420,0.76704962
816480,0.76704962
816540,0.76704962
816600,0.76704962
816660,0.76704962
816720,0.76704962
816780,0.76704962
816840,0.76704962
816900,0.76704962
816960,0.76704962
817020,0.76704962
817080,0.76704962
817140,0.76704962
817200,0.76704962
817260,0.76704962
817320,0.76704962
817380,0.76704962
817440,0.76704962
817500,0.76704962
817560,0.76704962
817620,0.76704962
817680,0.76704962
817740,0.76704962
817800,0.76704962
817860,0.76704962
817920,0.76703793
817980,0.76703793
818040,0.76703793
818100,0.76703793
818160,0.76703793
818220,0.76703793
818280,0.76703793
818340,0.76703793
818400,0.76703793
818460,0.76703793
818520,0.76703793
818580,0.76703793
818640,0.76703793
818700,0.76703793
818760,0.76703793
818820,0.76703793
818880,0.76703793
818940,0.76703793
819000,0.76703793
819060,0.76703793
819120,0.76703793
819180,0.76703793
819240,0.76703793
819300,0.76703793
819360,0.76703793
819420,0.76703793
819480,0.76703793
819540,0.76703793
819600,0.76703793
819660,0.76703793
819720,0.76703793
819780,0.76703793
819840,0.76703793
819900,0.76703793
819960,0.76703718
820020,0.76703718
820080,0.76703718
820140,0.76703718
820200,0.76703718
820260,0.76703718
820320,0.76703718
820380,0.76703718
820440,0.76703718
820500,0.76703718
820560,0.76703718
820620,0.76703718
820680,0.76703718
820740,0.76703718
820800,0.76703718
820860,0.76703718
820920,0.76703718
820980,0.76703718
821040,0.76703718
821100,0.76703718
821160,0.76703718
821220,0.76703718
821280,0.76703718
821340,0.76703718
821400,0.76703718
821460,0.76703718
821520,0.76703718
821580,0.76703718
821640,0.76703718
821700,0.76703718
821760,0.76703718
821820,0.76703718
821880,0.76703718
821940,0.76703718
822000,0.76703718
822060,0.76703718
822120,0.76703718
822180,0.76703718
822240,0.76703718
822300,0.76703718
822360,0.76703718
822420,0.76703718
822480,0.76703718
822540,0.76703718
822600,0.76703718
822660,0.76703718
822720,0.76703718
822780,0.76703718
822840,0.76703718
822900,0.76703718
822960,0.76703718
823020,0.76703718
823080,0.76703718
823140,0.76703718
823200,0.76703718
823260,0.76703718
823320,0.76703718
823380,0.76703718
823440,0.76703718
823500,0.76703718
823560,0.76703718
823620,0.76703718
823680,0.76703718
823740,0.76703718
823800,0.76703718
823860,0.76703718
823920,0.76703718
823980,0.76703718
824040,0.76703718
824100,0.76703718
824160,0.76703718
824220,0.76703718
824280,0.76703718
824340,0.76703718
824400,0.76703718
824460,0.76703718
824520,0.76703718
824580,0.76703718
824640,0.76703718
824700,0.76703718
824760,0.76703718
824820,0.76703718
824880,0.76703718
824940,0.76703718
825000,0.76703718
825060,0.76703718
825120,0.76703718
825180,0.76703718
825240,0.76703718
825300,0.76703718
825360,0.76703718
825420,0.76703718
825480,0.76703718
825540,0.76703718
825600,0.76703718
825660,0.76703718
825720,0.76703718
825780,0.76703718
825840,0.76703718
825900,0.76703718
825960,0.76703718
826020,0.76703718
826080,0.76703718
826140,0.76703718
826200,0.76703718
826260,0.76703718
826320,0.76703718
826380,0.76703718
826440,0.76703718
826500,0.76703718
826560,0.76703718
826620,0.76703718
826680,0.76703718
826740,0.76703718
826800,0.76703718
826860,0.76703718
826920,0.76703718
826980,0.76703718
827040,0.76703718
827100,0.76703718
827160,0.76703718
827220,0.76703718
827280,0.76703718
827340,0.76703718
827400,0.76703718
827460,0.76703718
827520,0.76703718
827580,0.76703718
827640,0.76703718
827700,0.76703718
827760,0.76703718
827820,0.76703718
827880,0.76703718
827940,0.76703718
828000,0.76703718
828060,0.76703718
828120,0.76703718
828180,0.76703718
828240,0.76703718
828300,0.76703511
828360,0.76703511
828420,0.76703511
828480,0.76703511
828540,0.76703511
828600,0.76703511
828660,0.76703511
828720,0.76703511
828780,0.76703511
828840,0.76703511
828900,0.76703511
828960,0.76703511
829020,0.76703511
829080,0.76703511
829140,0.76703511
829200,0.76703511
829260,0.76703511
829320,0.76703511
829380,0.76703511
829440,0.76703511
829500,0.76703511
829560,0.76703511
829620,0.76703511
829680,0.76703511
829740,0.76703511
829800,0.76703511
829860,0.76703511
829920,0.76703511
829980,0.76703511
830040,0.76703511
830100,0.76703511
830160,0.76703511
830220,0.76703511
830280,0.76703511
830340,0.76703511
830400,0.76703511
830460,0.76703511
830520,0.76703511
830580,0.76703511
830640,0.76703511
830700,0.76703511
830760,0.76703511
830820,0.76703511
830880,0.76703511
830940,0.76703511
831000,0.76703511
831060,0.76703511
831120,0.76703511
831180,0.76703511
831240,0.76703511
831300,0.76703511
831360,0.76703511
831420,0.76703511
831480,0.76703511
831540,0.76703511
831600,0.76703511
831660,0.76703511
831720,0.76703511
831780,0.76703511
831840,0.76703511
831900,0.76703511
831960,0.76703511
832020,0.76703511
832080,0.76703511
832140,0.76703511
832200,0.76703511
832260,0.76703511
832320,0.76703511
832380,0.76703511
832440,0.76703511
832500,0.76703511
832560,0.76703511
832620,0.76703511
832680,0.76703511
832740,0.76703511
832800,0.76703511
832860,0.76703511
832920,0.76703511
832980,0.76703511
833040,0.76703511
833100,0.76703511
833160,0.76703511
833220,0.76703511
833280,0.76703511
833340,0.76703511
833400,0.76703511
833460,0.76703511
833520,0.76703511
833580,0.76703511
833640,0.76703511
833700,0.76703511
833760,0.76703511
833820,0.76703511
833880,0.76703511
833940,0.76703511
834000,0.76703511
834060,0.76703511
834120,0.76703511
834180,0.76703511
834240,0.76703511
834300,0.76703511
834360,0.76703511
834420,0.76703511
834480,0.76703511
834540,0.76703511
834600,0.76703511
834660,0.76703306
834720,0.76703306
834780,0.76703306
834840,0.76703306
834900,0.76703306
834960,0.76703306
835020,0.76703306
835080,0.76703306
835140,0.76703306
835200,0.76703306
835260,0.76703306
835320,0.76703306
835380,0.76703306
835440,0.76703306
835500,0.76703306
835560,0.76703306
835620,0.76703306
835680,0.76703306
835740,0.76703306
835800,0.76703306
835860,0.76703306
835920,0.76703306
835980,0.76703306
836040,0.76703306
836100,0.76703306
836160,0.76703306
836220,0.76703306
836280,0.76703306
836340,0.76703306
836400,0.76703306
836460,0.76703306
836520,0.76703306
836580,0.76703306
836640,0.76703306
836700,0.76703306
836760,0.76703306
836820,0.76703306
836880,0.76703306
836940,0.76703306
837000,0.76703306
837060,0.76703306
837120,0.76703306
837180,0.76703306
837240,0.76703306
837300,0.76703306
837360,0.76703306
837420,0.76703306
837480,0.76703306
837540,0.76703306
837600,0.76703306
837660,0.76703306
837720,0.76703306
837780,0.76703306
837840,0.76703306
837900,0.76703306
837960,0.76703306
838020,0.76703306
838080,0.76703306
838140,0.76703306
838200,0.76703306
838260,0.76703306
838320,0.76703306
838380,0.76703306
838440,0.76703306
838500,0.76703306
838560,0.76703306
838620,0.76703306
838680,0.76703306
838740,0.76703306
838800,0.76703306
838860,0.76703306
838920,0.76703306
838980,0.76703306
839040,0.76703306
839100,0.76703306
839160,0.76703306
839220,0.76703306
839280,0.76703098
839340,0.76703098
839400,0.76703098
839460,0.76703098
839520,0.76703098
839580,0.76703098
839640,0.76703098
839700,0.76703098
839760,0.76703098
839820,0.76703098
839880,0.76703098
839940,0.76703098
840000,0.76703098
840060,0.76703098
840120,0.76703098
840180,0.76703098
840240,0.76703098
840300,0.76703098
840360,0.76703098
840420,0.76703098
840480,0.76703098
840540,0.76703098
840600,0.76703098
840660,0.76703098
840720,0.76703098
840780,0.76703098
840840,0.76703098
840900,0.76703098
840960,0.76703098
841020,0.76703098
841080,0.76703098
841140,0.76703098
841200,0.76703098
841260,0.76703098
841320,0.76703098
841380,0.76703098
841440,0.76703098
841500,0.76703098
841560,0.76703098
841620,0.76703098
841680,0.76703098
841740,0.76703098
841800,0.76703098
841860,0.76702888
841920,0.76702888
841980,0.76702888
842040,0.76702888
842100,0.76702888
842160,0.76702888
842220,0.76702888
842280,0.76702888
842340,0.76702888
842400,0.76702888
842460,0.76702888
842520,0.76702888
842580,0.76702888
842640,0.76702888
842700,0.76702265
842760,0.76702265
842820,0.76702265
842880,0.76702265
842940,0.76702265
843000,0.76702265
843060,0.76702265
843120,0.76702265
843180,0.76702265
843240,0.76702265
843300,0.76702265
843360,0.76702265
843420,0.76702265
843480,0.76702265
843540,0.76702265
843600,0.76702265
843660,0.76702265
843720,0.76702265
843780,0.76702265
843840,0.76702265
843900,0.76702265
843960,0.76702265
844020,0.76702265
844080,0.76702265
844140,0.76702265
844200,0.76702265
844260,0.76702265
844320,0.76702265
844380,0.76702265
844440,0.76702265
844500,0.76702265
844560,0.76702265
844620,0.76702265
844680,0.76702265
844740,0.76702265
844800,0.76702265
844860,0.76702265
844920,0.76702265
844980,0.76702265
845040,0.76702265
845100,0.76702265
845160,0.76702265
845220,0.76702265
845280,0.76702265
845340,0.76702265
845400,0.76702265
845460,0.76702265
845520,0.76702265
845580,0.76702265
845640,0.76702265
845700,0.76702265
845760,0.76702265
845820,0.76702265
845880,0.76702265
845940,0.76702265
846000,0.76702265
846060,0.76702265
846120,0.76702265
846180,0.76702264
846240,0.76702264
846300,0.76702264
846360,0.76702264
846420,0.76702264
846480,0.76702264
846540,0.76702264
846600,0.76702264
846660,0.76702264
846720,0.76702264
846780,0.76702264
846840,0.76702264
846900,0.76702264
846960,0.76702264
847020,0.76702264
847080,0.76702264
847140,0.76702264
847200,0.76702264
847260,0.76702264
847320,0.76702264
847380,0.76702264
847440,0.76702264
847500,0.76702264
847560,0.76702264
847620,0.76702264
847680,0.76702264
847740,0.76702264
847800,0.76702264
847860,0.76702264
847920,0.76702264
847980,0.76702264
848040,0.76702264
848100,0.76694646
848160,0.76694646
848220,0.76694646
848280,0.76694646
848340,0.76694646
848400,0.76694646
848460,0.76694646
848520,0.76694646
848580,0.76694646
848640,0.76694646
848700,0.76694644
848760,0.76694644
848820,0.76694644
848880,0.76694644
848940,0.76694644
849000,0.76694644
849060,0.76694644
849120,0.76694644
849180,0.76694644
849240,0.76694644
849300,0.76694429
849360,0.76694429
849420,0.76694429
849480,0.76694429
849540,0.76694429
849600,0.76694429
849660,0.76694429
849720,0.76694429
849780,0.76694429
849840,0.76694429
849900,0.76694429
849960,0.76694429
850020,0.76694429
850080,0.76694429
850140,0.76694429
850200,0.76694429
850260,0.76694429
850320,0.76694429
850380,0.76694420
850440,0.76694420
850500,0.76694420
850560,0.76694420
850620,0.76694420
850680,0.76694420
850740,0.76694415
850800,0.76694415
850860,0.76694411
850920,0.76694411
850980,0.76694406
851040,0.76694406
851100,0.76694406
851160,0.76694400
851220,0.76694400
851280,0.76694400
851340,0.76694395
851400,0.76694395
851460,0.76694395
851520,0.76694395
851580,0.76694395
851640,0.76694395
851700,0.76694395
851760,0.76694395
851820,0.76694395
851880,0.76694395
851940,0.76694395
852000,0.76694395
852060,0.76694395
852120,0.76694395
852180,0.76694395
852240,0.76694395
852300,0.76694395
852360,0.76694395
852420,0.76694395
852480,0.76694395
852540,0.76694395
852600,0.76694395
852660,0.76694395
852720,0.76694395
852780,0.76694395
852840,0.76694395
852900,0.76694395
852960,0.76694395
853020,0.76694395
853080,0.76694395
853140,0.76694395
853200,0.76694395
853260,0.76694395
853320,0.76694373
853380,0.76694373
853440,0.76694373
853500,0.76694373
853560,0.76694373
853620,0.76694373
853680,0.76686614
853740,0.76686614
853800,0.76686614
853860,0.76686614
853920,0.76686614
853980,0.76686614
854040,0.76686614
854100,0.76686614
854160,0.76686614
854220,0.76686614
854280,0.76686614
854340,0.76686614
854400,0.76686614
854460,0.76686614
854520,0.76686614
854580,0.76686614
854640,0.76686614
854700,0.76686614
854760,0.76686614
854820,0.76686614
854880,0.76686614
854940,0.76686614
855000,0.76686614
855060,0.76686614
855120,0.76686614
855180,0.76686614
855240,0.76686614
855300,0.76686614
855360,0.76686614
855420,0.76686614
855480,0.76686614
855540,0.76686614
855600,0.76686614
855660,0.76686614
855720,0.76686614
855780,0.76686614
855840,0.76686614
855900,0.76686614
855960,0.76686614
856020,0.76686614
856080,0.76686614
856140,0.76686614
856200,0.76686614
856260,0.76686614
856320,0.76686614
856380,0.76686614
856440,0.76686614
856500,0.76686614
856560,0.76686614
856620,0.76686614
856680,0.76686614
856740,0.76686614
856800,0.76686614
856860,0.76686614
856920,0.76686614
856980,0.76686614
857040,0.76686614
857100,0.76686614
857160,0.76686614
857220,0.76686613
857280,0.76686613
857340,0.76686613
857400,0.76686613
857460,0.76686613
857520,0.76686613
857580,0.76686613
857640,0.76686613
857700,0.76686613
857760,0.76686613
857820,0.76686613
857880,0.76686613
857940,0.76686613
858000,0.76686613
858060,0.76686613
858120,0.76686613
858180,0.76686613
858240,0.76686613
858300,0.76686613
858360,0.76686590
858420,0.76686590
858480,0.76686590
858540,0.76686590
858600,0.76686590
858660,0.76686590
858720,0.76686362
858780,0.76686362
858840,0.76686362
858900,0.76686362
858960,0.76686362
859020,0.76686362
859080,0.76686362
859140,0.76686362
859200,0.76686362
859260,0.76686362
859320,0.76686362
859380,0.76686362
859440,0.76686362
859500,0.76685129
859560,0.76685129
859620,0.76685129
859680,0.76685129
859740,0.76685129
859800,0.76685129
859860,0.76685129
859920,0.76685129
859980,0.76685129
860040,0.76685129
860100,0.76685109
860160,0.76685109
860220,0.76685109
860280,0.76685109
860340,0.76685109
860400,0.76685109
860460,0.76685109
860520,0.76685109
860580,0.76685109
860640,0.76685109
860700,0.76685109
860760,0.76685109
860820,0.76685109
860880,0.76684840
860940,0.76684840
861000,0.76684840
861060,0.76684840
861120,0.76684840
861180,0.76684840
861240,0.76684840
861300,0.76684840
861360,0.76684840
861420,0.76684840
861480,0.76684840
861540,0.76684840
861600,0.76684612
861660,0.76684612
861720,0.76684612
861780,0.76684612
861840,0.76684612
861900,0.76684612
861960,0.76684612
862020,0.76684612
862080,0.76684612
862140,0.76684612
862200,0.76684612
862260,0.76684612
862320,0.76684612
862380,0.76684612
862440,0.76684612
862500,0.76684612
862560,0.76684612
862620,0.76684611
862680,0.76684611
862740,0.76684611
862800,0.76684611
862860,0.76684611
862920,0.76684611
862980,0.76684611
863040,0.76684611
863100,0.76684611
863160,0.76684611
863220,0.76684611
863280,0.76684611
863340,0.76684611
863400,0.76684611
863460,0.76684611
863520,0.76684611
863580,0.76684611
863640,0.76684611
863700,0.76684611
863760,0.76684611
863820,0.76684611
863880,0.76684611
863940,0.76683376
864000,0.76683376
864060,0.76683376
864120,0.76683376
864180,0.76683376
864240,0.76683376
864300,0.76683376
864360,0.76683376
864420,0.76683376
864480,0.76683376
864540,0.76683376
864600,0.76683376
864660,0.76683376
864720,0.76683376
864780,0.76683376
864840,0.76683376
864900,0.76683376
864960,0.76683376
865020,0.76682109
865080,0.76682109
865140,0.76682109
865200,0.76682109
865260,0.76682109
865320,0.76682109
865380,0.76682109
865440,0.76682109
865500,0.76682109
865560,0.76682109
865620,0.76682109
865680,0.76682109
865740,0.76682109
865800,0.76682109
865860,0.76681998
865920,0.76681998
865980,0.76681998
866040,0.76681998
866100,0.76681998
866160,0.76681998
866220,0.76681998
866280,0.76681998
866340,0.76681998
866400,0.76681998
866460,0.76681998
866520,0.76681998
866580,0.76681998
866640,0.76681978
866700,0.76681978
866760,0.76681978
866820,0.76681978
866880,0.76681978
866940,0.76681978
867000,0.76681978
867060,0.76681978
867120,0.76681978
867180,0.76681978
867240,0.76681708
867300,0.76681708
867360,0.76681708
867420,0.76681707
867480,0.76681707
867540,0.76681707
867600,0.76681707
867660,0.76681707
867720,0.76681707
867780,0.76681707
867840,0.76681707
867900,0.76681707
867960,0.76681707
868020,0.76681707
868080,0.76681707
868140,0.76681707
868200,0.76681707
868260,0.76681707
868320,0.76681707
868380,0.76681706
868440,0.76681706
868500,0.76681706
868560,0.76681706
868620,0.76681706
868680,0.76681706
868740,0.76681706
868800,0.76681706
868860,0.76681706
868920,0.76681706
868980,0.76681706
869040,0.76681706
869100,0.76681706
869160,0.76681706
869220,0.76681706
869280,0.76681706
869340,0.76681706
869400,0.76681706
869460,0.76681706
869520,0.76681706
869580,0.76681706
869640,0.76681706
869700,0.76681706
869760,0.76681706
869820,0.76681706
869880,0.76681706
869940,0.76681706
870000,0.76681706
870060,0.76681706
870120,0.76681706
870180,0.76681706
870240,0.76681706
870300,0.76681706
870360,0.76681706
870420,0.76681706
870480,0.76681706
870540,0.76681706
870600,0.76681706
870660,0.76681706
870720,0.76681706
870780,0.76681706
870840,0.76681706
870900,0.76681706
870960,0.76681706
871020,0.76681706
871080,0.76681706
871140,0.76681706
871200,0.76681706
871260,0.76681706
871320,0.76681706
871380,0.76681706
871440,0.76681706
871500,0.76681706
871560,0.76681706
871620,0.76681706
871680,0.76681706
871740,0.76681706
871800,0.76681706
871860,0.76681706
871920,0.76681706
871980,0.76681706
872040,0.76681706
872100,0.76681706
872160,0.76681706
872220,0.76681706
872280,0.76681706
872340,0.76681706
872400,0.76681706
872460,0.76681706
872520,0.76681706
872580,0.76681706
872640,0.76681706
872700,0.76681706
872760,0.76681706
872820,0.76681706
872880,0.76681706
872940,0.76681706
873000,0.76681706
873060,0.76681706
873120,0.76681706
873180,0.76681706
873240,0.76681706
873300,0.76681706
873360,0.76681706
873420,0.76681706
873480,0.76681706
873540,0.76681706
873600,0.76681706
873660,0.76681706
873720,0.76681706
873780,0.76681706
873840,0.76681706
873900,0.76681706
873960,0.76681706
874020,0.76681706
874080,0.76681706
874140,0.76681706
874200,0.76681706
874260,0.76681706
874320,0.76681706
874380,0.76681706
874440,0.76681706
874500,0.76681706
874560,0.76681706
874620,0.76681706
874680,0.76681706
874740,0.76681706
874800,0.76681706
874860,0.76681706
874920,0.76681706
874980,0.76681706
875040,0.76681706
875100,0.76681706
875160,0.76681706
875220,0.76681706
875280,0.76681706
875340,0.76681706
875400,0.76681706
875460,0.76681706
875520,0.76681706
875580,0.76681706
875640,0.76681706
875700,0.76681706
875760,0.76681706
875820,0.76681706
875880,0.76681706
875940,0.76681706
876000,0.76681706
876060,0.76681706
876120,0.76681706
876180,0.76681706
876240,0.76681706
876300,0.76681706
876360,0.76681706
876420,0.76681706
876480,0.76681706
876540,0.76681706
876600,0.76681705
876660,0.76681705
876720,0.76681705
876780,0.76681705
876840,0.76681705
876900,0.76681705
876960,0.76680438
877020,0.76680438
877080,0.76680438
877140,0.76680438
877200,0.76680438
877260,0.76680438
877320,0.76680438
877380,0.76680438
877440,0.76680438
877500,0.76680438
877560,0.76680438
877620,0.76680438
877680,0.76680438
877740,0.76680438
877800,0.76680438
877860,0.76680438
877920,0.76680438
877980,0.76680438
878040,0.76680438
878100,0.76680438
878160,0.76680438
878220,0.76680438
878280,0.76680438
878340,0.76680438
878400,0.76680438
878460,0.76680438
878520,0.76680438
878580,0.76680438
878640,0.76680438
878700,0.76680438
878760,0.76680438
878820,0.76680438
878880,0.76680438
878940,0.76680438
879000,0.76680438
879060,0.76680438
879120,0.76680438
879180,0.76680438
879240,0.76680438
879300,0.76680438
879360,0.76680438
879420,0.76680438
879480,0.76680438
879540,0.76680438
879600,0.76680438
879660,0.76680437
879720,0.76680411
879780,0.76680411
879840,0.76680411
879900,0.76680411
879960,0.76680411
880020,0.76680411
880080,0.76680386
880140,0.76680386
880200,0.76680386
880260,0.76680386
880320,0.76680386
880380,0.76680386
880440,0.76680386
880500,0.76680386
880560,0.76680386
880620,0.76680386
880680,0.76680386
880740,0.76680384
880800,0.76680384
880860,0.76680384
880920,0.76680344
880980,0.76680344
881040,0.76680344
881100,0.76680344
881160,0.76680344
881220,0.76680324
881280,0.76680324
881340,0.76680324
881400,0.76680324
881460,0.76680324
881520,0.76680303
881580,0.76680303
881640,0.76680303
881700,0.76680303
881760,0.76680303
881820,0.76680303
881880,0.76680027
881940,0.76680027
882000,0.76680027
882060,0.76680027
882120,0.76680027
882180,0.76680027
882240,0.76680027
882300,0.76680027
882360,0.76679752
882420,0.76675491
882480,0.76655860
882540,0.76630845
882600,0.76600497
882660,0.76599951
882720,0.76599930
882780,0.76599930
882840,0.76592570
882900,0.76582901
882960,0.76575130
883020,0.76563985
883080,0.76552222
883140,0.76540721
883200,0.76530346
883260,0.76520721
883320,0.76512910
883380,0.76503404
883440,0.76494061
883500,0.76487498
883560,0.76473725
883620,0.76465230
883680,0.76465230
883740,0.76439062
883800,0.76428547
883860,0.76428547
883920,0.76402259
883980,0.76393015
884040,0.76393015
884100,0.76368441
884160,0.76366967
884220,0.76349857
884280,0.76343017
884340,0.76324866
884400,0.76311516
884460,0.76304955
884520,0.76304955
884580,0.76281111
884640,0.76275500
884700,0.76275500
884760,0.76254581
884820,0.76244171
884880,0.76236569
884940,0.76212725
885000,0.76212098
885060,0.76195121
885120,0.76195121
885180,0.76167612
885240,0.76151286
885300,0.76146228
885360,0.76131365
885420,0.76125928
885480,0.76108737
885540,0.76098388
885600,0.76098388
885660,0.76070218
885720,0.76063046
885780,0.76053808
885840,0.76045707
885900,0.76030622
885960,0.76029703
886020,0.76003919
886080,0.75996973
886140,0.75986774
886200,0.75979730
886260,0.75968304
886320,0.75956077
886380,0.75948246
886440,0.75941578
886500,0.75929786
886560,0.75903704
886620,0.75900300
886680,0.75889361
886740,0.75889361
886800,0.75868479
886860,0.75868479
886920,0.75846221
886980,0.75840707
887040,0.75827445
887100,0.75815541
887160,0.75806216
887220,0.75798002
887280,0.75789141
887340,0.75783735
887400,0.75770348
887460,0.75761941
887520,0.75761941
887580,0.75737345
887640,0.75725816
887700,0.75717584
887760,0.75717584
887820,0.75692717
887880,0.75681669
887940,0.75675442
888000,0.75675442
888060,0.75650523
888120,0.75641892
888180,0.75630123
888240,0.75619832
888300,0.75612442
888360,0.75608211
888420,0.75591007
888480,0.75577268
888540,0.75574135
888600,0.75558288
888660,0.75549865
888720,0.75540236
888780,0.75530940
888840,0.75530940
888900,0.75503618
888960,0.75491912
889020,0.75485939
889080,0.75485939
889140,0.75460374
889200,0.75445878
889260,0.75441248
889320,0.75428894
889380,0.75419054
889440,0.75419054
889500,0.75396046
889560,0.75378760
889620,0.75372571
889680,0.75370423
889740,0.75343188
889800,0.75337566
889860,0.75335607
889920,0.75318161
889980,0.75311037
890040,0.75293160
890100,0.75283612
890160,0.75278379
890220,0.75268736
890280,0.75268736
890340,0.75241233
890400,0.75226990
890460,0.75226990
890520,0.75204209
890580,0.75202059
890640,0.75184200
890700,0.75177109
890760,0.75173828
890820,0.75156445
890880,0.75142833
890940,0.75134109
891000,0.75119893
891060,0.75113569
891120,0.75104488
891180,0.75088887
891240,0.75088887
891300,0.75064986
891360,0.75053442
891420,0.75044915
891480,0.75044915
891540,0.75021474
891600,0.75010268
891660,0.74999903
891720,0.74990593
891780,0.74986953
891840,0.74977603
891900,0.74957841
891960,0.74950825
892020,0.74937617
892080,0.74937039
892140,0.74917993
892200,0.74907458
892260,0.74897525
892320,0.74892386
892380,0.74882195
892440,0.74861773
892500,0.74849971
892560,0.74840545
892620,0.74834513
892680,0.74817099
892740,0.74806476
892800,0.74803814
892860,0.74803814
892920,0.74771582
892980,0.74756383
893040,0.74745736
893100,0.74745736
893160,0.74726520
893220,0.74706597
893280,0.74700460
893340,0.74693985
893400,0.74693985
893460,0.74670885
893520,0.74657872
893580,0.74653754
893640,0.74633033
893700,0.74631712
893760,0.74611762
893820,0.74609215
893880,0.74591326
893940,0.74577622
894000,0.74577622
894060,0.74560024
894120,0.74556415
894180,0.74550463
894240,0.74527019
894300,0.74527019
894360,0.74527019
894420,0.74505103
894480,0.74499215
894540,0.74496456
894600,0.74477401
894660,0.74471148
894720,0.74462964
894780,0.74443997
894840,0.74426797
894900,0.74420632
894960,0.74411181
895020,0.74399996
895080,0.74391857
895140,0.74382706
895200,0.74382706
895260,0.74372344
895320,0.74362196
895380,0.74343030
895440,0.74337430
895500,0.74327464
895560,0.74306373
895620,0.74301165
895680,0.74293259
895740,0.74271908
895800,0.74271908
895860,0.74252922
895920,0.74246910
895980,0.74235701
896040,0.74227296
896100,0.74217142
896160,0.74204635
896220,0.74204635
896280,0.74164364
896340,0.74158050
896400,0.74150680
896460,0.74144085
896520,0.74127830
896580,0.74120117
896640,0.74099766
896700,0.74092869
896760,0.74085664
896820,0.74073910
896880,0.74057160
896940,0.74057160
897000,0.74057160
897060,0.74019226
897120,0.74009578
897180,0.74000956
897240,0.73989849
897300,0.73989849
897360,0.73973712
897420,0.73955229
897480,0.73947681
897540,0.73931946
897600,0.73931188
897660,0.73908661
897720,0.73902479
897780,0.73879986
897840,0.73873111
897900,0.73866263
897960,0.73855515
898020,0.73844084
898080,0.73843338
898140,0.73843338
898200,0.73807397
898260,0.73801489
898320,0.73791770
898380,0.73773694
898440,0.73767558
898500,0.73756639
898560,0.73753360
898620,0.73729776
898680,0.73723704
898740,0.73713613
898800,0.73700834
898860,0.73696244
898920,0.73695800
898980,0.73679887
899040,0.73673298
899100,0.73663322
899160,0.73654324
899220,0.73654324
899280,0.73616354
899340,0.73614265
899400,0.73614265
899460,0.73588830
899520,0.73584466
899580,0.73565055
899640,0.73565055
899700,0.73543916
899760,0.73543916
899820,0.73520659
899880,0.73497363
899940,0.73490989
900000,0.73488450
900060,0.73471762
900120,0.73462334
900180,0.73455462
900240,0.73446684
900300,0.73435052
900360,0.73427669
900420,0.73427669
900480,0.73400407
900540,0.73400407
900600,0.73371737
900660,0.73360875
900720,0.73360238
900780,0.73339710
900840,0.73339086
900900,0.73317899
900960,0.73308148
901020,0.73295757
901080,0.73287381
901140,0.73274107
901200,0.73269604
901260,0.73258342
901320,0.73241893
901380,0.73230586
901440,0.73229878
901500,0.73199526
901560,0.73199526
901620,0.73187853
901680,0.73180561
901740,0.73173244
901800,0.73166393
901860,0.73161979
901920,0.73141920
901980,0.73134062
902040,0.73125814
902100,0.73114604
902160,0.73098061
902220,0.73098061
902280,0.73080271
902340,0.73063708
902400,0.73053071
902460,0.73053071
902520,0.73028962
902580,0.73020481
902640,0.73020481
902700,0.73001414
902760,0.72991572
902820,0.72991572
902880,0.72947648
902940,0.72945506
903000,0.72937152
903060,0.72928789
903120,0.72920676
903180,0.72912159
903240,0.72898732
903300,0.72883825
903360,0.72879269
903420,0.72854946
903480,0.72821652
903540,0.72807981
903600,0.72783655
903660,0.72783655
903720,0.72724273
903780,0.72709267
903840,0.72690943
903900,0.72669158
903960,0.72618710
904020,0.72616080
904080,0.72592637
904140,0.72513325
904200,0.72509812
904260,0.72503219
904320,0.72458911
904380,0.72436432
904440,0.72414444
904500,0.72411221
904560,0.72363753
904620,0.72319366
904680,0.72279804
904740,0.72249714
904800,0.72226954
904860,0.72166197
904920,0.72153527
904980,0.72129337
905040,0.72097841
905100,0.72084052
905160,0.72083087
905220,0.72075266
905280,0.72071226
905340,0.72042692
905400,0.72042692
905460,0.72042692
905520,0.72010455
905580,0.72010455
905640,0.71984465
905700,0.71976276
905760,0.71972285
905820,0.71964315
905880,0.71964315
905940,0.71926991
906000,0.71916129
906060,0.71908291
906120,0.71908291
906180,0.71908291
906240,0.71865594
906300,0.71858365
906360,0.71842435
906420,0.71831340
906480,0.71831340
906540,0.71804723
906600,0.71800910
906660,0.71789276
906720,0.71773911
906780,0.71763487
906840,0.71757748
906900,0.71744315
906960,0.71744315
907020,0.71724767
907080,0.71698311
907140,0.71697506
907200,0.71697506
907260,0.71697506
907320,0.71697506
907380,0.71626258
907440,0.71624685
907500,0.71608292
907560,0.71603696
907620,0.71594355
907680,0.71569526
907740,0.71561366
907800,0.71557259
907860,0.71539493
907920,0.71523657
907980,0.71511006
908040,0.71511006
908100,0.71498726
908160,0.71478937
908220,0.71472839
908280,0.71461744
908340,0.71460866
908400,0.71441082
908460,0.71435835
908520,0.71422295
908580,0.71412000
908640,0.71404153
908700,0.71395995
908760,0.71385887
908820,0.71376968
908880,0.71376968
908940,0.71341418
909000,0.71334564
909060,0.71334564
909120,0.71317532
909180,0.71301875
909240,0.71292127
909300,0.71281792
909360,0.71281792
909420,0.71281792
909480,0.71281792
909540,0.71281792
909600,0.71281792
909660,0.71281792
909720,0.71281792
909780,0.71281792
909840,0.71281792
909900,0.71281792
909960,0.71281792
910020,0.71281792
910080,0.71281792
910140,0.71281792
910200,0.71281792
910260,0.71281792
910320,0.71281792
910380,0.71281792
910440,0.71281792
910500,0.71281792
910560,0.71281792
910620,0.71281792
910680,0.71281792
910740,0.71281792
910800,0.71281792
910860,0.71281792
910920,0.71281792
910980,0.71281792
911040,0.71281792
911100,0.71281792
911160,0.71281792
911220,0.71281792
911280,0.71281792
911340,0.71281792
911400,0.71281792
911460,0.71281792
911520,0.71281792
911580,0.71281792
911640,0.71281792
911700,0.71281792
911760,0.71281792
911820,0.71281792
911880,0.71281792
911940,0.71281792
912000,0.71281792
912060,0.71281792
912120,0.71281792
912180,0.71281792
912240,0.71281792
912300,0.71281792
912360,0.71281792
912420,0.71281792
912480,0.71281792
912540,0.71281792
912600,0.71281792
912660,0.71281792
912720,0.71281792
912780,0.71281792
912840,0.71281792
912900,0.71281792
912960,0.71281792
913020,0.71281792
913080,0.71281792
913140,0.71281792
913200,0.71281792
913260,0.71281792
913320,0.71281792
913380,0.71281792
913440,0.71281792
913500,0.71281792
913560,0.71281792
913620,0.71281792
913680,0.71281792
913740,0.71281792
913800,0.71281792
913860,0.71281792
913920,0.71281792
913980,0.71281792
914040,0.71281792
914100,0.71281792
914160,0.71281792
914220,0.71281792
914280,0.71281792
914340,0.71281792
914400,0.71281792
914460,0.71281792
914520,0.71281792
914580,0.71281792
914640,0.71281792
914700,0.71281792
914760,0.71281792
914820,0.71281792
914880,0.71281792
914940,0.71281792
915000,0.71281792
915060,0.71281792
915120,0.71281792
915180,0.71281792
915240,0.71281792
915300,0.71281792
915360,0.71281792
915420,0.71281792
915480,0.71281792
915540,0.71281792
915600,0.71281792
915660,0.71281792
915720,0.71281792
915780,0.71281792
915840,0.71281792
915900,0.71281792
915960,0.71281792
916020,0.71281792
916080,0.71281792
916140,0.71281792
916200,0.71281792
916260,0.71281792
916320,0.71281792
916380,0.71281792
916440,0.71281792
916500,0.71281792
916560,0.71281792
916620,0.71281792
916680,0.71281792
916740,0.71281792
916800,0.71281792
916860,0.71281792
916920,0.71281792
916980,0.71281792
917040,0.71281792
917100,0.71281792
917160,0.71281792
917220,0.71281792
917280,0.71281792
917340,0.71281792
917400,0.71281792
917460,0.71281792
917520,0.71281792
917580,0.71281792
917640,0.71281792
917700,0.71281792
917760,0.71281792
917820,0.71281792
917880,0.71281792
917940,0.71281792
918000,0.71281792
918060,0.71281792
918120,0.71281792
918180,0.71281792
918240,0.71281792
918300,0.71281792
918360,0.71281792
918420,0.71281792
918480,0.71281792
918540,0.71281772
918600,0.71281772
918660,0.71281772
918720,0.71281772
918780,0.71281772
918840,0.71281772
918900,0.71281772
918960,0.71281772
919020,0.71281772
919080,0.71281772
919140,0.71281772
919200,0.71281772
919260,0.71281772
919320,0.71281772
919380,0.71281772
919440,0.71281772
919500,0.71281772
919560,0.71281772
919620,0.71281772
919680,0.71281772
919740,0.71281772
919800,0.71281772
919860,0.71281772
919920,0.71281772
919980,0.71281772
920040,0.71281772
920100,0.71281772
920160,0.71281772
920220,0.71281772
920280,0.71281772
920340,0.71281772
920400,0.71281772
920460,0.71281772
920520,0.71281772
920580,0.71281772
920640,0.71281772
920700,0.71281772
920760,0.71281772
920820,0.71281772
920880,0.71281772
920940,0.71281772
921000,0.71281772
921060,0.71280485
921120,0.71280485
921180,0.71280485
921240,0.71280485
921300,0.71280485
921360,0.71280485
921420,0.71280485
921480,0.71280485
921540,0.71280485
921600,0.71280485
921660,0.71280485
921720,0.71280485
921780,0.71280485
921840,0.71280485
921900,0.71280485
921960,0.71280485
922020,0.71280485
922080,0.71280485
922140,0.71280485
922200,0.71280485
922260,0.71280485
922320,0.71280485
922380,0.71280485
922440,0.71280485
922500,0.71280485
922560,0.71280485
922620,0.71280485
922680,0.71280485
922740,0.71280485
922800,0.71280485
922860,0.71280485
922920,0.71280485
922980,0.71280485
923040,0.71280485
923100,0.71280485
923160,0.71280485
923220,0.71280485
923280,0.71280485
923340,0.71280485
923400,0.71280485
923460,0.71279771
923520,0.71279227
923580,0.71279227
923640,0.71279227
923700,0.71279227
923760,0.71279227
923820,0.71279227
923880,0.71279227
923940,0.71279227
924000,0.71279227
924060,0.71279227
924120,0.71279227
924180,0.71279227
924240,0.71279227
924300,0.71279227
924360,0.71279227
924420,0.71279227
924480,0.71279227
924540,0.71279227
924600,0.71279227
924660,0.71279227
924720,0.71279227
924780,0.71279204
924840,0.71279204
924900,0.71279204
924960,0.71279204
925020,0.71279204
925080,0.71279204
925140,0.71279204
925200,0.71279204
925260,0.71279204
925320,0.71279204
925380,0.71279204
925440,0.71279204
925500,0.71279204
925560,0.71279204
925620,0.71278969
925680,0.71278969
925740,0.71278966
925800,0.71278966
925860,0.71278966
925920,0.71278966
925980,0.71278966
926040,0.71278966
926100,0.71278966
926160,0.71278966
926220,0.71278966
926280,0.71278966
926340,0.71278966
926400,0.71278966
926460,0.71278966
926520,0.71278966
926580,0.71278966
926640,0.71278966
926700,0.71278966
926760,0.71278966
926820,0.71278966
926880,0.71278966
926940,0.71278966
927000,0.71278730
927060,0.71278730
927120,0.71278730
927180,0.71278730
927240,0.71278730
927300,0.71278730
927360,0.71278730
927420,0.71278730
927480,0.71278730
927540,0.71278730
927600,0.71278730
927660,0.71278730
927720,0.71278730
927780,0.71278730
927840,0.71278730
927900,0.71278730
927960,0.71278730
928020,0.71278730
928080,0.71277456
928140,0.71277456
928200,0.71277456
928260,0.71277456
928320,0.71277456
928380,0.71277456
928440,0.71277456
928500,0.71277456
928560,0.71277456
928620,0.71277456
928680,0.71277456
928740,0.71277456
928800,0.71277456
928860,0.71277456
928920,0.71277456
928980,0.71277456
929040,0.71277456
929100,0.71277456
929160,0.71277456
929220,0.71277456
929280,0.71277456
929340,0.71277456
929400,0.71277456
929460,0.71277456
929520,0.71277456
929580,0.71277456
929640,0.71277456
929700,0.71277456
929760,0.71277456
929820,0.71277456
929880,0.71277456
929940,0.71277456
930000,0.71277456
930060,0.71277456
930120,0.71277456
930180,0.71277456
930240,0.71277456
930300,0.71277456
930360,0.71277456
930420,0.71277456
930480,0.71277456
930540,0.71277456
930600,0.71277456
930660,0.71277456
930720,0.71277456
930780,0.71277456
930840,0.71277456
930900,0.71277456
930960,0.71277456
931020,0.71277456
931080,0.71277456
931140,0.71277456
931200,0.71277456
931260,0.71277456
931320,0.71277456
931380,0.71277456
931440,0.71277456
931500,0.71277456
931560,0.71277456
931620,0.71277456
931680,0.71277456
931740,0.71277456
931800,0.71277456
931860,0.71277456
931920,0.71277456
931980,0.71277456
932040,0.71277456
932100,0.71277456
932160,0.71277456
932220,0.71277456
932280,0.71277456
932340,0.71277456
932400,0.71277456
932460,0.71277456
932520,0.71277456
932580,0.71277456
932640,0.71277456
932700,0.71277456
932760,0.71277456
932820,0.71277456
932880,0.71277456
932940,0.71277456
933000,0.71277456
933060,0.71277456
933120,0.71277456
933180,0.71277456
933240,0.71277456
933300,0.71277456
933360,0.71277456
933420,0.71277456
933480,0.71277456
933540,0.71277456
933600,0.71277456
933660,0.71277456
933720,0.71277456
933780,0.71277456
933840,0.71277456
933900,0.71277456
933960,0.71277456
934020,0.71277456
934080,0.71277456
934140,0.71277456
934200,0.71277456
934260,0.71277456
934320,0.71277456
934380,0.71277456
934440,0.71277456
934500,0.71277456
934560,0.71277456
934620,0.71277456
934680,0.71277456
934740,0.71277456
934800,0.71277456
934860,0.71277456
934920,0.71277456
934980,0.71277456
935040,0.71277456
935100,0.71277456
935160,0.71277456
935220,0.71277456
935280,0.71277456
935340,0.71277456
935400,0.71277456
935460,0.71277456
935520,0.71277456
935580,0.71277456
935640,0.71277456
935700,0.71277456
935760,0.71277456
935820,0.71277456
935880,0.71277456
935940,0.71277456
936000,0.71277456
936060,0.71277456
936120,0.71277456
936180,0.71277456
936240,0.71277456
936300,0.71277456
936360,0.71277456
936420,0.71277456
936480,0.71277456
936540,0.71277456
936600,0.71277456
936660,0.71277456
936720,0.71277456
936780,0.71277456
936840,0.71277456
936900,0.71277456
936960,0.71277456
937020,0.71277456
937080,0.71277456
937140,0.71277456
937200,0.71277456
937260,0.71277456
937320,0.71277456
937380,0.71277456
937440,0.71277456
937500,0.71277456
937560,0.71277456
937620,0.71277456
937680,0.71277456
937740,0.71277456
937800,0.71277456
937860,0.71277456
937920,0.71277456
937980,0.71277456
938040,0.71277224
938100,0.71277224
938160,0.71277224
938220,0.71277224
938280,0.71277224
938340,0.71277224
938400,0.71277224
938460,0.71277224
938520,0.71277224
938580,0.71277224
938640,0.71277224
938700,0.71277224
938760,0.71277224
938820,0.71277224
938880,0.71277224
938940,0.71277223
939000,0.71277223
939060,0.71277223
939120,0.71277223
939180,0.71277223
939240,0.71277223
939300,0.71277223
939360,0.71277223
939420,0.71277223
939480,0.71277223
939540,0.71277223
939600,0.71277223
939660,0.71277223
939720,0.71276920
939780,0.71276920
939840,0.71276920
939900,0.71276920
939960,0.71276920
940020,0.71276920
940080,0.71276920
940140,0.71276920
940200,0.71276920
940260,0.71276920
940320,0.71276920
940380,0.71276920
940440,0.71276920
940500,0.71276920
940560,0.71276920
940620,0.71276920
940680,0.71276920
940740,0.71276920
940800,0.71276919
940860,0.71276919
940920,0.71276919
940980,0.71276919
941040,0.71276919
941100,0.71276919
941160,0.71276919
941220,0.71276919
941280,0.71276919
941340,0.71276919
941400,0.71276919
941460,0.71276919
941520,0.71276919
941580,0.71276919
941640,0.71276919
941700,0.71276919
941760,0.71276919
941820,0.71276919
941880,0.71276919
941940,0.71276919
942000,0.71276919
942060,0.71276919
942120,0.71276919
942180,0.71276919
942240,0.71276919
942300,0.71276919
942360,0.71276919
942420,0.71276919
942480,0.71276919
942540,0.71276919
942600,0.71276919
942660,0.71276919
942720,0.71276919
942780,0.71276919
942840,0.71276919
942900,0.71276919
942960,0.71276919
943020,0.71276919
943080,0.71276919
943140,0.71276919
943200,0.71276919
943260,0.71276919
943320,0.71276919
943380,0.71276919
943440,0.71276919
943500,0.71276919
943560,0.71276919
943620,0.71276919
943680,0.71276919
943740,0.71276919
943800,0.71276919
943860,0.71276919
943920,0.71276919
943980,0.71276919
944040,0.71276919
944100,0.71276919
944160,0.71276919
944220,0.71276919
944280,0.71276919
944340,0.71276919
944400,0.71276919
944460,0.71276919
944520,0.71276919
944580,0.71276919
944640,0.71276919
944700,0.71276919
944760,0.71276919
944820,0.71276919
944880,0.71276919
944940,0.71276919
945000,0.71276919
945060,0.71276919
945120,0.71276919
945180,0.71276919
945240,0.71276919
945300,0.71276919
945360,0.71276919
945420,0.71276919
945480,0.71276919
945540,0.71276919
945600,0.71276919
945660,0.71276919
945720,0.71276919
945780,0.71276919
945840,0.71276919
945900,0.71276919
945960,0.71276919
946020,0.71276919
946080,0.71276919
946140,0.71276919
946200,0.71276919
946260,0.71276919
946320,0.71276621
946380,0.71276621
946440,0.71276621
946500,0.71276621
946560,0.71276621
946620,0.71276621
946680,0.71276621
946740,0.71276621
946800,0.71276621
946860,0.71276621
946920,0.71276621
946980,0.71276621
947040,0.71276621
947100,0.71276621
947160,0.71276621
947220,0.71276621
947280,0.71276617
947340,0.71276617
947400,0.71276617
947460,0.71276617
947520,0.71276617
947580,0.71276617
947640,0.71276617
947700,0.71276617
947760,0.71276617
947820,0.71276617
947880,0.71276617
947940,0.71276617
948000,0.71276617
948060,0.71276617
948120,0.71276617
948180,0.71276617
948240,0.71276617
948300,0.71276617
948360,0.71276617
948420,0.71276617
948480,0.71276617
948540,0.71276617
948600,0.71276617
948660,0.71276617
948720,0.71276617
948780,0.71276617
948840,0.71276617
948900,0.71276617
948960,0.71276617
949020,0.71276317
949080,0.71276317
949140,0.71276317
949200,0.71276317
949260,0.71276317
949320,0.71276317
949380,0.71276317
949440,0.71276317
949500,0.71276317
949560,0.71276317
949620,0.71276317
949680,0.71276317
949740,0.71276317
949800,0.71276317
949860,0.71276317
949920,0.71276317
949980,0.71276317
950040,0.71276317
950100,0.71276317
950160,0.71276317
950220,0.71276317
950280,0.71276317
950340,0.71276317
950400,0.71276317
950460,0.71276317
950520,0.71276317
950580,0.71276317
950640,0.71276317
950700,0.71276317
950760,0.71276317
950820,0.71276317
950880,0.71276317
950940,0.71276317
951000,0.71276317
951060,0.71276317
951120,0.71276317
951180,0.71276317
951240,0.71276317
951300,0.71276317
951360,0.71276317
951420,0.71276317
951480,0.71276317
951540,0.71276317
951600,0.71276317
951660,0.71276317
951720,0.71276317
951780,0.71276317
951840,0.71276317
951900,0.71276317
951960,0.71276317
952020,0.71276317
952080,0.71276317
952140,0.71276317
952200,0.71276317
952260,0.71276317
952320,0.71276317
952380,0.71276317
952440,0.71276317
952500,0.71276317
952560,0.71276317
952620,0.71276317
952680,0.71276317
952740,0.71276317
952800,0.71276317
952860,0.71276317
952920,0.71276317
952980,0.71276317
953040,0.71276302
953100,0.71276302
953160,0.71276302
953220,0.71276302
953280,0.71276302
953340,0.71276302
953400,0.71276302
953460,0.71276302
953520,0.71276302
953580,0.71276302
953640,0.71276302
953700,0.71276302
953760,0.71276302
953820,0.71276302
953880,0.71276302
953940,0.71276302
954000,0.71276302
954060,0.71276302
954120,0.71276302
954180,0.71276302
954240,0.71276302
954300,0.71276302
954360,0.71276302
954420,0.71276302
954480,0.71276302
954540,0.71276302
954600,0.71276302
954660,0.71276302
954720,0.71276302
954780,0.71276302
954840,0.71276302
954900,0.71276302
954960,0.71276302
955020,0.71276302
955080,0.71276302
955140,0.71276297
955200,0.71276297
955260,0.71276297
955320,0.71276297
955380,0.71276297
955440,0.71276297
955500,0.71276297
955560,0.71276297
955620,0.71276297
955680,0.71276297
955740,0.71276297
955800,0.71276297
955860,0.71276297
955920,0.71276297
955980,0.71276297
956040,0.71276297
956100,0.71276297
956160,0.71276297
956220,0.71276297
956280,0.71276297
956340,0.71276297
956400,0.71276297
956460,0.71276297
956520,0.71276297
956580,0.71276297
956640,0.71276297
956700,0.71276297
956760,0.71276297
956820,0.71276297
956880,0.71276297
956940,0.71276297
957000,0.71276297
957060,0.71276297
957120,0.71276297
957180,0.71276297
957240,0.71276297
957300,0.71276297
957360,0.71276297
957420,0.71276297
957480,0.71276297
957540,0.71276297
957600,0.71276297
957660,0.71276297
957720,0.71276297
957780,0.71276297
957840,0.71276297
957900,0.71276297
957960,0.71276297
958020,0.71276297
958080,0.71276297
958140,0.71276297
958200,0.71276297
958260,0.71276297
958320,0.71276297
958380,0.71276297
958440,0.71276297
958500,0.71276297
958560,0.71276297
958620,0.71276297
958680,0.71276297
958740,0.71276297
958800,0.71276297
958860,0.71276297
958920,0.71276297
958980,0.71276297
959040,0.71276297
959100,0.71276297
959160,0.71276297
959220,0.71276297
959280,0.71276297
959340,0.71276297
959400,0.71276297
959460,0.71276297
959520,0.71276297
959580,0.71276297
959640,0.71276297
959700,0.71276297
959760,0.71276297
959820,0.71276297
959880,0.71276297
959940,0.71276297
960000,0.71276297
960060,0.71276297
960120,0.71276297
960180,0.71276297
960240,0.71276297
960300,0.71276297
960360,0.71276297
960420,0.71276297
960480,0.71276297
960540,0.71276297
960600,0.71276297
960660,0.71276297
960720,0.71276297
960780,0.71276297
960840,0.71276297
960900,0.71276297
960960,0.71276297
961020,0.71276297
961080,0.71276297
961140,0.71276297
961200,0.71276297
961260,0.71276297
961320,0.71276297
961380,0.71276297
961440,0.71276297
961500,0.71276297
961560,0.71276297
961620,0.71276297
961680,0.71276292
961740,0.71276292
961800,0.71276292
961860,0.71276292
961920,0.71276292
961980,0.71276292
962040,0.71276292
962100,0.71276292
962160,0.71276292
962220,0.71276292
962280,0.71276292
962340,0.71276292
962400,0.71276292
962460,0.71276292
962520,0.71276292
962580,0.71276292
962640,0.71276292
962700,0.71276292
962760,0.71276292
962820,0.71276292
962880,0.71276292
962940,0.71276292
963000,0.71276292
963060,0.71276292
963120,0.71276292
963180,0.71276292
963240,0.71276292
963300,0.71276292
963360,0.71276292
963420,0.71276292
963480,0.71276292
963540,0.71276292
963600,0.71276292
963660,0.71276292
963720,0.71276292
963780,0.71276292
963840,0.71276292
963900,0.71276292
963960,0.71276292
964020,0.71276292
964080,0.71276292
964140,0.71276292
964200,0.71276292
964260,0.71276292
964320,0.71276292
964380,0.71276292
964440,0.71276292
964500,0.71276292
964560,0.71276292
964620,0.71276292
964680,0.71276292
964740,0.71276292
964800,0.71276292
964860,0.71276292
964920,0.71276292
964980,0.71276292
965040,0.71276292
965100,0.71276292
965160,0.71276292
965220,0.71276292
965280,0.71276292
965340,0.71276292
965400,0.71276292
965460,0.71276292
965520,0.71276292
965580,0.71276292
965640,0.71276292
965700,0.71276292
965760,0.71276292
965820,0.71276292
965880,0.71276292
965940,0.71276292
966000,0.71276292
966060,0.71276292
966120,0.71276292
966180,0.71276292
966240,0.71276292
966300,0.71276292
966360,0.71276292
966420,0.71276292
966480,0.71276292
966540,0.71276292
966600,0.71276292
966660,0.71276292
966720,0.71276292
966780,0.71276292
966840,0.71276292
966900,0.71276292
966960,0.71276292
967020,0.71276292
967080,0.71276292
967140,0.71276292
967200,0.71276292
967260,0.71276292
967320,0.71276292
967380,0.71276292
967440,0.71276292
967500,0.71276292
967560,0.71276292
967620,0.71276292
967680,0.71276292
967740,0.71276292
967800,0.71276292
967860,0.71276292
967920,0.71276292
967980,0.71276292
968040,0.71276292
968100,0.71276292
968160,0.71276292
968220,0.71276292
968280,0.71276292
968340,0.71276292
968400,0.71276292
968460,0.71276292
968520,0.71276292
968580,0.71276292
968640,0.71276292
968700,0.71276292
968760,0.71276292
968820,0.71276292
968880,0.71276292
968940,0.71276292
969000,0.71276292
969060,0.71276292
969120,0.71276292
969180,0.71276292
969240,0.71276292
969300,0.71276292
969360,0.71276292
969420,0.71276292
969480,0.71276292
969540,0.71276292
969600,0.71276292
969660,0.71276292
969720,0.71276292
969780,0.71276292
969840,0.71276292
969900,0.71276292
969960,0.71276292
970020,0.71276292
970080,0.71276292
970140,0.71276292
970200,0.71276292
970260,0.71276292
970320,0.71276292
970380,0.71276292
970440,0.71276292
970500,0.71276292
970560,0.71276292
970620,0.71276292
970680,0.71276242
970740,0.71276242
970800,0.71276242
970860,0.71276242
970920,0.71276242
970980,0.71276242
971040,0.71276242
971100,0.71276242
971160,0.71276242
971220,0.71276242
971280,0.71276242
971340,0.71276242
971400,0.71276242
971460,0.71276242
971520,0.71276242
971580,0.71276242
971640,0.71276242
971700,0.71276242
971760,0.71276242
971820,0.71276242
971880,0.71276242
971940,0.71276242
972000,0.71276242
972060,0.71276242
972120,0.71276242
972180,0.71276242
972240,0.71276242
972300,0.71276242
972360,0.71276242
972420,0.71276242
972480,0.71276242
972540,0.71276242
972600,0.71276241
972660,0.71276241
972720,0.71276241
972780,0.71276241
972840,0.71276241
972900,0.71276241
972960,0.71276241
973020,0.71276241
973080,0.71276241
973140,0.71276241
973200,0.71276241
973260,0.71276216
973320,0.71276216
973380,0.71276216
973440,0.71276216
973500,0.71276216
973560,0.71276215
973620,0.71276215
973680,0.71276215
973740,0.71276215
973800,0.71276215
973860,0.71276215
973920,0.71276215
973980,0.71276215
974040,0.71276215
974100,0.71276215
974160,0.71276215
974220,0.71276215
974280,0.71276215
974340,0.71276215
974400,0.71276215
974460,0.71276215
974520,0.71276215
974580,0.71276215
974640,0.71276215
974700,0.71276215
974760,0.71276215
974820,0.71276215
974880,0.71276215
974940,0.71276215
975000,0.71276215
975060,0.71276215
975120,0.71276215
975180,0.71276215
975240,0.71276215
975300,0.71276215
975360,0.71276215
975420,0.71276215
975480,0.71276215
975540,0.71276215
975600,0.71276215
975660,0.71276215
975720,0.71276215
975780,0.71276215
975840,0.71276215
975900,0.71276215
975960,0.71276215
976020,0.71276215
976080,0.71276215
976140,0.71276215
976200,0.71275907
976260,0.71275907
976320,0.71275907
976380,0.71275907
976440,0.71275907
976500,0.71275907
976560,0.71275907
976620,0.71275907
976680,0.71275907
976740,0.71275907
976800,0.71275907
976860,0.71275907
976920,0.71275907
976980,0.71275907
977040,0.71275907
977100,0.71275907
977160,0.71275907
977220,0.71275907
977280,0.71275907
977340,0.71275907
977400,0.71275907
977460,0.71275907
977520,0.71275907
977580,0.71275907
977640,0.71275907
977700,0.71275907
977760,0.71275907
977820,0.71275907
977880,0.71275602
977940,0.71275602
978000,0.71275602
978060,0.71275602
978120,0.71275602
978180,0.71275602
978240,0.71275602
978300,0.71275602
978360,0.71275602
978420,0.71275602
978480,0.71275602
978540,0.71275602
978600,0.71275602
978660,0.71275602
978720,0.71275602
978780,0.71275602
978840,0.71275602
978900,0.71275602
978960,0.71275602
979020,0.71275602
979080,0.71275602
979140,0.71275602
979200,0.71275602
979260,0.71275602
979320,0.71275602
979380,0.71275602
979440,0.71275602
979500,0.71275602
979560,0.71275602
979620,0.71275602
979680,0.71275602
979740,0.71275602
979800,0.71275602
979860,0.71275602
979920,0.71275602
979980,0.71275602
980040,0.71275602
980100,0.71275602
980160,0.71275602
980220,0.71275602
980280,0.71275602
980340,0.71275602
980400,0.71275602
980460,0.71275602
980520,0.71275602
980580,0.71275602
980640,0.71275602
980700,0.71275602
980760,0.71275602
980820,0.71275602
980880,0.71275602
980940,0.71275602
981000,0.71275602
981060,0.71275602
981120,0.71275602
981180,0.71275602
981240,0.71275602
981300,0.71275602
981360,0.71275602
981420,0.71275602
981480,0.71275602
981540,0.71275602
981600,0.71275602
981660,0.71275602
981720,0.71275602
981780,0.71275602
981840,0.71275602
981900,0.71275602
981960,0.71275602
982020,0.71275602
982080,0.71275602
982140,0.71275602
982200,0.71275602
982260,0.71275602
982320,0.71275602
982380,0.71275602
982440,0.71275602
982500,0.71275602
982560,0.71275602
982620,0.71275602
982680,0.71275602
982740,0.71275602
982800,0.71275602
982860,0.71275602
982920,0.71275602
982980,0.71275602
983040,0.71275602
983100,0.71275602
983160,0.71275602
983220,0.71275602
983280,0.71275602
983340,0.71275602
983400,0.71275602
983460,0.71275602
983520,0.71275602
983580,0.71275602
983640,0.71275602
983700,0.71275602
983760,0.71275602
983820,0.71275602
983880,0.71275602
983940,0.71275602
984000,0.71275602
984060,0.71275602
984120,0.71275602
984180,0.71275602
984240,0.71275602
984300,0.71275602
984360,0.71275602
984420,0.71275602
984480,0.71275602
984540,0.71275602
984600,0.71275602
984660,0.71275602
984720,0.71275602
984780,0.71275602
984840,0.71275602
984900,0.71275602
984960,0.71275602
985020,0.71275602
985080,0.71275602
985140,0.71275602
985200,0.71275602
985260,0.71275602
985320,0.71275602
985380,0.71275602
985440,0.71275602
985500,0.71275602
985560,0.71275602
985620,0.71275602
985680,0.71275602
985740,0.71275602
985800,0.71275602
985860,0.71275602
985920,0.71275602
985980,0.71275602
986040,0.71275602
986100,0.71275602
986160,0.71275602
986220,0.71275602
986280,0.71275602
986340,0.71275602
986400,0.71275602
986460,0.71275602
986520,0.71275602
986580,0.71275602
986640,0.71275602
986700,0.71275602
986760,0.71275602
986820,0.71275602
986880,0.71275602
986940,0.71275602
987000,0.71275602
987060,0.71275602
987120,0.71275602
987180,0.71275602
987240,0.71275602
987300,0.71275602
987360,0.71275602
987420,0.71275602
987480,0.71275602
987540,0.71275602
987600,0.71275602
987660,0.71275602
987720,0.71275602
987780,0.71275602
987840,0.71275602
987900,0.71275602
987960,0.71275602
988020,0.71275602
988080,0.71275602
988140,0.71275602
988200,0.71275602
988260,0.71275602
988320,0.71275602
988380,0.71275602
988440,0.71275602
988500,0.71275602
988560,0.71275602
988620,0.71275602
988680,0.71275602
988740,0.71275602
988800,0.71275602
988860,0.71275602
988920,0.71275602
988980,0.71275602
989040,0.71275602
989100,0.71275602
989160,0.71275602
989220,0.71275602
989280,0.71275602
989340,0.71275602
989400,0.71275602
989460,0.71275602
989520,0.71275602
989580,0.71275602
989640,0.71275602
989700,0.71275602
989760,0.71275602
989820,0.71275602
989880,0.71275602
989940,0.71275602
990000,0.71275602
990060,0.71275602
990120,0.71275602
990180,0.71275602
990240,0.71275602
990300,0.71275602
990360,0.71275602
990420,0.71275602
990480,0.71275602
990540,0.71275602
990600,0.71275602
990660,0.71275602
990720,0.71275602
990780,0.71275602
990840,0.71275602
990900,0.71275602
990960,0.71275602
991020,0.71275602
991080,0.71275602
991140,0.71275602
991200,0.71275602
991260,0.71275602
991320,0.71275602
991380,0.71275602
991440,0.71275602
991500,0.71275602
991560,0.71275602
991620,0.71275602
991680,0.71275602
991740,0.71275602
991800,0.71275602
991860,0.71275602
991920,0.71275602
991980,0.71275602
992040,0.71275602
992100,0.71275602
992160,0.71275602
992220,0.71275602
992280,0.71275602
992340,0.71275602
992400,0.71275602
992460,0.71275602
992520,0.71275602
992580,0.71275602
992640,0.71275602
992700,0.71275602
992760,0.71275602
992820,0.71275602
992880,0.71275602
992940,0.71275602
993000,0.71275602
993060,0.71275602
993120,0.71275602
993180,0.71275602
993240,0.71275602
993300,0.71275602
993360,0.71275602
993420,0.71275602
993480,0.71275602
993540,0.71275602
993600,0.71275602
993660,0.71275602
993720,0.71275602
993780,0.71275602
993840,0.71275602
993900,0.71275602
993960,0.71275602
994020,0.71275602
994080,0.71275602
994140,0.71275602
994200,0.71275602
994260,0.71275602
994320,0.71275602
994380,0.71275602
994440,0.71275602
994500,0.71275602
994560,0.71275602
994620,0.71275602
994680,0.71275602
994740,0.71275602
994800,0.71275602
994860,0.71275602
994920,0.71275602
994980,0.71275602
995040,0.71275602
995100,0.71275602
995160,0.71275602
995220,0.71275602
995280,0.71275602
995340,0.71275602
995400,0.71275602
995460,0.71275602
995520,0.71275602
995580,0.71275602
995640,0.71275602
995700,0.71275602
995760,0.71275602
995820,0.71275602
995880,0.71275602
995940,0.71275602
996000,0.71275602
996060,0.71275602
996120,0.71275602
996180,0.71275602
996240,0.71275602
996300,0.71275602
996360,0.71275602
996420,0.71275602
996480,0.71275602
996540,0.71275602
996600,0.71275602
996660,0.71275602
996720,0.71275602
996780,0.71275602
996840,0.71275602
996900,0.71275602
996960,0.71275602
997020,0.71275602
997080,0.71275602
997140,0.71275602
997200,0.71275602
997260,0.71275602
997320,0.71275602
997380,0.71275602
997440,0.71275602
997500,0.71275602
997560,0.71275602
997620,0.71275602
997680,0.71275602
997740,0.71275602
997800,0.71275602
997860,0.71275602
997920,0.71275602
997980,0.71275602
998040,0.71275602
998100,0.71275602
998160,0.71275602
998220,0.71275602
998280,0.71275602
998340,0.71275602
998400,0.71275602
998460,0.71275602
998520,0.71275602
998580,0.71275602
998640,0.71275602
998700,0.71275602
998760,0.71275602
998820,0.71275602
998880,0.71275602
998940,0.71275602
999000,0.71275602
999060,0.71275602
999120,0.71275602
999180,0.71275602
999240,0.71275602
999300,0.71275602
999360,0.71275602
999420,0.71275602
999480,0.71275602
999540,0.71275602
999600,0.71275602
999660,0.71275602
999720,0.71275602
999780,0.71275602
999840,0.71275602
999900,0.71275602
999960,0.71275602
1000020,0.71275602
1000080,0.71275602
1000140,0.71275602
1000200,0.71275602
1000260,0.71275602
1000320,0.71275602
1000380,0.71275602
1000440,0.71275602
1000500,0.71275602
1000560,0.71275602
1000620,0.71275602
1000680,0.71275602
1000740,0.71275602
1000800,0.71275602
1000860,0.71275602
1000920,0.71275602
1000980,0.71275602
1001040,0.71275602
1001100,0.71275602
1001160,0.71275602
1001220,0.71275602
1001280,0.71275602
1001340,0.71275602
1001400,0.71275602
1001460,0.71275602
1001520,0.71275602
1001580,0.71275602
1001640,0.71275602
1001700,0.71275602
1001760,0.71275602
1001820,0.71275602
1001880,0.71275602
1001940,0.71275602
1002000,0.71275602
1002060,0.71275602
1002120,0.71275602
1002180,0.71275602
1002240,0.71275602
1002300,0.71275602
1002360,0.71275602
1002420,0.71275602
1002480,0.71275602
1002540,0.71275602
1002600,0.71275602
1002660,0.71275602
1002720,0.71275602
1002780,0.71275602
1002840,0.71275602
1002900,0.71275602
1002960,0.71275602
1003020,0.71275602
1003080,0.71275602
1003140,0.71275602
1003200,0.71275602
1003260,0.71275602
1003320,0.71275602
1003380,0.71275602
1003440,0.71275602
1003500,0.71275602
1003560,0.71275602
1003620,0.71275602
1003680,0.71275602
1003740,0.71275602
1003800,0.71275602
1003860,0.71275602
1003920,0.71275602
1003980,0.71275602
1004040,0.71275602
1004100,0.71275602
1004160,0.71275602
1004220,0.71275602
1004280,0.71275602
1004340,0.71275602
1004400,0.71275602
1004460,0.71275602
1004520,0.71275602
1004580,0.71275602
1004640,0.71275602
1004700,0.71275602
1004760,0.71275602
1004820,0.71275602
1004880,0.71275602
1004940,0.71275602
1005000,0.71275602
1005060,0.71275602
1005120,0.71275602
1005180,0.71275602
1005240,0.71275602
1005300,0.71275602
1005360,0.71275602
1005420,0.71275602
1005480,0.71275602
1005540,0.71275602
1005600,0.71275602
1005660,0.71275602
1005720,0.71275602
1005780,0.71275602
1005840,0.71275602
1005900,0.71275602
1005960,0.71275602
1006020,0.71275602
1006080,0.71275602
1006140,0.71275602
1006200,0.71275602
1006260,0.71275602
1006320,0.71275602
1006380,0.71275602
1006440,0.71275602
1006500,0.71275602
1006560,0.71275602
1006620,0.71275602
1006680,0.71275602
1006740,0.71275602
1006800,0.71275602
1006860,0.71275602
1006920,0.71275602
1006980,0.71275602
1007040,0.71275602
1007100,0.71275602
1007160,0.71275602
1007220,0.71275602
1007280,0.71275602
1007340,0.71275602
1007400,0.71275602
1007460,0.71275602
1007520,0.71275602
1007580,0.71275602
1007640,0.71275602
1007700,0.71275602
1007760,0.71275602
1007820,0.71275602
1007880,0.71275602
1007940,0.71275602
1008000,0.71275602
1008060,0.71275602
1008120,0.71275602
1008180,0.71275602
1008240,0.71275602
1008300,0.71275602
1008360,0.71275602
1008420,0.71275602
1008480,0.71275602
1008540,0.71275602
1008600,0.71275602
1008660,0.71275602
1008720,0.71275602
1008780,0.71275602
1008840,0.71275602
1008900,0.71275602
1008960,0.71275602
1009020,0.71275602
1009080,0.71275602
1009140,0.71275602
1009200,0.71275602
1009260,0.71275602
1009320,0.71275602
1009380,0.71275602
1009440,0.71275602
1009500,0.71275602
1009560,0.71275602
1009620,0.71275602
1009680,0.71275602
1009740,0.71275602
1009800,0.71275602
1009860,0.71275602
1009920,0.71275602
1009980,0.71275602
1010040,0.71275602
1010100,0.71275602
1010160,0.71275602
1010220,0.71275602
1010280,0.71275602
1010340,0.71275602
1010400,0.71275602
1010460,0.71275602
1010520,0.71275602
1010580,0.71275602
1010640,0.71275602
1010700,0.71275602
1010760,0.71275602
1010820,0.71275602
1010880,0.71275602
1010940,0.71275602
1011000,0.71275602
1011060,0.71275602
1011120,0.71275602
1011180,0.71275602
1011240,0.71275602
1011300,0.71275602
1011360,0.71275602
1011420,0.71275602
1011480,0.71275602
1011540,0.71275602
1011600,0.71275602
1011660,0.71275602
1011720,0.71275589
1011780,0.71275587
1011840,0.71275587
1011900,0.71275315
1011960,0.71275315
1012020,0.71275315
1012080,0.71275315
1012140,0.71275315
1012200,0.71275315
1012260,0.71275315
1012320,0.71275315
1012380,0.71275315
1012440,0.71275315
1012500,0.71275315
1012560,0.71275315
1012620,0.71275315
1012680,0.71275315
1012740,0.71275315
1012800,0.71275315
1012860,0.71275315
1012920,0.71275315
1012980,0.71275315
1013040,0.71275315
1013100,0.71275315
1013160,0.71275315
1013220,0.71275315
1013280,0.71275315
1013340,0.71275314
1013400,0.71275314
1013460,0.71275314
1013520,0.71275314
1013580,0.71275314
1013640,0.71275314
1013700,0.71275314
1013760,0.71275314
1013820,0.71275314
1013880,0.71275314
1013940,0.71275314
1014000,0.71275314
1014060,0.71275314
1014120,0.71275314
1014180,0.71275314
1014240,0.71275314
1014300,0.71275314
1014360,0.71275314
1014420,0.71275314
1014480,0.71275314
1014540,0.71275314
1014600,0.71275314
1014660,0.71275314
1014720,0.71275314
1014780,0.71275314
1014840,0.71275314
1014900,0.71275314
1014960,0.71275314
1015020,0.71275314
1015080,0.71275314
1015140,0.71275041
1015200,0.71275041
1015260,0.71275041
1015320,0.71275041
1015380,0.71275041
1015440,0.71275041
1015500,0.71275041
1015560,0.71275041
1015620,0.71275041
1015680,0.71275041
1015740,0.71275041
1015800,0.71275041
1015860,0.71275041
1015920,0.71275041
1015980,0.71275041
1016040,0.71275041
1016100,0.71275015
1016160,0.71275015
1016220,0.71275015
1016280,0.71275015
1016340,0.71275015
1016400,0.71275015
1016460,0.71275015
1016520,0.71275015
1016580,0.71275015
1016640,0.71275015
1016700,0.71275015
1016760,0.71275015
1016820,0.71275015
1016880,0.71275015
1016940,0.71275015
1017000,0.71274989
1017060,0.71274989
1017120,0.71274989
1017180,0.71274989
1017240,0.71274724
1017300,0.71274724
1017360,0.71274724
1017420,0.71274724
1017480,0.71274724
1017540,0.71274724
1017600,0.71274724
1017660,0.71274724
1017720,0.71274724
1017780,0.71274724
1017840,0.71274724
1017900,0.71274724
1017960,0.71274724
1018020,0.71274724
1018080,0.71274724
1018140,0.71274724
1018200,0.71274724
1018260,0.71274724
1018320,0.71274724
1018380,0.71274724
1018440,0.71274724
1018500,0.71274724
1018560,0.71274724
1018620,0.71274724
1018680,0.71274724
1018740,0.71274724
1018800,0.71274724
1018860,0.71274724
1018920,0.71274724
1018980,0.71274724
1019040,0.71274724
1019100,0.71274724
1019160,0.71274724
1019220,0.71274724
1019280,0.71274724
1019340,0.71274724
1019400,0.71274724
1019460,0.71274724
1019520,0.71274724
1019580,0.71274724
1019640,0.71274724
1019700,0.71274724
1019760,0.71274724
1019820,0.71274724
1019880,0.71274724
1019940,0.71274724
1020000,0.71274724
1020060,0.71274724
1020120,0.71274724
1020180,0.71274724
1020240,0.71274724
1020300,0.71274724
1020360,0.71274724
1020420,0.71274724
1020480,0.71274724
1020540,0.71274724
1020600,0.71274724
1020660,0.71274724
1020720,0.71274724
1020780,0.71274724
1020840,0.71274724
1020900,0.71274724
1020960,0.71274724
1021020,0.71274724
1021080,0.71274724
1021140,0.71274724
1021200,0.71274724
1021260,0.71274724
1021320,0.71274724
1021380,0.71274724
1021440,0.71274724
1021500,0.71274724
1021560,0.71274724
1021620,0.71274724
1021680,0.71274724
1021740,0.71274724
1021800,0.71274724
1021860,0.71274724
1021920,0.71274724
1021980,0.71274724
1022040,0.71274724
1022100,0.71274724
1022160,0.71274724
1022220,0.71274724
1022280,0.71274724
1022340,0.71274724
1022400,0.71274724
1022460,0.71274724
1022520,0.71274724
1022580,0.71274724
1022640,0.71274724
1022700,0.71274724
1022760,0.71274724
1022820,0.71274724
1022880,0.71274724
1022940,0.71274724
1023000,0.71274724
1023060,0.71274724
1023120,0.71274724
1023180,0.71274724
1023240,0.71274724
1023300,0.71274724
1023360,0.71274724
1023420,0.71274724
1023480,0.71274724
1023540,0.71274724
1023600,0.71274724
1023660,0.71274724
1023720,0.71274724
1023780,0.71274724
1023840,0.71274724
1023900,0.71274724
1023960,0.71274724
1024020,0.71274724
1024080,0.71274724
1024140,0.71274724
1024200,0.71274724
1024260,0.71274724
1024320,0.71274724
1024380,0.71274724
1024440,0.71274724
1024500,0.71274724
1024560,0.71274724
1024620,0.71274724
1024680,0.71274724
1024740,0.71274724
1024800,0.71274724
1024860,0.71274724
1024920,0.71274724
1024980,0.71274724
1025040,0.71274704
1025100,0.71274704
1025160,0.71274704
1025220,0.71274704
1025280,0.71274704
1025340,0.71274704
1025400,0.71274704
1025460,0.71274704
1025520,0.71274704
1025580,0.71274704
1025640,0.71274704
1025700,0.71274704
1025760,0.71274704
1025820,0.71274704
1025880,0.71274704
1025940,0.71274704
1026000,0.71274704
1026060,0.71274704
1026120,0.71274704
1026180,0.71274704
1026240,0.71274704
1026300,0.71274704
1026360,0.71274704
1026420,0.71274704
1026480,0.71274704
1026540,0.71274704
1026600,0.71274704
1026660,0.71274704
1026720,0.71274704
1026780,0.71274704
1026840,0.71274704
1026900,0.71274704
1026960,0.71274704
1027020,0.71274704
1027080,0.71274704
1027140,0.71274704
1027200,0.71274704
1027260,0.71274704
1027320,0.71274704
1027380,0.71274704
1027440,0.71274704
1027500,0.71274704
1027560,0.71274704
1027620,0.71274704
1027680,0.71274704
1027740,0.71274704
1027800,0.71274704
1027860,0.71274704
1027920,0.71274704
1027980,0.71274704
1028040,0.71274704
1028100,0.71274704
1028160,0.71274704
1028220,0.71274704
1028280,0.71274704
1028340,0.71274704
1028400,0.71274704
1028460,0.71274704
1028520,0.71274704
1028580,0.71274704
1028640,0.71274704
1028700,0.71274704
1028760,0.71274704
1028820,0.71274704
1028880,0.71274704
1028940,0.71274704
1029000,0.71274704
1029060,0.71274704
1029120,0.71274704
1029180,0.71274704
1029240,0.71274704
1029300,0.71274704
1029360,0.71274704
1029420,0.71274704
1029480,0.71274704
1029540,0.71274704
1029600,0.71274704
1029660,0.71274704
1029720,0.71274704
1029780,0.71274704
1029840,0.71274704
1029900,0.71274704
1029960,0.71274704
1030020,0.71274704
1030080,0.71274704
1030140,0.71274704
1030200,0.71274704
1030260,0.71274704
1030320,0.71274704
1030380,0.71274704
1030440,0.71274704
1030500,0.71274704
1030560,0.71274704
1030620,0.71274704
1030680,0.71274704
1030740,0.71274704
1030800,0.71274704
1030860,0.71274704
1030920,0.71274704
1030980,0.71274704
1031040,0.71274704
1031100,0.71274704
1031160,0.71274704
1031220,0.71274704
1031280,0.71274704
1031340,0.71274704
1031400,0.71274704
1031460,0.71274704
1031520,0.71274704
1031580,0.71274704
1031640,0.71274704
1031700,0.71274704
1031760,0.71274704
1031820,0.71274704
1031880,0.71274704
1031940,0.71274704
1032000,0.71274704
1032060,0.71274704
1032120,0.71274704
1032180,0.71274704
1032240,0.71274704
1032300,0.71274704
1032360,0.71274704
1032420,0.71274704
1032480,0.71274703
1032540,0.71274703
1032600,0.71274703
1032660,0.71274703
1032720,0.71274703
1032780,0.71274703
1032840,0.71274703
1032900,0.71274703
1032960,0.71274703
1033020,0.71274703
1033080,0.71274703
1033140,0.71274703
1033200,0.71274703
1033260,0.71274703
1033320,0.71274703
1033380,0.71274703
1033440,0.71274703
1033500,0.71274703
1033560,0.71274703
1033620,0.71274703
1033680,0.71274703
1033740,0.71274703
1033800,0.71274703
1033860,0.71274703
1033920,0.71274703
1033980,0.71274703
1034040,0.71274703
1034100,0.71274702
1034160,0.71274702
1034220,0.71274702
1034280,0.71274702
1034340,0.71274702
1034400,0.71274702
1034460,0.71274702
1034520,0.71274702
1034580,0.71274702
1034640,0.71274702
1034700,0.71274702
1034760,0.71274702
1034820,0.71274702
1034880,0.71274702
1034940,0.71274702
1035000,0.71274702
1035060,0.71274702
1035120,0.71274702
1035180,0.71274702
1035240,0.71274702
1035300,0.71274702
1035360,0.71274702
1035420,0.71274702
1035480,0.71274702
1035540,0.71274702
1035600,0.71274702
1035660,0.71274702
1035720,0.71274702
1035780,0.71274702
1035840,0.71274702
1035900,0.71274702
1035960,0.71274702
1036020,0.71274702
1036080,0.71274702
1036140,0.71274702
1036200,0.71274702
1036260,0.71274702
1036320,0.71274702
1036380,0.71274702
1036440,0.71274702
1036500,0.71274702
1036560,0.71274702
1036620,0.71274702
1036680,0.71274702
1036740,0.71274702
1036800,0.71274702
1036860,0.71274702
1036920,0.71274702
1036980,0.71274702
1037040,0.71274701
1037100,0.71274701
1037160,0.71274701
1037220,0.71274701
1037280,0.71274701
1037340,0.71274701
1037400,0.71274651
1037460,0.71274651
1037520,0.71274651
1037580,0.71274651
1037640,0.71274651
1037700,0.71274651
1037760,0.71274651
1037820,0.71274651
1037880,0.71274651
1037940,0.71274651
1038000,0.71274651
1038060,0.71274651
1038120,0.71274651
1038180,0.71274651
1038240,0.71274651
1038300,0.71274651
1038360,0.71274651
1038420,0.71274651
1038480,0.71274651
1038540,0.71274651
1038600,0.71274651
1038660,0.71274556
1038720,0.71274556
1038780,0.71274556
1038840,0.71274556
1038900,0.71274556
1038960,0.71274556
1039020,0.71274556
1039080,0.71274556
1039140,0.71249097
1039200,0.71249097
1039260,0.71249097
1039320,0.71249097
1039380,0.71249097
1039440,0.71249097
1039500,0.71249097
1039560,0.71249097
1039620,0.71249097
1039680,0.71249097
1039740,0.71249097
1039800,0.71249073
1039860,0.71249073
1039920,0.71249073
1039980,0.71249073
1040040,0.71249073
1040100,0.71249073
1040160,0.71249073
1040220,0.71249073
1040280,0.71249073
1040340,0.71249073
1040400,0.71249073
1040460,0.71249073
1040520,0.71249073
1040580,0.71249073
1040640,0.71249073
1040700,0.71249073
1040760,0.71249073
1040820,0.71249073
1040880,0.71248416
1040940,0.71248090
1041000,0.71247084
1041060,0.71246424
1041120,0.71246098
1041180,0.71245770
1041240,0.71245770
1041300,0.71245770
1041360,0.71245770
1041420,0.71245770
1041480,0.71245770
1041540,0.71245770
1041600,0.71245770
1041660,0.71245770
1041720,0.71245770
1041780,0.71245770
1041840,0.71245770
1041900,0.71245770
1041960,0.71245770
1042020,0.71245770
1042080,0.71245770
1042140,0.71245770
1042200,0.71245760
1042260,0.71245758
1042320,0.71245758
1042380,0.71245758
1042440,0.71245758
1042500,0.71245758
1042560,0.71245758
1042620,0.71245758
1042680,0.71245758
1042740,0.71245758
1042800,0.71245758
1042860,0.71245758
1042920,0.71245758
1042980,0.71245758
1043040,0.71245758
1043100,0.71245758
1043160,0.71245758
1043220,0.71245758
1043280,0.71245758
1043340,0.71245758
1043400,0.71245758
1043460,0.71245520
1043520,0.71243590
1043580,0.71243590
1043640,0.71243590
1043700,0.71243590
1043760,0.71243590
1043820,0.71231709
1043880,0.71231709
1043940,0.71231709
1044000,0.71231709
1044060,0.71231709
1044120,0.71231709
1044180,0.71231653
1044240,0.71231653
1044300,0.71231653
1044360,0.71231653
1044420,0.71231653
1044480,0.71231653
1044540,0.71231653
1044600,0.71231653
1044660,0.71231653
1044720,0.71231653
1044780,0.71231653
1044840,0.71231653
1044900,0.71231653
1044960,0.71231653
1045020,0.71231653
1045080,0.71231653
1045140,0.71231653
1045200,0.71231653
1045260,0.71231653
1045320,0.71231653
1045380,0.71231653
1045440,0.71231653
1045500,0.71231653
1045560,0.71231653
1045620,0.71231653
1045680,0.71231653
1045740,0.71231653
1045800,0.71231653
1045860,0.71231653
1045920,0.71231653
1045980,0.71231653
1046040,0.71231653
1046100,0.71231653
1046160,0.71231653
1046220,0.71231653
1046280,0.71231653
1046340,0.71231653
1046400,0.71231653
1046460,0.71231653
1046520,0.71231653
1046580,0.71231653
1046640,0.71231653
1046700,0.71231653
1046760,0.71231653
1046820,0.71231653
1046880,0.71231653
1046940,0.71231653
1047000,0.71231653
1047060,0.71231653
1047120,0.71231653
1047180,0.71231653
1047240,0.71231653
1047300,0.71231653
1047360,0.71231653
1047420,0.71231653
1047480,0.71231653
1047540,0.71231653
1047600,0.71231653
1047660,0.71231653
1047720,0.71231653
1047780,0.71231653
1047840,0.71231653
1047900,0.71231653
1047960,0.71231653
1048020,0.71231653
1048080,0.71231653
1048140,0.71231653
1048200,0.71231653
1048260,0.71231653
1048320,0.71231653
1048380,0.71231653
1048440,0.71231653
1048500,0.71231653
1048560,0.71231653
1048620,0.71231653
1048680,0.71231653
1048740,0.71231653
1048800,0.71231653
1048860,0.71231653
1048920,0.71231653
1048980,0.71231653
1049040,0.71231653
1049100,0.71231653
1049160,0.71231653
1049220,0.71231653
1049280,0.71231653
1049340,0.71231653
1049400,0.71231653
1049460,0.71231653
1049520,0.71231653
1049580,0.71231653
1049640,0.71231653
1049700,0.71231653
1049760,0.71231653
1049820,0.71231653
1049880,0.71231653
1049940,0.71231653
1050000,0.71231653
1050060,0.71231653
1050120,0.71231653
1050180,0.71231653
1050240,0.71231653
1050300,0.71231653
1050360,0.71231653
1050420,0.71231653
1050480,0.71231653
1050540,0.71231653
1050600,0.71231653
1050660,0.71231653
1050720,0.71231653
1050780,0.71231653
1050840,0.71231653
1050900,0.71231653
1050960,0.71231653
1051020,0.71231653
1051080,0.71231653
1051140,0.71231653
1051200,0.71231653
1051260,0.71231653
1051320,0.71231653
1051380,0.71231653
1051440,0.71231653
1051500,0.71231653
1051560,0.71231653
1051620,0.71231653
1051680,0.71231653
1051740,0.71231653
1051800,0.71231653
1051860,0.71231653
1051920,0.71231653
1051980,0.71231653
1052040,0.71231653
1052100,0.71231653
1052160,0.71231653
1052220,0.71231653
1052280,0.71231653
1052340,0.71231653
1052400,0.71231653
1052460,0.71231653
1052520,0.71231653
1052580,0.71231653
1052640,0.71231653
1052700,0.71231653
1052760,0.71231653
1052820,0.71231653
1052880,0.71231653
1052940,0.71231653
1053000,0.71231653
1053060,0.71231653
1053120,0.71231653
1053180,0.71231653
1053240,0.71231653
1053300,0.71231653
1053360,0.71231653
1053420,0.71231653
1053480,0.71231653
1053540,0.71231653
1053600,0.71231653
1053660,0.71231653
1053720,0.71231653
1053780,0.71231653
1053840,0.71231653
1053900,0.71231653
1053960,0.71231653
1054020,0.71231653
1054080,0.71231653
1054140,0.71231653
1054200,0.71231653
1054260,0.71231653
1054320,0.71231653
1054380,0.71231653
1054440,0.71231653
1054500,0.71231653
1054560,0.71231653
1054620,0.71231653
1054680,0.71231653
1054740,0.71231653
1054800,0.71231653
1054860,0.71231496
1054920,0.71231496
1054980,0.71231496
1055040,0.71231496
1055100,0.71231496
1055160,0.71231496
1055220,0.71231496
1055280,0.71231496
1055340,0.71231496
1055400,0.71231496
1055460,0.71231496
1055520,0.71231496
1055580,0.71231496
1055640,0.71231496
1055700,0.71231496
1055760,0.71231496
1055820,0.71231496
1055880,0.71231496
1055940,0.71231496
1056000,0.71231496
1056060,0.71231496
1056120,0.71231496
1056180,0.71231496
1056240,0.71231496
1056300,0.71231496
1056360,0.71231496
1056420,0.71231496
1056480,0.71231496
1056540,0.71231496
1056600,0.71231496
1056660,0.71231496
1056720,0.71231496
1056780,0.71231496
1056840,0.71231496
1056900,0.71231496
1056960,0.71231496
1057020,0.71231496
1057080,0.71231496
1057140,0.71231496
1057200,0.71231496
1057260,0.71231496
1057320,0.71231496
1057380,0.71231496
1057440,0.71231496
1057500,0.71231496
1057560,0.71231496
1057620,0.71231496
1057680,0.71231496
1057740,0.71231496
1057800,0.71231496
1057860,0.71231496
1057920,0.71231496
1057980,0.71231496
1058040,0.71231496
1058100,0.71231496
1058160,0.71231496
1058220,0.71231496
1058280,0.71231496
1058340,0.71231496
1058400,0.71231496
1058460,0.71231496
1058520,0.71231496
1058580,0.71231496
1058640,0.71231496
1058700,0.71231496
1058760,0.71231496
1058820,0.71231496
1058880,0.71231496
1058940,0.71231496
1059000,0.71231490
1059060,0.71231490
1059120,0.71231490
1059180,0.71231490
1059240,0.71231490
1059300,0.71231490
1059360,0.71231490
1059420,0.71231490
1059480,0.71231490
1059540,0.71231490
1059600,0.71231490
1059660,0.71231490
1059720,0.71231490
1059780,0.71231490
1059840,0.71231490
1059900,0.71231490
1059960,0.71231490
1060020,0.71231490
1060080,0.71231490
1060140,0.71231490
1060200,0.71231490
1060260,0.71231490
1060320,0.71231490
1060380,0.71231490
1060440,0.71231490
1060500,0.71231490
1060560,0.71231490
1060620,0.71231490
1060680,0.71231490
1060740,0.71231490
1060800,0.71231490
1060860,0.71231490
1060920,0.71231490
1060980,0.71231490
1061040,0.71231490
1061100,0.71231490
1061160,0.71231490
1061220,0.71231490
1061280,0.71231490
1061340,0.71231490
1061400,0.71231488
1061460,0.71231488
1061520,0.71231488
1061580,0.71231488
1061640,0.71231488
1061700,0.71231488
1061760,0.71231486
1061820,0.71231486
1061880,0.71231486
1061940,0.71231486
1062000,0.71231486
1062060,0.71231486
1062120,0.71231486
1062180,0.71231486
1062240,0.71231486
1062300,0.71231486
1062360,0.71231486
1062420,0.71231486
1062480,0.71231486
1062540,0.71231486
1062600,0.71231486
1062660,0.71231486
1062720,0.71231486
1062780,0.71231486
1062840,0.71231486
1062900,0.71231486
1062960,0.71231486
1063020,0.71231486
1063080,0.71231486
1063140,0.71231486
1063200,0.71231485
1063260,0.71231485
1063320,0.71231485
1063380,0.71231485
1063440,0.71231485
1063500,0.71231485
1063560,0.71231485
1063620,0.71231485
1063680,0.71231484
1063740,0.71231484
1063800,0.71231484
1063860,0.71231484
1063920,0.71231484
1063980,0.71231484
1064040,0.71231484
1064100,0.71231484
1064160,0.71231484
1064220,0.71231484
1064280,0.71231484
1064340,0.71231484
1064400,0.71231484
1064460,0.71231484
1064520,0.71231484
1064580,0.71231484
1064640,0.71231484
1064700,0.71231484
1064760,0.71231484
1064820,0.71231484
1064880,0.71231484
1064940,0.71231484
1065000,0.71231484
1065060,0.71231484
1065120,0.71231484
1065180,0.71231484
1065240,0.71231484
1065300,0.71231484
1065360,0.71231484
1065420,0.71231484
1065480,0.71231484
1065540,0.71231484
1065600,0.71231483
1065660,0.71231483
1065720,0.71231483
1065780,0.71231483
1065840,0.71231483
1065900,0.71231483
1065960,0.71231483
1066020,0.71231482
1066080,0.71231482
1066140,0.71231482
1066200,0.71231482
1066260,0.71231482
1066320,0.71231480
1066380,0.71231480
1066440,0.71231480
1066500,0.71231480
1066560,0.71231480
1066620,0.71231480
1066680,0.71231480
1066740,0.71231480
1066800,0.71231480
1066860,0.71231480
1066920,0.71231480
1066980,0.71231480
1067040,0.71231480
1067100,0.71231480
1067160,0.71231480
1067220,0.71231480
1067280,0.71231479
1067340,0.71231479
1067400,0.71231479
1067460,0.71231479
1067520,0.71231479
1067580,0.71231479
1067640,0.71231479
1067700,0.71231479
1067760,0.71231479
1067820,0.71231479
1067880,0.71231478
1067940,0.71231478
1068000,0.71231478
1068060,0.71231478
1068120,0.71231478
1068180,0.71231478
1068240,0.71231478
1068300,0.71231478
1068360,0.71231478
1068420,0.71231478
1068480,0.71231478
1068540,0.71231478
1068600,0.71231478
1068660,0.71231478
1068720,0.71231478
1068780,0.71231478
1068840,0.71231478
1068900,0.71231478
1068960,0.71231478
1069020,0.71231478
1069080,0.71231478
1069140,0.71231478
1069200,0.71231478
1069260,0.71231478
1069320,0.71231478
1069380,0.71231478
1069440,0.71231478
1069500,0.71231478
1069560,0.71231478
1069620,0.71231478
1069680,0.71231478
1069740,0.71231478
1069800,0.71231477
1069860,0.71231477
1069920,0.71231477
1069980,0.71231477
1070040,0.71231477
1070100,0.71231477
1070160,0.71231477
1070220,0.71231477
1070280,0.71231477
1070340,0.71231477
1070400,0.71231477
1070460,0.71231477
1070520,0.71231477
1070580,0.71231477
1070640,0.71231477
1070700,0.71231477
1070760,0.71231477
1070820,0.71231477
1070880,0.71231477
1070940,0.71231477
1071000,0.71231477
1071060,0.71231477
1071120,0.71231477
1071180,0.71231477
1071240,0.71231477
1071300,0.71231477
1071360,0.71231477
1071420,0.71231477
1071480,0.71229930
1071540,0.71229930
1071600,0.71229930
1071660,0.71229930
1071720,0.71229930
1071780,0.71229930
1071840,0.71229929
1071900,0.71229929
1071960,0.71229929
1072020,0.71229929
1072080,0.71229929
1072140,0.71229929
1072200,0.71229929
1072260,0.71229929
1072320,0.71229929
1072380,0.71229929
1072440,0.71229929
1072500,0.71229929
1072560,0.71229929
1072620,0.71229929
1072680,0.71229929
1072740,0.71229929
1072800,0.71229929
1072860,0.71229929
1072920,0.71229929
1072980,0.71229929
1073040,0.71229929
1073100,0.71229929
1073160,0.71229929
1073220,0.71229929
1073280,0.71229929
1073340,0.71229929
1073400,0.71229929
1073460,0.71229929
1073520,0.71229929
1073580,0.71229929
1073640,0.71229929
1073700,0.71229929
1073760,0.71229929
1073820,0.71229929
1073880,0.71229929
1073940,0.71229929
1074000,0.71229833
1074060,0.71229833
1074120,0.71229738
1074180,0.71229738
1074240,0.71229738
1074300,0.71229738
1074360,0.71229738
1074420,0.71229738
1074480,0.71229738
1074540,0.71229738
1074600,0.71229738
1074660,0.71229738
1074720,0.71229738
1074780,0.71229738
1074840,0.71229738
1074900,0.71229738
1074960,0.71229738
1075020,0.71229738
1075080,0.71229738
1075140,0.71229738
1075200,0.71229738
1075260,0.71229738
1075320,0.71229738
1075380,0.71229738
1075440,0.71229738
1075500,0.71229738
1075560,0.71229738
1075620,0.71229738
1075680,0.71229738
1075740,0.71229738
1075800,0.71229738
1075860,0.71229738
1075920,0.71229738
1075980,0.71229738
1076040,0.71229738
1076100,0.71229738
1076160,0.71229738
1076220,0.71229738
1076280,0.71229738
1076340,0.71229642
1076400,0.71229642
1076460,0.71228785
1076520,0.71228785
1076580,0.71228785
1076640,0.71228785
1076700,0.71228785
1076760,0.71228785
1076820,0.71228785
1076880,0.71228785
1076940,0.71228785
1077000,0.71228785
1077060,0.71228785
1077120,0.71228785
1077180,0.71228785
1077240,0.71228785
1077300,0.71228785
1077360,0.71228785
1077420,0.71228785
1077480,0.71228785
1077540,0.71228785
1077600,0.71228785
1077660,0.71228785
1077720,0.71228785
1077780,0.71228785
1077840,0.71228785
1077900,0.71228785
1077960,0.71228785
1078020,0.71228785
1078080,0.71228785
1078140,0.71228785
1078200,0.71228785
1078260,0.71228785
1078320,0.71228785
1078380,0.71228785
1078440,0.71228785
1078500,0.71228785
1078560,0.71228785
1078620,0.71228785
1078680,0.71228785
1078740,0.71228785
1078800,0.71228785
1078860,0.71228785
1078920,0.71228785
1078980,0.71228785
1079040,0.71228785
1079100,0.71228785
1079160,0.71228785
1079220,0.71228785
1079280,0.71228785
1079340,0.71228785
1079400,0.71228785
1079460,0.71228785
1079520,0.71228785
1079580,0.71228785
1079640,0.71228785
1079700,0.71228785
1079760,0.71228785
1079820,0.71228785
1079880,0.71228785
1079940,0.71228785
1080000,0.71228785
1080060,0.71228785
1080120,0.71228785
1080180,0.71228785
1080240,0.71228785
1080300,0.71228785
1080360,0.71228785
1080420,0.71228785
1080480,0.71228785
1080540,0.71228785
1080600,0.71228785
1080660,0.71228785
1080720,0.71228785
1080780,0.71228785
1080840,0.71228785
1080900,0.71228785
1080960,0.71228785
1081020,0.71228785
1081080,0.71228785
1081140,0.71228785
1081200,0.71228785
1081260,0.71228785
1081320,0.71228785
1081380,0.71228785
1081440,0.71228785
1081500,0.71228785
1081560,0.71228785
1081620,0.71228785
1081680,0.71228785
1081740,0.71228785
1081800,0.71228785
1081860,0.71228785
1081920,0.71228785
1081980,0.71228785
1082040,0.71228785
1082100,0.71228785
1082160,0.71228785
1082220,0.71228785
1082280,0.71228785
1082340,0.71228785
1082400,0.71228785
1082460,0.71228785
1082520,0.71228785
1082580,0.71228785
1082640,0.71228785
1082700,0.71228785
1082760,0.71228785
1082820,0.71228785
1082880,0.71228785
1082940,0.71228785
1083000,0.71228785
1083060,0.71228785
1083120,0.71228785
1083180,0.71228785
1083240,0.71228785
1083300,0.71228785
1083360,0.71228785
1083420,0.71228785
1083480,0.71228785
1083540,0.71228785
1083600,0.71228785
1083660,0.71228785
1083720,0.71228785
1083780,0.71228785
1083840,0.71228785
1083900,0.71228785
1083960,0.71228785
1084020,0.71228785
1084080,0.71228785
1084140,0.71228785
1084200,0.71228785
1084260,0.71228690
1084320,0.71228690
1084380,0.71228690
1084440,0.71228690
1084500,0.71228690
1084560,0.71228690
1084620,0.71228690
1084680,0.71228690
1084740,0.71228690
1084800,0.71228690
1084860,0.71228690
1084920,0.71228690
1084980,0.71228690
1085040,0.71228690
1085100,0.71228690
1085160,0.71228690
1085220,0.71228690
1085280,0.71228690
1085340,0.71228690
1085400,0.71228690
1085460,0.71228690
1085520,0.71228690
1085580,0.71228690
1085640,0.71228690
1085700,0.71228690
1085760,0.71228690
1085820,0.71228690
1085880,0.71228690
1085940,0.71228690
1086000,0.71228690
1086060,0.71228690
1086120,0.71228690
1086180,0.71228690
1086240,0.71228690
1086300,0.71228690
1086360,0.71228690
1086420,0.71228690
1086480,0.71228690
1086540,0.71228690
1086600,0.71228690
1086660,0.71228690
1086720,0.71228690
1086780,0.71228690
1086840,0.71228690
1086900,0.71228690
1086960,0.71228690
1087020,0.71228690
1087080,0.71228690
1087140,0.71228690
1087200,0.71228690
1087260,0.71228690
1087320,0.71228690
1087380,0.71228690
1087440,0.71228690
1087500,0.71228690
1087560,0.71228690
1087620,0.71228690
1087680,0.71228690
1087740,0.71228690
1087800,0.71228690
1087860,0.71228690
1087920,0.71228690
1087980,0.71228690
1088040,0.71228690
1088100,0.71228690
1088160,0.71228690
1088220,0.71228690
1088280,0.71228690
1088340,0.71228690
1088400,0.71228690
1088460,0.71228690
1088520,0.71228690
1088580,0.71228690
1088640,0.71228690
1088700,0.71228690
1088760,0.71228690
1088820,0.71228690
1088880,0.71228690
1088940,0.71228595
1089000,0.71228595
1089060,0.71228499
1089120,0.71228499
1089180,0.71228499
1089240,0.71228499
1089300,0.71228499
1089360,0.71228499
1089420,0.71228499
1089480,0.71228499
1089540,0.71228499
1089600,0.71228499
1089660,0.71228499
1089720,0.71228499
1089780,0.71228499
1089840,0.71228499
1089900,0.71228499
1089960,0.71228499
1090020,0.71228499
1090080,0.71228499
1090140,0.71228499
1090200,0.71228499
1090260,0.71228499
1090320,0.71228499
1090380,0.71228499
1090440,0.71228499
1090500,0.71228499
1090560,0.71228499
1090620,0.71228499
1090680,0.71228499
1090740,0.71228499
1090800,0.71228499
1090860,0.71228499
1090920,0.71228499
1090980,0.71228499
1091040,0.71228499
1091100,0.71228499
1091160,0.71228499
1091220,0.71228499
1091280,0.71228499
1091340,0.71228499
1091400,0.71228499
1091460,0.71228499
1091520,0.71228499
1091580,0.71228499
1091640,0.71228499
1091700,0.71228499
1091760,0.71228499
1091820,0.71228499
1091880,0.71228499
1091940,0.71228499
1092000,0.71228499
1092060,0.71228499
1092120,0.71228499
1092180,0.71228499
1092240,0.71228499
1092300,0.71228499
1092360,0.71228499
1092420,0.71228499
1092480,0.71228499
1092540,0.71228499
1092600,0.71228499
1092660,0.71228499
1092720,0.71228499
1092780,0.71228499
1092840,0.71228499
1092900,0.71228499
1092960,0.71228499
1093020,0.71228499
1093080,0.71228499
1093140,0.71228499
1093200,0.71228499
1093260,0.71228499
1093320,0.71228499
1093380,0.71228499
1093440,0.71228499
1093500,0.71228499
1093560,0.71228499
1093620,0.71228499
1093680,0.71228499
1093740,0.71228499
1093800,0.71228499
1093860,0.71228499
1093920,0.71228499
1093980,0.71228499
1094040,0.71228499
1094100,0.71228499
1094160,0.71228499
1094220,0.71228499
1094280,0.71228499
1094340,0.71228499
1094400,0.71228499
1094460,0.71228499
1094520,0.71228499
1094580,0.71228499
1094640,0.71228499
1094700,0.71228499
1094760,0.71228499
1094820,0.71228499
1094880,0.71228499
1094940,0.71228499
1095000,0.71228499
1095060,0.71228499
1095120,0.71228499
1095180,0.71228499
1095240,0.71228499
1095300,0.71228499
1095360,0.71228499
1095420,0.71228499
1095480,0.71228499
1095540,0.71228499
1095600,0.71228499
1095660,0.71228499
1095720,0.71228499
1095780,0.71228499
1095840,0.71228499
1095900,0.71228499
1095960,0.71228499
1096020,0.71228499
1096080,0.71228499
1096140,0.71228499
1096200,0.71228499
1096260,0.71228499
1096320,0.71228499
1096380,0.71228499
1096440,0.71228499
1096500,0.71228499
1096560,0.71228499
1096620,0.71228499
1096680,0.71228499
1096740,0.71228499
1096800,0.71228499
1096860,0.71228499
1096920,0.71228499
1096980,0.71228499
1097040,0.71228499
1097100,0.71228497
1097160,0.71228497
1097220,0.71228497
1097280,0.71228497
1097340,0.71228497
1097400,0.71228497
1097460,0.71228497
1097520,0.71228497
1097580,0.71228497
1097640,0.71228497
1097700,0.71228497
1097760,0.71228497
1097820,0.71228497
1097880,0.71228497
1097940,0.71228497
1098000,0.71228497
1098060,0.71228497
1098120,0.71228497
1098180,0.71228497
1098240,0.71228497
1098300,0.71228497
1098360,0.71228497
1098420,0.71228497
1098480,0.71228497
1098540,0.71228497
1098600,0.71228497
1098660,0.71228497
1098720,0.71228497
1098780,0.71228497
1098840,0.71228497
1098900,0.71228497
1098960,0.71228497
1099020,0.71228497
1099080,0.71228497
1099140,0.71228497
1099200,0.71228497
1099260,0.71228497
1099320,0.71228497
1099380,0.71228497
1099440,0.71228497
1099500,0.71228497
1099560,0.71228497
1099620,0.71228497
1099680,0.71228497
1099740,0.71228435
1099800,0.71228435
1099860,0.71228435
1099920,0.71228435
1099980,0.71228435
1100040,0.71228435
1100100,0.71228435
1100160,0.71228435
1100220,0.71228435
1100280,0.71228435
1100340,0.71228435
1100400,0.71228435
1100460,0.71228435
1100520,0.71228435
1100580,0.71228435
1100640,0.71228435
1100700,0.71228435
1100760,0.71228435
1100820,0.71228435
1100880,0.71228435
1100940,0.71228435
1101000,0.71228435
1101060,0.71228435
1101120,0.71228435
1101180,0.71228435
1101240,0.71228435
1101300,0.71228435
1101360,0.71228435
1101420,0.71228435
1101480,0.71228435
1101540,0.71228435
1101600,0.71228435
1101660,0.71228435
1101720,0.71228435
1101780,0.71228435
1101840,0.71228435
1101900,0.71228435
1101960,0.71228435
1102020,0.71228435
1102080,0.71228435
1102140,0.71228435
1102200,0.71228435
1102260,0.71228435
1102320,0.71228435
1102380,0.71228435
1102440,0.71228435
1102500,0.71228435
1102560,0.71228435
1102620,0.71228435
1102680,0.71228435
1102740,0.71228435
1102800,0.71228435
1102860,0.71228435
1102920,0.71228435
1102980,0.71228435
1103040,0.71228435
1103100,0.71228435
1103160,0.71228435
1103220,0.71228435
1103280,0.71228435
1103340,0.71228435
1103400,0.71228435
1103460,0.71228435
1103520,0.71228435
1103580,0.71228435
1103640,0.71228435
1103700,0.71228435
1103760,0.71228435
1103820,0.71228435
1103880,0.71228435
1103940,0.71228435
1104000,0.71228435
1104060,0.71228435
1104120,0.71228435
1104180,0.71228435
1104240,0.71228435
1104300,0.71228435
1104360,0.71228435
1104420,0.71228435
1104480,0.71228435
1104540,0.71228435
1104600,0.71228435
1104660,0.71228435
1104720,0.71228435
1104780,0.71228435
1104840,0.71228435
1104900,0.71228435
1104960,0.71228435
1105020,0.71228435
1105080,0.71228435
1105140,0.71228435
1105200,0.71228435
1105260,0.71228435
1105320,0.71228435
1105380,0.71228435
1105440,0.71228435
1105500,0.71228435
1105560,0.71228435
1105620,0.71228435
1105680,0.71228435
1105740,0.71228435
1105800,0.71228435
1105860,0.71228435
1105920,0.71228435
1105980,0.71228435
1106040,0.71228435
1106100,0.71228435
1106160,0.71228435
1106220,0.71228435
1106280,0.71228435
1106340,0.71228435
1106400,0.71228435
1106460,0.71228435
1106520,0.71228435
1106580,0.71228435
1106640,0.71228435
1106700,0.71228435
1106760,0.71228435
1106820,0.71228435
1106880,0.71228435
1106940,0.71228435
1107000,0.71228435
1107060,0.71228435
1107120,0.71228435
1107180,0.71228435
1107240,0.71228435
1107300,0.71228435
1107360,0.71228435
1107420,0.71228435
1107480,0.71228435
1107540,0.71228435
1107600,0.71228435
1107660,0.71228435
1107720,0.71228435
1107780,0.71228435
1107840,0.71228435
1107900,0.71228435
1107960,0.71228435
1108020,0.71228435
1108080,0.71228435
1108140,0.71228435
1108200,0.71228435
1108260,0.71228435
1108320,0.71228435
1108380,0.71228435
1108440,0.71228435
1108500,0.71228435
1108560,0.71228435
1108620,0.71228435
1108680,0.71228435
1108740,0.71228435
1108800,0.71228435
1108860,0.71228435
1108920,0.71228435
1108980,0.71228435
1109040,0.71228435
1109100,0.71228435
1109160,0.71228435
1109220,0.71228435
1109280,0.71228435
1109340,0.71228435
1109400,0.71228435
1109460,0.71228435
1109520,0.71228435
1109580,0.71228435
1109640,0.71228435
1109700,0.71228435
1109760,0.71228435
1109820,0.71228435
1109880,0.71228435
1109940,0.71228435
1110000,0.71228435
1110060,0.71228435
1110120,0.71228435
1110180,0.71228435
1110240,0.71228435
1110300,0.71228435
1110360,0.71228435
1110420,0.71228435
1110480,0.71228435
1110540,0.71228435
1110600,0.71228435
1110660,0.71228435
1110720,0.71228435
1110780,0.71228435
1110840,0.71228435
1110900,0.71228435
1110960,0.71228435
1111020,0.71228435
1111080,0.71228435
1111140,0.71228435
1111200,0.71228435
1111260,0.71228435
1111320,0.71228435
1111380,0.71228435
1111440,0.71228435
1111500,0.71228435
1111560,0.71228435
1111620,0.71228435
1111680,0.71228435
1111740,0.71228435
1111800,0.71228435
1111860,0.71228435
1111920,0.71228435
1111980,0.71228435
1112040,0.71228435
1112100,0.71228435
1112160,0.71228435
1112220,0.71228435
1112280,0.71228435
1112340,0.71228435
1112400,0.71228435
1112460,0.71228435
1112520,0.71228435
1112580,0.71228435
1112640,0.71228435
1112700,0.71228435
1112760,0.71228435
1112820,0.71228435
1112880,0.71228435
1112940,0.71228435
1113000,0.71228435
1113060,0.71228435
1113120,0.71228435
1113180,0.71228435
1113240,0.71228435
1113300,0.71228435
1113360,0.71228435
1113420,0.71228435
1113480,0.71228435
1113540,0.71228435
1113600,0.71228435
1113660,0.71228435
1113720,0.71228435
1113780,0.71228435
1113840,0.71228435
1113900,0.71228435
1113960,0.71228435
1114020,0.71228435
1114080,0.71228435
1114140,0.71228435
1114200,0.71228435
1114260,0.71228435
1114320,0.71228435
1114380,0.71228435
1114440,0.71228435
1114500,0.71228435
1114560,0.71228435
1114620,0.71228435
1114680,0.71228435
1114740,0.71228435
1114800,0.71228435
1114860,0.71228435
1114920,0.71228435
1114980,0.71228435
1115040,0.71228435
1115100,0.71228435
1115160,0.71228435
1115220,0.71228435
1115280,0.71228435
1115340,0.71228435
1115400,0.71228435
1115460,0.71228435
1115520,0.71228435
1115580,0.71228435
1115640,0.71228435
1115700,0.71228435
1115760,0.71228435
1115820,0.71228435
1115880,0.71227760
1115940,0.71227760
1116000,0.71227760
1116060,0.71227760
1116120,0.71227760
1116180,0.71227760
1116240,0.71227760
1116300,0.71227760
1116360,0.71227760
1116420,0.71227760
1116480,0.71227760
1116540,0.71227760
1116600,0.71227760
1116660,0.71227760
1116720,0.71227760
1116780,0.71227760
1116840,0.71227760
1116900,0.71227760
1116960,0.71227760
1117020,0.71227760
1117080,0.71227760
1117140,0.71227760
1117200,0.71227760
1117260,0.71227760
1117320,0.71227760
1117380,0.71227760
1117440,0.71227760
1117500,0.71227760
1117560,0.71227760
1117620,0.71227760
1117680,0.71227759
1117740,0.71227759
1117800,0.71227759
1117860,0.71227759
1117920,0.71227759
1117980,0.71227759
1118040,0.71227759
1118100,0.71227759
1118160,0.71227759
1118220,0.71227759
1118280,0.71227759
1118340,0.71227759
1118400,0.71227759
1118460,0.71227759
1118520,0.71227759
1118580,0.71227759
1118640,0.71227759
1118700,0.71227759
1118760,0.71227759
1118820,0.71227759
1118880,0.71227759
1118940,0.71227759
1119000,0.71227759
1119060,0.71227759
1119120,0.71227759
1119180,0.71227759
1119240,0.71227759
1119300,0.71227759
1119360,0.71227759
1119420,0.71227759
1119480,0.71227759
1119540,0.71227759
1119600,0.71227759
1119660,0.71227759
1119720,0.71227759
1119780,0.71227759
1119840,0.71227759
1119900,0.71227759
1119960,0.71227759
1120020,0.71227759
1120080,0.71227759
1120140,0.71227759
1120200,0.71227759
1120260,0.71227759
1120320,0.71227759
1120380,0.71227759
1120440,0.71227759
1120500,0.71227759
1120560,0.71227759
1120620,0.71227759
1120680,0.71227759
1120740,0.71227759
1120800,0.71227759
1120860,0.71227759
1120920,0.71227759
1120980,0.71227759
1121040,0.71227759
1121100,0.71227759
1121160,0.71227759
1121220,0.71227759
1121280,0.71227759
1121340,0.71227759
1121400,0.71227759
1121460,0.71227759
1121520,0.71227759
1121580,0.71227759
1121640,0.71227757
1121700,0.71227756
1121760,0.71227756
1121820,0.71227756
1121880,0.71227756
1121940,0.71227756
1122000,0.71227756
1122060,0.71227756
1122120,0.71227756
1122180,0.71227756
1122240,0.71227756
1122300,0.71227756
1122360,0.71227756
1122420,0.71227756
1122480,0.71227756
1122540,0.71227756
1122600,0.71227634
1122660,0.71227634
1122720,0.71227634
1122780,0.71227634
1122840,0.71227634
1122900,0.71227634
1122960,0.71227634
1123020,0.71227634
1123080,0.71227633
1123140,0.71227632
1123200,0.71227632
1123260,0.71227632
1123320,0.71227632
1123380,0.71227632
1123440,0.71227632
1123500,0.71227632
1123560,0.71227632
1123620,0.71227632
1123680,0.71227632
1123740,0.71227632
1123800,0.71227632
1123860,0.71227632
1123920,0.71227632
1123980,0.71227632
1124040,0.71227245
1124100,0.71227245
1124160,0.71227114
1124220,0.71227057
1124280,0.71227057
1124340,0.71227057
1124400,0.71227057
1124460,0.71227057
1124520,0.71227057
1124580,0.71227057
1124640,0.71227057
1124700,0.71227057
1124760,0.71227057
1124820,0.71212174
1124880,0.71212174
1124940,0.71212174
1125000,0.71212174
1125060,0.71212174
1125120,0.71212174
1125180,0.71212174
1125240,0.71212174
1125300,0.71212174
1125360,0.71212174
1125420,0.71212174
1125480,0.71212174
1125540,0.71212174
1125600,0.71212174
1125660,0.71212174
1125720,0.71212174
1125780,0.71212174
1125840,0.71212174
1125900,0.71212174
1125960,0.71212174
1126020,0.71212174
1126080,0.71212174
1126140,0.71212174
1126200,0.71212174
1126260,0.71212174
1126320,0.71212174
1126380,0.71211973
1126440,0.71211973
1126500,0.71211973
1126560,0.71211973
1126620,0.71211973
1126680,0.71211973
1126740,0.71211973
1126800,0.71211973
1126860,0.71211973
1126920,0.71211603
1126980,0.71211603
1127040,0.71211603
1127100,0.71211603
1127160,0.71211603
1127220,0.71211603
1127280,0.71211603
1127340,0.71211603
1127400,0.71211603
1127460,0.71211603
1127520,0.71211603
1127580,0.71211603
1127640,0.71211603
1127700,0.71211603
1127760,0.71211603
1127820,0.71211603
1127880,0.71211603
1127940,0.71211603
1128000,0.71211603
1128060,0.71211603
1128120,0.71211603
1128180,0.71211603
1128240,0.71211479
1128300,0.71211479
1128360,0.71211479
1128420,0.71211479
1128480,0.71211479
1128540,0.71211479
1128600,0.71211479
1128660,0.71211479
1128720,0.71211479
1128780,0.71211479
1128840,0.71211479
1128900,0.71211479
1128960,0.71211479
1129020,0.71211479
1129080,0.71211479
1129140,0.71211479
1129200,0.71211479
1129260,0.71211479
1129320,0.71211479
1129380,0.71211479
1129440,0.71211479
1129500,0.71211479
1129560,0.71211479
1129620,0.71211479
1129680,0.71211479
1129740,0.71211479
1129800,0.71211479
1129860,0.71211479
1129920,0.71211479
1129980,0.71211479
1130040,0.71211479
1130100,0.71211479
1130160,0.71211479
1130220,0.71211479
1130280,0.71211479
1130340,0.71211479
1130400,0.71211479
1130460,0.71211479
1130520,0.71211479
1130580,0.71211479
1130640,0.71211479
1130700,0.71211479
1130760,0.71211479
1130820,0.71211479
1130880,0.71211479
1130940,0.71211479
1131000,0.71211479
1131060,0.71211479
1131120,0.71211479
1131180,0.71211479
1131240,0.71211479
1131300,0.71211479
1131360,0.71211479
1131420,0.71211479
1131480,0.71211479
1131540,0.71211479
1131600,0.71211479
1131660,0.71211479
1131720,0.71211479
1131780,0.71211479
1131840,0.71211479
1131900,0.71211479
1131960,0.71211479
1132020,0.71211479
1132080,0.71211479
1132140,0.71211479
1132200,0.71211479
1132260,0.71211479
1132320,0.71211479
1132380,0.71211479
1132440,0.71211479
1132500,0.71211479
1132560,0.71211479
1132620,0.71211479
1132680,0.71211479
1132740,0.71211479
1132800,0.71211479
1132860,0.71211479
1132920,0.71211479
1132980,0.71211479
1133040,0.71211479
1133100,0.71211479
1133160,0.71211479
1133220,0.71211479
1133280,0.71211479
1133340,0.71211479
1133400,0.71211479
1133460,0.71211479
1133520,0.71211479
1133580,0.71211479
1133640,0.71211479
1133700,0.71211479
1133760,0.71211479
1133820,0.71211479
1133880,0.71211479
1133940,0.71211479
1134000,0.71211479
1134060,0.71211479
1134120,0.71211479
1134180,0.71211479
1134240,0.71211479
1134300,0.71211479
1134360,0.71211479
1134420,0.71211479
1134480,0.71211479
1134540,0.71211479
1134600,0.71211479
1134660,0.71211479
1134720,0.71211479
1134780,0.71211479
1134840,0.71211479
1134900,0.71211479
1134960,0.71211479
1135020,0.71211479
1135080,0.71211479
1135140,0.71211479
1135200,0.71211479
1135260,0.71211479
1135320,0.71211479
1135380,0.71211479
1135440,0.71211479
1135500,0.71211479
1135560,0.71211479
1135620,0.71211479
1135680,0.71211479
1135740,0.71211479
1135800,0.71211479
1135860,0.71211479
1135920,0.71211479
1135980,0.71211479
1136040,0.71211479
1136100,0.71211479
1136160,0.71211479
1136220,0.71211479
1136280,0.71211479
1136340,0.71211479
1136400,0.71211479
1136460,0.71211479
1136520,0.71211479
1136580,0.71211479
1136640,0.71211479
1136700,0.71211479
1136760,0.71211479
1136820,0.71211479
1136880,0.71211479
1136940,0.71211479
1137000,0.71211479
1137060,0.71211479
1137120,0.71211479
1137180,0.71211479
1137240,0.71211479
1137300,0.71211479
1137360,0.71211479
1137420,0.71211479
1137480,0.71211479
1137540,0.71211479
1137600,0.71211479
1137660,0.71211479
1137720,0.71211479
1137780,0.71211479
1137840,0.71211479
1137900,0.71211479
1137960,0.71211479
1138020,0.71211479
1138080,0.71211479
1138140,0.71211479
1138200,0.71211479
1138260,0.71211479
1138320,0.71211479
1138380,0.71211479
1138440,0.71211479
1138500,0.71211479
1138560,0.71211479
1138620,0.71211479
1138680,0.71211479
1138740,0.71211479
1138800,0.71211479
1138860,0.71211479
1138920,0.71211479
1138980,0.71211479
1139040,0.71211479
1139100,0.71211479
1139160,0.71211479
1139220,0.71211479
1139280,0.71211479
1139340,0.71211479
1139400,0.71211479
1139460,0.71211479
1139520,0.71211479
1139580,0.71211479
1139640,0.71211479
1139700,0.71211479
1139760,0.71211479
1139820,0.71211479
1139880,0.71211479
1139940,0.71211479
1140000,0.71211479
1140060,0.71211479
1140120,0.71211479
1140180,0.71211479
1140240,0.71211479
1140300,0.71211479
1140360,0.71211479
1140420,0.71211479
1140480,0.71211479
1140540,0.71211479
1140600,0.71211479
1140660,0.71211479
1140720,0.71211479
1140780,0.71211479
1140840,0.71211479
1140900,0.71211479
1140960,0.71211479
1141020,0.71211479
1141080,0.71211479
1141140,0.71211479
1141200,0.71211479
1141260,0.71211479
1141320,0.71211479
1141380,0.71211479
1141440,0.71211479
1141500,0.71211479
1141560,0.71211479
1141620,0.71211479
1141680,0.71211479
1141740,0.71211479
1141800,0.71211479
1141860,0.71211479
1141920,0.71211479
1141980,0.71211479
1142040,0.71211479
1142100,0.71211479
1142160,0.71211479
1142220,0.71211479
1142280,0.71211479
1142340,0.71211479
1142400,0.71211479
1142460,0.71211479
1142520,0.71211479
1142580,0.71211479
1142640,0.71211479
1142700,0.71211479
1142760,0.71211479
1142820,0.71211479
1142880,0.71211479
1142940,0.71211479
1143000,0.71211479
1143060,0.71211479
1143120,0.71211479
1143180,0.71211479
1143240,0.71211479
1143300,0.71211479
1143360,0.71211478
1143420,0.71211478
1143480,0.71211478
1143540,0.71211478
1143600,0.71211478
1143660,0.71211478
1143720,0.71211478
1143780,0.71211478
1143840,0.71211478
1143900,0.71211478
1143960,0.71211478
1144020,0.71211478
1144080,0.71211478
1144140,0.71211478
1144200,0.71211478
1144260,0.71211478
1144320,0.71211478
1144380,0.71211478
1144440,0.71211478
1144500,0.71211478
1144560,0.71211478
1144620,0.71211478
1144680,0.71211478
1144740,0.71211478
1144800,0.71211478
1144860,0.71211478
1144920,0.71211478
1144980,0.71211478
1145040,0.71211478
1145100,0.71211478
1145160,0.71211478
1145220,0.71211478
1145280,0.71211478
1145340,0.71211478
1145400,0.71211478
1145460,0.71211478
1145520,0.71211478
1145580,0.71211478
1145640,0.71211478
1145700,0.71211478
1145760,0.71211478
1145820,0.71211478
1145880,0.71211478
1145940,0.71211478
1146000,0.71211478
1146060,0.71211478
1146120,0.71211478
1146180,0.71211478
1146240,0.71211478
1146300,0.71211478
1146360,0.71211478
1146420,0.71211478
1146480,0.71211478
1146540,0.71211478
1146600,0.71211478
1146660,0.71211478
1146720,0.71211478
1146780,0.71211478
1146840,0.71211478
1146900,0.71211478
1146960,0.71211478
1147020,0.71211478
1147080,0.71211478
1147140,0.71211478
1147200,0.71211478
1147260,0.71211478
1147320,0.71211478
1147380,0.71211478
1147440,0.71211478
1147500,0.71211478
1147560,0.71211478
1147620,0.71211478
1147680,0.71211478
1147740,0.71211478
1147800,0.71211478
1147860,0.71211478
1147920,0.71211478
1147980,0.71211478
1148040,0.71211478
1148100,0.71211478
1148160,0.71211478
1148220,0.71211478
1148280,0.71211478
1148340,0.71211478
1148400,0.71211478
1148460,0.71211478
1148520,0.71211478
1148580,0.71211478
1148640,0.71211478
1148700,0.71211478
1148760,0.71211478
1148820,0.71211478
1148880,0.71211478
1148940,0.71211478
1149000,0.71211478
1149060,0.71211478
1149120,0.71211478
1149180,0.71211478
1149240,0.71211478
1149300,0.71211478
1149360,0.71211478
1149420,0.71211478
1149480,0.71211478
1149540,0.71211478
1149600,0.71211478
1149660,0.71211478
1149720,0.71211478
1149780,0.71211478
1149840,0.71211478
1149900,0.71211478
1149960,0.71211478
1150020,0.71211478
1150080,0.71211478
1150140,0.71211478
1150200,0.71211478
1150260,0.71211478
1150320,0.71211478
1150380,0.71211478
1150440,0.71211478
1150500,0.71211478
1150560,0.71211478
1150620,0.71211478
1150680,0.71211478
1150740,0.71211478
1150800,0.71211478
1150860,0.71211478
1150920,0.71211478
1150980,0.71211478
1151040,0.71211478
1151100,0.71211478
1151160,0.71211478
1151220,0.71211478
1151280,0.71211478
1151340,0.71211478
1151400,0.71211478
1151460,0.71211478
1151520,0.71211478
1151580,0.71211478
1151640,0.71211478
1151700,0.71211478
1151760,0.71211478
1151820,0.71211478
1151880,0.71211478
1151940,0.71211478
1152000,0.71211478
1152060,0.71211478
1152120,0.71211478
1152180,0.71211478
1152240,0.71211478
1152300,0.71211478
1152360,0.71211478
1152420,0.71211478
1152480,0.71211478
1152540,0.71211478
1152600,0.71211478
1152660,0.71211478
1152720,0.71211478
1152780,0.71211478
1152840,0.71211478
1152900,0.71211478
1152960,0.71211478
1153020,0.71211478
1153080,0.71211478
1153140,0.71211478
1153200,0.71211478
1153260,0.71211478
1153320,0.71211478
1153380,0.71211478
1153440,0.71211478
1153500,0.71211478
1153560,0.71211478
1153620,0.71211478
1153680,0.71211478
1153740,0.71211478
1153800,0.71211478
1153860,0.71211478
1153920,0.71211478
1153980,0.71211478
1154040,0.71211478
1154100,0.71211478
1154160,0.71211478
1154220,0.71211478
1154280,0.71211478
1154340,0.71211478
1154400,0.71211478
1154460,0.71211478
1154520,0.71211478
1154580,0.71211478
1154640,0.71211478
1154700,0.71211478
1154760,0.71211478
1154820,0.71211478
1154880,0.71211478
1154940,0.71211478
1155000,0.71211478
1155060,0.71211478
1155120,0.71211478
1155180,0.71211478
1155240,0.71211478
1155300,0.71211478
1155360,0.71211478
1155420,0.71211478
1155480,0.71211478
1155540,0.71211478
1155600,0.71211478
1155660,0.71211478
1155720,0.71211478
1155780,0.71211478
1155840,0.71211478
1155900,0.71211478
1155960,0.71211478
1156020,0.71211478
1156080,0.71211478
1156140,0.71211478
1156200,0.71211478
1156260,0.71211478
1156320,0.71211478
1156380,0.71211478
1156440,0.71211478
1156500,0.71211478
1156560,0.71211478
1156620,0.71211478
1156680,0.71211478
1156740,0.71211478
1156800,0.71211478
1156860,0.71211478
1156920,0.71211478
1156980,0.71211478
1157040,0.71211478
1157100,0.71211477
1157160,0.71211477
1157220,0.71211477
1157280,0.71211477
1157340,0.71211477
1157400,0.71211477
1157460,0.71211477
1157520,0.71211477
1157580,0.71211477
1157640,0.71211477
1157700,0.71211477
1157760,0.71211477
1157820,0.71211477
1157880,0.71211477
1157940,0.71211477
1158000,0.71211477
1158060,0.71211477
1158120,0.71211477
1158180,0.71211477
1158240,0.71211477
1158300,0.71211477
1158360,0.71211477
1158420,0.71211477
1158480,0.71211477
1158540,0.71211477
1158600,0.71211477
1158660,0.71211477
1158720,0.71211477
1158780,0.71211477
1158840,0.71211477
1158900,0.71211477
1158960,0.71211477
1159020,0.71211477
1159080,0.71211477
1159140,0.71211477
1159200,0.71211477
1159260,0.71211477
1159320,0.71211477
1159380,0.71211477
1159440,0.71211477
1159500,0.71211477
1159560,0.71211477
1159620,0.71211477
1159680,0.71211477
1159740,0.71211477
1159800,0.71211477
1159860,0.71211477
1159920,0.71211477
1159980,0.71211477
1160040,0.71211477
1160100,0.71211477
1160160,0.71211477
1160220,0.71211477
1160280,0.71211477
1160340,0.71211477
1160400,0.71211477
1160460,0.71211477
1160520,0.71211477
1160580,0.71211477
1160640,0.71211477
1160700,0.71211477
1160760,0.71211477
1160820,0.71211477
1160880,0.71211477
1160940,0.71211477
1161000,0.71211477
1161060,0.71211477
1161120,0.71211477
1161180,0.71211477
1161240,0.71211477
1161300,0.71211477
1161360,0.71211477
1161420,0.71211477
1161480,0.71211477
1161540,0.71211477
1161600,0.71211477
1161660,0.71211477
1161720,0.71211477
1161780,0.71211477
1161840,0.71211477
1161900,0.71211477
1161960,0.71211477
1162020,0.71211477
1162080,0.71211477
1162140,0.71211477
1162200,0.71211477
1162260,0.71211477
1162320,0.71211477
1162380,0.71211477
1162440,0.71211477
1162500,0.71211477
1162560,0.71211477
1162620,0.71209859
1162680,0.71209859
1162740,0.71209859
1162800,0.71209859
1162860,0.71209859
1162920,0.71209859
1162980,0.71209859
1163040,0.71209859
1163100,0.71209859
1163160,0.71209859
1163220,0.71209859
1163280,0.71209859
1163340,0.71209859
1163400,0.71209859
1163460,0.71209859
1163520,0.71209859
1163580,0.71209859
1163640,0.71209859
1163700,0.71209859
1163760,0.71209859
1163820,0.71209859
1163880,0.71209859
1163940,0.71209859
1164000,0.71209859
1164060,0.71209859
1164120,0.71209859
1164180,0.71209859
1164240,0.71209859
1164300,0.71209859
1164360,0.71209859
1164420,0.71209859
1164480,0.71209859
1164540,0.71209859
1164600,0.71209859
1164660,0.71209859
1164720,0.71209859
1164780,0.71209859
1164840,0.71209859
1164900,0.71209859
1164960,0.71209859
1165020,0.71209859
1165080,0.71209859
1165140,0.71209859
1165200,0.71209859
1165260,0.71209859
1165320,0.71209859
1165380,0.71209859
1165440,0.71209859
1165500,0.71209859
1165560,0.71209859
1165620,0.71209859
1165680,0.71209859
1165740,0.71209859
1165800,0.71209859
1165860,0.71209859
1165920,0.71209859
1165980,0.71209859
1166040,0.71209859
1166100,0.71209859
1166160,0.71209859
1166220,0.71209859
1166280,0.71209859
1166340,0.71209859
1166400,0.71209859
1166460,0.71209859
1166520,0.71209859
1166580,0.71209859
1166640,0.71209859
1166700,0.71209859
1166760,0.71209859
1166820,0.71209859
1166880,0.71209859
1166940,0.71209859
1167000,0.71209859
1167060,0.71209859
1167120,0.71209859
1167180,0.71209859
1167240,0.71209859
1167300,0.71209859
1167360,0.71209859
1167420,0.71209859
1167480,0.71209859
1167540,0.71209859
1167600,0.71209859
1167660,0.71209859
1167720,0.71209859
1167780,0.71209859
1167840,0.71209859
1167900,0.71209859
1167960,0.71209859
1168020,0.71209859
1168080,0.71209859
1168140,0.71209859
1168200,0.71209859
1168260,0.71209859
1168320,0.71209859
1168380,0.71209859
1168440,0.71209859
1168500,0.71209859
1168560,0.71209859
1168620,0.71209859
1168680,0.71209859
1168740,0.71209859
1168800,0.71209859
1168860,0.71209859
1168920,0.71209859
1168980,0.71209859
1169040,0.71209859
1169100,0.71209859
1169160,0.71209859
1169220,0.71209859
1169280,0.71209859
1169340,0.71209859
1169400,0.71209859
1169460,0.71209859
1169520,0.71209859
1169580,0.71209859
1169640,0.71209859
1169700,0.71209859
1169760,0.71209859
1169820,0.71209859
1169880,0.71209859
1169940,0.71209859
1170000,0.71209859
1170060,0.71209859
1170120,0.71209859
1170180,0.71209859
1170240,0.71209859
1170300,0.71209859
1170360,0.71209859
1170420,0.71209859
1170480,0.71209859
1170540,0.71209859
1170600,0.71209859
1170660,0.71209859
1170720,0.71209859
1170780,0.71209859
1170840,0.71209859
1170900,0.71209859
1170960,0.71209859
1171020,0.71209859
1171080,0.71209859
1171140,0.71209859
1171200,0.71209859
1171260,0.71209859
1171320,0.71209859
1171380,0.71209859
1171440,0.71209859
1171500,0.71209859
1171560,0.71209859
1171620,0.71209859
1171680,0.71209859
1171740,0.71209859
1171800,0.71209859
1171860,0.71209859
1171920,0.71209859
1171980,0.71209859
1172040,0.71209859
1172100,0.71209859
1172160,0.71209859
1172220,0.71209859
1172280,0.71209859
1172340,0.71209859
1172400,0.71209859
1172460,0.71209859
1172520,0.71209859
1172580,0.71209859
1172640,0.71209859
1172700,0.71209859
1172760,0.71209859
1172820,0.71209859
1172880,0.71209859
1172940,0.71209859
1173000,0.71209859
1173060,0.71209859
1173120,0.71209859
1173180,0.71209859
1173240,0.71209859
1173300,0.71209859
1173360,0.71209859
1173420,0.71209859
1173480,0.71209859
1173540,0.71209859
1173600,0.71209859
1173660,0.71209859
1173720,0.71209859
1173780,0.71209859
1173840,0.71209859
1173900,0.71209859
1173960,0.71209859
1174020,0.71209859
1174080,0.71209859
1174140,0.71209859
1174200,0.71209859
1174260,0.71209859
1174320,0.71209859
1174380,0.71209859
1174440,0.71209859
1174500,0.71209859
1174560,0.71209859
1174620,0.71209859
1174680,0.71209859
1174740,0.71209859
1174800,0.71209859
1174860,0.71209859
1174920,0.71209859
1174980,0.71209859
1175040,0.71209859
1175100,0.71209859
1175160,0.71209859
1175220,0.71209859
1175280,0.71209859
1175340,0.71209859
1175400,0.71209859
1175460,0.71209859
1175520,0.71209859
1175580,0.71209859
1175640,0.71209859
1175700,0.71209859
1175760,0.71209859
1175820,0.71209859
1175880,0.71209859
1175940,0.71209859
1176000,0.71209859
1176060,0.71209859
1176120,0.71209859
1176180,0.71209859
1176240,0.71209859
1176300,0.71209859
1176360,0.71209859
1176420,0.71209859
1176480,0.71209859
1176540,0.71209859
1176600,0.71209859
1176660,0.71209859
1176720,0.71209859
1176780,0.71209859
1176840,0.71209859
1176900,0.71209859
1176960,0.71209859
1177020,0.71209859
1177080,0.71209859
1177140,0.71209859
1177200,0.71209859
1177260,0.71209859
1177320,0.71209859
1177380,0.71209859
1177440,0.71209859
1177500,0.71209859
1177560,0.71209859
1177620,0.71209859
1177680,0.71209859
1177740,0.71209859
1177800,0.71209859
1177860,0.71209859
1177920,0.71209859
1177980,0.71209859
1178040,0.71209859
1178100,0.71209859
1178160,0.71209859
1178220,0.71209859
1178280,0.71209859
1178340,0.71209859
1178400,0.71209859
1178460,0.71209859
1178520,0.71209859
1178580,0.71209859
1178640,0.71209859
1178700,0.71209859
1178760,0.71209859
1178820,0.71209859
1178880,0.71209859
1178940,0.71209859
1179000,0.71209859
1179060,0.71209859
1179120,0.71209859
1179180,0.71209859
1179240,0.71209859
1179300,0.71209859
1179360,0.71209859
1179420,0.71209859
1179480,0.71209859
1179540,0.71209859
1179600,0.71209859
1179660,0.71209859
1179720,0.71209859
1179780,0.71209859
1179840,0.71209859
1179900,0.71209859
1179960,0.71209859
1180020,0.71209859
1180080,0.71209859
1180140,0.71209859
1180200,0.71209859
1180260,0.71209859
1180320,0.71209859
1180380,0.71209859
1180440,0.71209859
1180500,0.71209859
1180560,0.71209859
1180620,0.71209859
1180680,0.71209859
1180740,0.71209859
1180800,0.71209859
1180860,0.71209859
1180920,0.71209859
1180980,0.71209859
1181040,0.71209859
1181100,0.71209859
1181160,0.71209859
1181220,0.71209859
1181280,0.71209859
1181340,0.71209859
1181400,0.71209859
1181460,0.71209859
1181520,0.71209859
1181580,0.71209859
1181640,0.71209857
1181700,0.71209857
1181760,0.71209857
1181820,0.71209857
1181880,0.71209857
1181940,0.71209857
1182000,0.71209857
1182060,0.71209857
1182120,0.71209857
1182180,0.71209857
1182240,0.71209857
1182300,0.71209857
1182360,0.71209857
1182420,0.71209857
1182480,0.71209857
1182540,0.71209857
1182600,0.71209857
1182660,0.71209857
1182720,0.71209857
1182780,0.71209857
1182840,0.71209857
1182900,0.71209857
1182960,0.71209857
1183020,0.71209857
1183080,0.71209857
1183140,0.71209857
1183200,0.71209857
1183260,0.71209857
1183320,0.71209857
1183380,0.71209857
1183440,0.71209857
1183500,0.71209857
1183560,0.71209857
1183620,0.71209857
1183680,0.71209857
1183740,0.71209857
1183800,0.71209857
1183860,0.71209857
1183920,0.71209857
1183980,0.71209857
1184040,0.71209857
1184100,0.71209857
1184160,0.71209857
1184220,0.71209857
1184280,0.71209857
1184340,0.71209857
1184400,0.71209857
1184460,0.71209857
1184520,0.71209857
1184580,0.71209857
1184640,0.71209857
1184700,0.71209857
1184760,0.71209857
1184820,0.71209857
1184880,0.71209857
1184940,0.71209857
1185000,0.71209857
1185060,0.71209857
1185120,0.71209857
1185180,0.71209857
1185240,0.71209857
1185300,0.71209857
1185360,0.71209857
1185420,0.71209857
1185480,0.71209857
1185540,0.71209857
1185600,0.71209857
1185660,0.71209857
1185720,0.71209857
1185780,0.71209857
1185840,0.71209857
1185900,0.71209857
1185960,0.71209857
1186020,0.71209857
1186080,0.71209857
1186140,0.71209857
1186200,0.71209857
1186260,0.71209857
1186320,0.71209857
1186380,0.71209857
1186440,0.71209857
1186500,0.71209857
1186560,0.71209857
1186620,0.71209857
1186680,0.71209857
1186740,0.71209857
1186800,0.71209857
1186860,0.71209857
1186920,0.71209857
1186980,0.71209857
1187040,0.71209857
1187100,0.71209857
1187160,0.71209857
1187220,0.71209857
1187280,0.71209857
1187340,0.71209857
1187400,0.71209857
1187460,0.71209857
1187520,0.71209857
1187580,0.71209857
1187640,0.71209857
1187700,0.71209857
1187760,0.71209857
1187820,0.71209857
1187880,0.71209857
1187940,0.71209857
1188000,0.71209857
1188060,0.71209857
1188120,0.71209857
1188180,0.71209857
1188240,0.71209857
1188300,0.71209857
1188360,0.71209857
1188420,0.71209857
1188480,0.71209857
1188540,0.71209857
1188600,0.71209857
1188660,0.71209857
1188720,0.71209857
1188780,0.71209857
1188840,0.71209857
1188900,0.71209857
1188960,0.71209857
1189020,0.71209857
1189080,0.71209857
1189140,0.71209857
1189200,0.71209857
1189260,0.71209857
1189320,0.71209857
1189380,0.71209857
1189440,0.71209857
1189500,0.71209857
1189560,0.71209857
1189620,0.71209857
1189680,0.71209857
1189740,0.71209857
1189800,0.71209857
1189860,0.71209853
1189920,0.71209853
1189980,0.71209853
1190040,0.71209853
1190100,0.71209853
1190160,0.71209853
1190220,0.71209853
1190280,0.71209853
1190340,0.71209853
1190400,0.71209853
1190460,0.71209853
1190520,0.71209853
1190580,0.71209853
1190640,0.71209853
1190700,0.71209853
1190760,0.71209853
1190820,0.71209853
1190880,0.71209853
1190940,0.71209853
1191000,0.71209853
1191060,0.71209853
1191120,0.71209853
1191180,0.71209853
1191240,0.71209853
1191300,0.71209853
1191360,0.71209853
1191420,0.71209853
1191480,0.71209853
1191540,0.71209853
1191600,0.71209853
1191660,0.71209853
1191720,0.71209853
1191780,0.71209853
1191840,0.71209853
1191900,0.71209853
1191960,0.71209853
1192020,0.71209853
1192080,0.71209853
1192140,0.71209853
1192200,0.71209853
1192260,0.71209853
1192320,0.71209853
1192380,0.71209853
1192440,0.71209853
1192500,0.71209853
1192560,0.71209853
1192620,0.71209853
1192680,0.71209853
1192740,0.71209853
1192800,0.71209853
1192860,0.71209853
1192920,0.71209853
1192980,0.71209853
1193040,0.71209853
1193100,0.71209853
1193160,0.71209853
1193220,0.71209853
1193280,0.71209853
1193340,0.71209853
1193400,0.71209853
1193460,0.71209853
1193520,0.71209853
1193580,0.71209853
1193640,0.71209853
1193700,0.71209853
1193760,0.71209853
1193820,0.71209853
1193880,0.71209853
1193940,0.71209853
1194000,0.71209853
1194060,0.71209853
1194120,0.71209853
1194180,0.71209853
1194240,0.71209853
1194300,0.71209853
1194360,0.71209853
1194420,0.71209853
1194480,0.71209853
1194540,0.71209853
1194600,0.71209853
1194660,0.71209853
1194720,0.71209853
1194780,0.71209853
1194840,0.71209853
1194900,0.71209853
1194960,0.71209853
1195020,0.71209853
1195080,0.71209853
1195140,0.71209853
1195200,0.71209853
1195260,0.71209853
1195320,0.71209853
1195380,0.71209853
1195440,0.71209853
1195500,0.71209853
1195560,0.71209853
1195620,0.71209853
1195680,0.71209853
1195740,0.71209853
1195800,0.71209853
1195860,0.71209853
1195920,0.71209853
1195980,0.71209853
1196040,0.71209853
1196100,0.71209853
1196160,0.71209853
1196220,0.71209853
1196280,0.71209853
1196340,0.71209853
1196400,0.71209853
1196460,0.71209853
1196520,0.71209853
1196580,0.71209853
1196640,0.71209853
1196700,0.71209853
1196760,0.71209853
1196820,0.71209853
1196880,0.71209853
1196940,0.71209853
1197000,0.71209853
1197060,0.71209853
1197120,0.71209853
1197180,0.71209853
1197240,0.71209853
1197300,0.71209853
1197360,0.71209853
1197420,0.71209853
1197480,0.71209853
1197540,0.71209853
1197600,0.71209853
1197660,0.71209853
1197720,0.71209853
1197780,0.71209853
1197840,0.71209853
1197900,0.71209853
1197960,0.71209853
1198020,0.71209853
1198080,0.71209853
1198140,0.71209853
1198200,0.71209853
1198260,0.71209853
1198320,0.71209853
1198380,0.71209853
1198440,0.71209853
1198500,0.71209853
1198560,0.71209853
1198620,0.71209853
1198680,0.71209853
1198740,0.71209853
1198800,0.71209853
1198860,0.71209853
1198920,0.71209853
1198980,0.71209853
1199040,0.71209853
1199100,0.71209853
1199160,0.71209853
1199220,0.71209853
1199280,0.71209853
1199340,0.71209853
1199400,0.71209853
1199460,0.71209853
1199520,0.71209853
1199580,0.71209853
1199640,0.71209853
1199700,0.71209853
1199760,0.71209853
1199820,0.71209853
1199880,0.71209853
1199940,0.71209853
1200000,0.71209853
1200060,0.71209853
1200120,0.71209853
1200180,0.71209853
1200240,0.71209853
1200300,0.71209853
1200360,0.71209853
1200420,0.71209853
1200480,0.71209853
1200540,0.71209853
1200600,0.71209853
1200660,0.71209853
1200720,0.71209853
1200780,0.71209853
1200840,0.71209853
1200900,0.71209853
1200960,0.71209853
1201020,0.71209853
1201080,0.71209853
1201140,0.71209853
1201200,0.71209853
1201260,0.71209853
1201320,0.71209853
1201380,0.71209853
1201440,0.71209853
1201500,0.71209853
1201560,0.71209853
1201620,0.71209853
1201680,0.71209853
1201740,0.71209853
1201800,0.71209853
1201860,0.71209853
1201920,0.71209853
1201980,0.71209853
1202040,0.71209853
1202100,0.71209853
1202160,0.71209853
1202220,0.71209853
1202280,0.71209853
1202340,0.71209853
1202400,0.71209853
1202460,0.71209853
1202520,0.71209853
1202580,0.71209853
1202640,0.71209853
1202700,0.71209853
1202760,0.71209853
1202820,0.71209853
1202880,0.71209853
1202940,0.71209853
1203000,0.71209853
1203060,0.71209853
1203120,0.71209853
1203180,0.71209853
1203240,0.71209853
1203300,0.71209853
1203360,0.71209853
1203420,0.71209853
1203480,0.71209853
1203540,0.71209853
1203600,0.71209853
1203660,0.71209853
1203720,0.71209853
1203780,0.71209853
1203840,0.71209853
1203900,0.71209853
1203960,0.71209853
1204020,0.71209853
1204080,0.71209853
1204140,0.71209853
1204200,0.71209853
1204260,0.71209853
1204320,0.71209853
1204380,0.71209853
1204440,0.71209853
1204500,0.71209853
1204560,0.71209853
1204620,0.71209853
1204680,0.71209853
1204740,0.71209853
1204800,0.71209853
1204860,0.71209853
1204920,0.71209853
1204980,0.71209853
1205040,0.71209853
1205100,0.71209853
1205160,0.71209853
1205220,0.71209853
1205280,0.71209853
1205340,0.71209853
1205400,0.71209853
1205460,0.71209853
1205520,0.71209853
1205580,0.71209853
1205640,0.71209853
1205700,0.71209853
1205760,0.71209853
1205820,0.71209853
1205880,0.71209853
1205940,0.71209853
1206000,0.71209853
1206060,0.71209853
1206120,0.71209853
1206180,0.71209853
1206240,0.71209853
1206300,0.71209853
1206360,0.71209853
1206420,0.71209853
1206480,0.71209853
1206540,0.71209853
1206600,0.71209853
1206660,0.71209853
1206720,0.71209853
1206780,0.71209853
1206840,0.71209853
1206900,0.71209853
1206960,0.71209853
1207020,0.71209853
1207080,0.71209853
1207140,0.71209853
1207200,0.71209853
1207260,0.71209853
1207320,0.71209853
1207380,0.71209853
1207440,0.71209853
1207500,0.71209853
1207560,0.71209853
1207620,0.71209853
1207680,0.71209853
1207740,0.71209853
1207800,0.71209853
1207860,0.71209853
1207920,0.71209853
1207980,0.71209853
1208040,0.71209853
1208100,0.71209853
1208160,0.71209853
1208220,0.71209853
1208280,0.71209853
1208340,0.71209853
1208400,0.71209853
1208460,0.71209853
1208520,0.71209853
1208580,0.71209853
1208640,0.71209853
1208700,0.71209853
1208760,0.71209853
1208820,0.71209853
1208880,0.71209853
1208940,0.71209853
1209000,0.71209853
1209060,0.71209853
1209120,0.71209853
1209180,0.71209853
1209240,0.71209853
1209300,0.71209853
1209360,0.71209853
1209420,0.71209849
1209480,0.71209849
1209540,0.71209849
1209600,0.71209849
1209660,0.71209849
1209720,0.71209849
1209780,0.71209849
1209840,0.71209849
1209900,0.71209849
1209960,0.71209849
1210020,0.71209849
1210080,0.71209849
1210140,0.71209849
1210200,0.71209849
1210260,0.71209849
1210320,0.71209849
1210380,0.71209849
1210440,0.71209849
1210500,0.71209849
1210560,0.71209849
1210620,0.71209849
1210680,0.71209849
1210740,0.71209849
1210800,0.71209849
1210860,0.71209849
1210920,0.71209849
1210980,0.71209848
1211040,0.71209848
1211100,0.71209848
1211160,0.71209848
1211220,0.71209848
1211280,0.71209848
1211340,0.71209848
1211400,0.71209848
1211460,0.71209848
1211520,0.71209848
1211580,0.71209848
1211640,0.71209848
1211700,0.71209848
1211760,0.71209848
1211820,0.71209848
1211880,0.71209848
1211940,0.71209848
1212000,0.71209848
1212060,0.71209848
1212120,0.71209848
1212180,0.71209848
1212240,0.71209848
1212300,0.71209848
1212360,0.71209848
1212420,0.71209848
1212480,0.71209848
1212540,0.71209848
1212600,0.71209848
1212660,0.71209848
1212720,0.71209848
1212780,0.71209848
1212840,0.71209848
1212900,0.71209848
1212960,0.71209848
1213020,0.71209848
1213080,0.71209848
1213140,0.71209848
1213200,0.71209848
1213260,0.71209848
1213320,0.71209848
1213380,0.71209848
1213440,0.71209848
1213500,0.71209848
1213560,0.71209848
1213620,0.71209848
1213680,0.71209848
1213740,0.71209848
1213800,0.71209848
1213860,0.71209848
1213920,0.71209848
1213980,0.71209848
1214040,0.71209848
1214100,0.71209848
1214160,0.71209848
1214220,0.71209848
1214280,0.71209848
1214340,0.71209848
1214400,0.71209848
1214460,0.71209848
1214520,0.71209848
1214580,0.71209848
1214640,0.71209848
1214700,0.71209848
1214760,0.71209848
1214820,0.71209848
1214880,0.71209848
1214940,0.71209848
1215000,0.71209848
1215060,0.71209848
1215120,0.71209848
1215180,0.71209848
1215240,0.71209848
1215300,0.71209848
1215360,0.71209848
1215420,0.71209848
1215480,0.71209848
1215540,0.71209848
1215600,0.71209848
1215660,0.71209848
1215720,0.71209848
1215780,0.71209848
1215840,0.71209848
1215900,0.71209848
1215960,0.71209848
1216020,0.71209848
1216080,0.71209848
1216140,0.71209848
1216200,0.71209848
1216260,0.71209848
1216320,0.71209848
1216380,0.71209848
1216440,0.71209848
1216500,0.71209848
1216560,0.71209848
1216620,0.71209848
1216680,0.71209848
1216740,0.71209848
1216800,0.71209848
1216860,0.71209848
1216920,0.71209848
1216980,0.71209848
1217040,0.71209848
1217100,0.71209848
1217160,0.71209848
1217220,0.71209848
1217280,0.71209848
1217340,0.71209848
1217400,0.71209848
1217460,0.71209848
1217520,0.71209848
1217580,0.71209848
1217640,0.71209848
1217700,0.71209848
1217760,0.71209848
1217820,0.71209848
1217880,0.71209848
1217940,0.71209848
1218000,0.71209848
1218060,0.71209848
1218120,0.71209848
1218180,0.71209848
1218240,0.71209848
1218300,0.71209848
1218360,0.71209848
1218420,0.71209848
1218480,0.71209848
1218540,0.71209848
1218600,0.71209848
1218660,0.71209848
1218720,0.71209848
1218780,0.71209848
1218840,0.71209848
1218900,0.71209848
1218960,0.71209848
1219020,0.71209848
1219080,0.71209848
1219140,0.71209848
1219200,0.71209848
1219260,0.71209848
1219320,0.71209848
1219380,0.71209848
1219440,0.71209848
1219500,0.71209848
1219560,0.71209848
1219620,0.71209848
1219680,0.71209848
1219740,0.71209848
1219800,0.71209848
1219860,0.71209848
1219920,0.71209848
1219980,0.71209848
1220040,0.71209848
1220100,0.71209848
1220160,0.71209848
1220220,0.71209848
1220280,0.71209848
1220340,0.71209848
1220400,0.71209848
1220460,0.71209848
1220520,0.71209848
1220580,0.71209848
1220640,0.71209848
1220700,0.71209848
1220760,0.71209847
1220820,0.71209846
1220880,0.71209846
1220940,0.71209846
1221000,0.71209846
1221060,0.71209846
1221120,0.71209846
1221180,0.71209846
1221240,0.71209846
1221300,0.71209846
1221360,0.71209846
1221420,0.71209846
1221480,0.71209846
1221540,0.71209846
1221600,0.71209846
1221660,0.71209846
1221720,0.71209846
1221780,0.71209846
1221840,0.71209846
1221900,0.71209846
1221960,0.71209846
1222020,0.71209846
1222080,0.71209846
1222140,0.71209846
1222200,0.71209846
1222260,0.71209846
1222320,0.71209846
1222380,0.71209846
1222440,0.71209846
1222500,0.71209846
1222560,0.71209846
1222620,0.71209846
1222680,0.71209846
1222740,0.71209846
1222800,0.71209846
1222860,0.71209846
1222920,0.71209846
1222980,0.71209846
1223040,0.71209846
1223100,0.71209846
1223160,0.71209846
1223220,0.71209846
1223280,0.71209846
1223340,0.71209846
1223400,0.71209846
1223460,0.71209846
1223520,0.71209846
1223580,0.71209846
1223640,0.71209846
1223700,0.71209846
1223760,0.71209846
1223820,0.71209846
1223880,0.71209846
1223940,0.71209846
1224000,0.71209846
1224060,0.71209846
1224120,0.71209846
1224180,0.71209846
1224240,0.71209846
1224300,0.71209846
1224360,0.71209846
1224420,0.71209846
1224480,0.71209846
1224540,0.71209846
1224600,0.71209846
1224660,0.71209846
1224720,0.71209846
1224780,0.71209846
1224840,0.71209846
1224900,0.71209846
1224960,0.71209846
1225020,0.71209846
1225080,0.71209846
1225140,0.71209846
1225200,0.71209846
1225260,0.71209846
1225320,0.71209846
1225380,0.71209846
1225440,0.71209846
1225500,0.71209846
1225560,0.71209846
1225620,0.71209846
1225680,0.71209846
1225740,0.71209846
1225800,0.71209846
1225860,0.71209846
1225920,0.71209846
1225980,0.71209846
1226040,0.71209846
1226100,0.71209846
1226160,0.71209846
1226220,0.71209846
1226280,0.71209846
1226340,0.71209846
1226400,0.71209846
1226460,0.71209846
1226520,0.71209846
1226580,0.71209846
1226640,0.71209846
1226700,0.71209846
1226760,0.71209846
1226820,0.71209846
1226880,0.71209846
1226940,0.71209846
1227000,0.71209846
1227060,0.71209846
1227120,0.71209846
1227180,0.71209846
1227240,0.71209846
1227300,0.71209846
1227360,0.71209846
1227420,0.71209846
1227480,0.71209846
1227540,0.71209846
1227600,0.71209846
1227660,0.71209846
1227720,0.71209846
1227780,0.71209846
1227840,0.71209846
1227900,0.71209846
1227960,0.71209846
1228020,0.71209846
1228080,0.71209846
1228140,0.71209846
1228200,0.71209846
1228260,0.71197995
1228320,0.71197995
1228380,0.71197995
1228440,0.71197995
1228500,0.71197995
1228560,0.71197995
1228620,0.71197995
1228680,0.71197995
1228740,0.71197995
1228800,0.71197995
1228860,0.71197995
1228920,0.71197995
1228980,0.71197995
1229040,0.71197995
1229100,0.71197995
1229160,0.71197995
1229220,0.71197995
1229280,0.71197995
1229340,0.71197995
1229400,0.71197995
1229460,0.71197995
1229520,0.71197995
1229580,0.71197995
1229640,0.71197995
1229700,0.71197995
1229760,0.71197995
1229820,0.71197995
1229880,0.71197995
1229940,0.71197995
1230000,0.71197995
1230060,0.71197995
1230120,0.71197995
1230180,0.71197995
1230240,0.71197995
1230300,0.71197995
1230360,0.71197995
1230420,0.71197995
1230480,0.71197995
1230540,0.71197995
1230600,0.71197995
1230660,0.71197995
1230720,0.71197995
1230780,0.71197995
1230840,0.71197995
1230900,0.71197995
1230960,0.71197915
1231020,0.71197915
1231080,0.71197915
1231140,0.71197915
1231200,0.71197915
1231260,0.71197915
1231320,0.71197915
1231380,0.71197915
1231440,0.71197915
1231500,0.71197915
1231560,0.71197915
1231620,0.71197915
1231680,0.71197915
1231740,0.71197915
1231800,0.71197915
1231860,0.71197915
1231920,0.71197915
1231980,0.71197915
1232040,0.71197915
1232100,0.71197915
1232160,0.71197915
1232220,0.71197915
1232280,0.71197915
1232340,0.71197915
1232400,0.71197915
1232460,0.71197915
1232520,0.71197915
1232580,0.71197915
1232640,0.71197915
1232700,0.71197915
1232760,0.71197915
1232820,0.71197915
1232880,0.71197915
1232940,0.71197915
1233000,0.71197915
1233060,0.71197915
1233120,0.71197915
1233180,0.71197915
1233240,0.71197915
1233300,0.71197915
1233360,0.71197915
1233420,0.71197915
1233480,0.71197915
1233540,0.71197915
1233600,0.71197915
1233660,0.71197915
1233720,0.71197915
1233780,0.71197915
1233840,0.71197915
1233900,0.71197915
1233960,0.71197915
1234020,0.71197915
1234080,0.71197915
1234140,0.71197915
1234200,0.71197915
1234260,0.71197915
1234320,0.71197915
1234380,0.71197915
1234440,0.71197915
1234500,0.71197915
1234560,0.71197915
1234620,0.71197915
1234680,0.71197915
1234740,0.71197915
1234800,0.71197915
1234860,0.71197915
1234920,0.71197915
1234980,0.71197915
1235040,0.71197915
1235100,0.71197915
1235160,0.71197915
1235220,0.71197915
1235280,0.71197915
1235340,0.71197915
1235400,0.71197915
1235460,0.71197915
1235520,0.71197915
1235580,0.71197915
1235640,0.71197915
1235700,0.71197915
1235760,0.71197915
1235820,0.71197915
1235880,0.71197915
1235940,0.71197915
1236000,0.71197915
1236060,0.71197915
1236120,0.71197915
1236180,0.71197915
1236240,0.71197915
1236300,0.71197915
1236360,0.71197915
1236420,0.71197915
1236480,0.71197915
1236540,0.71197915
1236600,0.71197915
1236660,0.71197915
1236720,0.71197915
1236780,0.71197915
1236840,0.71197915
1236900,0.71197915
1236960,0.71197915
1237020,0.71197915
1237080,0.71197915
1237140,0.71197915
1237200,0.71197915
1237260,0.71197915
1237320,0.71197915
1237380,0.71197915
1237440,0.71197915
1237500,0.71197915
1237560,0.71197915
1237620,0.71197915
1237680,0.71197915
1237740,0.71197915
1237800,0.71197915
1237860,0.71197915
1237920,0.71197915
1237980,0.71197915
1238040,0.71197915
1238100,0.71197915
1238160,0.71197915
1238220,0.71197915
1238280,0.71197915
1238340,0.71197915
1238400,0.71197915
1238460,0.71197915
1238520,0.71197915
1238580,0.71197915
1238640,0.71197915
1238700,0.71197915
1238760,0.71197915
1238820,0.71197915
1238880,0.71197915
1238940,0.71197915
1239000,0.71197915
1239060,0.71197915
1239120,0.71197915
1239180,0.71197915
1239240,0.71197915
1239300,0.71197915
1239360,0.71197915
1239420,0.71197915
1239480,0.71197915
1239540,0.71197915
1239600,0.71197915
1239660,0.71197915
1239720,0.71197915
1239780,0.71197915
1239840,0.71197915
1239900,0.71197915
1239960,0.71197915
1240020,0.71197915
1240080,0.71197915
1240140,0.71197730
1240200,0.71197730
1240260,0.71197730
1240320,0.71197730
1240380,0.71197730
1240440,0.71197730
1240500,0.71197730
1240560,0.71197730
1240620,0.71197730
1240680,0.71197730
1240740,0.71197730
1240800,0.71197730
1240860,0.71197730
1240920,0.71197730
1240980,0.71197730
1241040,0.71197730
1241100,0.71197730
1241160,0.71197730
1241220,0.71197730
1241280,0.71197730
1241340,0.71197730
1241400,0.71197730
1241460,0.71197730
1241520,0.71197730
1241580,0.71197730
1241640,0.71197730
1241700,0.71197730
1241760,0.71197730
1241820,0.71197730
1241880,0.71197730
1241940,0.71197730
1242000,0.71197730
1242060,0.71197730
1242120,0.71197730
1242180,0.71197730
1242240,0.71197730
1242300,0.71197730
1242360,0.71197730
1242420,0.71197730
1242480,0.71197730
1242540,0.71197730
1242600,0.71197730
1242660,0.71197730
1242720,0.71197730
1242780,0.71197730
1242840,0.71197730
1242900,0.71197730
1242960,0.71197730
1243020,0.71197730
1243080,0.71197730
1243140,0.71197730
1243200,0.71197730
1243260,0.71197730
1243320,0.71197730
1243380,0.71197730
1243440,0.71197730
1243500,0.71197730
1243560,0.71197730
1243620,0.71197730
1243680,0.71197730
1243740,0.71197730
1243800,0.71197730
1243860,0.71197730
1243920,0.71197730
1243980,0.71197730
1244040,0.71197730
1244100,0.71197730
1244160,0.71197730
1244220,0.71197730
1244280,0.71197730
1244340,0.71197730
1244400,0.71197730
1244460,0.71197730
1244520,0.71197730
1244580,0.71197730
1244640,0.71197730
1244700,0.71197730
1244760,0.71197730
1244820,0.71197730
1244880,0.71197730
1244940,0.71197730
1245000,0.71197730
1245060,0.71197730
1245120,0.71197730
1245180,0.71197730
1245240,0.71197730
1245300,0.71197730
1245360,0.71197730
1245420,0.71197730
1245480,0.71197730
1245540,0.71197730
1245600,0.71197730
1245660,0.71197730
1245720,0.71197730
1245780,0.71197730
1245840,0.71197730
1245900,0.71197730
1245960,0.71197730
1246020,0.71197730
1246080,0.71197730
1246140,0.71197730
1246200,0.71197730
1246260,0.71197730
1246320,0.71197730
1246380,0.71197730
1246440,0.71197730
1246500,0.71197730
1246560,0.71197730
1246620,0.71197730
1246680,0.71197730
1246740,0.71197730
1246800,0.71197730
1246860,0.71197730
1246920,0.71197730
1246980,0.71197730
1247040,0.71197730
1247100,0.71197730
1247160,0.71197730
1247220,0.71197730
1247280,0.71197730
1247340,0.71197730
1247400,0.71197730
1247460,0.71197730
1247520,0.71197730
1247580,0.71197730
1247640,0.71197730
1247700,0.71197730
1247760,0.71197730
1247820,0.71197730
1247880,0.71197730
1247940,0.71197730
1248000,0.71197730
1248060,0.71197730
1248120,0.71197730
1248180,0.71197730
1248240,0.71197730
1248300,0.71197730
1248360,0.71197730
1248420,0.71197730
1248480,0.71197730
1248540,0.71197730
1248600,0.71197730
1248660,0.71197730
1248720,0.71197730
1248780,0.71197730
1248840,0.71197730
1248900,0.71197730
1248960,0.71197730
1249020,0.71197730
1249080,0.71197730
1249140,0.71197730
1249200,0.71197730
1249260,0.71197730
1249320,0.71197730
1249380,0.71197730
1249440,0.71197730
1249500,0.71197730
1249560,0.71197730
1249620,0.71197729
1249680,0.71197729
1249740,0.71197729
1249800,0.71197729
1249860,0.71197729
1249920,0.71197729
1249980,0.71197729
1250040,0.71197729
1250100,0.71197729
1250160,0.71197729
1250220,0.71197729
1250280,0.71197729
1250340,0.71197729
1250400,0.71197729
1250460,0.71197729
1250520,0.71197729
1250580,0.71197729
1250640,0.71197729
1250700,0.71197729
1250760,0.71197729
1250820,0.71197729
1250880,0.71197729
1250940,0.71197729
1251000,0.71197729
1251060,0.71197729
1251120,0.71197729
1251180,0.71197729
1251240,0.71197729
1251300,0.71197729
1251360,0.71197729
1251420,0.71197729
1251480,0.71197729
1251540,0.71197729
1251600,0.71197729
1251660,0.71197729
1251720,0.71197729
1251780,0.71197729
1251840,0.71197729
1251900,0.71197729
1251960,0.71197729
1252020,0.71197729
1252080,0.71197729
1252140,0.71197729
1252200,0.71197729
1252260,0.71197729
1252320,0.71197729
1252380,0.71197729
1252440,0.71197729
1252500,0.71197729
1252560,0.71197729
1252620,0.71197729
1252680,0.71197729
1252740,0.71197729
1252800,0.71197729
1252860,0.71197729
1252920,0.71197729
1252980,0.71197729
1253040,0.71197729
1253100,0.71197729
1253160,0.71197729
1253220,0.71197728
1253280,0.71197728
1253340,0.71197728
1253400,0.71197728
1253460,0.71197728
1253520,0.71197728
1253580,0.71197728
1253640,0.71197728
1253700,0.71197728
1253760,0.71197728
1253820,0.71197728
1253880,0.71197728
1253940,0.71197728
1254000,0.71197728
1254060,0.71197728
1254120,0.71197728
1254180,0.71197728
1254240,0.71197728
1254300,0.71197728
1254360,0.71197728
1254420,0.71197728
1254480,0.71197728
1254540,0.71197728
1254600,0.71197728
1254660,0.71197728
1254720,0.71197728
1254780,0.71197728
1254840,0.71197727
1254900,0.71197727
1254960,0.71197727
1255020,0.71197727
1255080,0.71197727
1255140,0.71197727
1255200,0.71197727
1255260,0.71197727
1255320,0.71197727
1255380,0.71197727
1255440,0.71197727
1255500,0.71197727
1255560,0.71197727
1255620,0.71197727
1255680,0.71197727
1255740,0.71197727
1255800,0.71197727
1255860,0.71197727
1255920,0.71197726
1255980,0.71197726
1256040,0.71197726
1256100,0.71197726
1256160,0.71197726
1256220,0.71197726
1256280,0.71197726
1256340,0.71197726
1256400,0.71197726
1256460,0.71197726
1256520,0.71197726
1256580,0.71197726
1256640,0.71197726
1256700,0.71197726
1256760,0.71197726
1256820,0.71197726
1256880,0.71197726
1256940,0.71197726
1257000,0.71197726
1257060,0.71197726
1257120,0.71197726
1257180,0.71197726
1257240,0.71197726
1257300,0.71197726
1257360,0.71197726
1257420,0.71197726
1257480,0.71197726
1257540,0.71197726
1257600,0.71197726
1257660,0.71197726
1257720,0.71197726
1257780,0.71197726
1257840,0.71197726
1257900,0.71197726
1257960,0.71197726
1258020,0.71197726
1258080,0.71197726
1258140,0.71197726
1258200,0.71197726
1258260,0.71197726
1258320,0.71197726
1258380,0.71197726
1258440,0.71197726
1258500,0.71197726
1258560,0.71197726
1258620,0.71197726
1258680,0.71197726
1258740,0.71197726
1258800,0.71197726
1258860,0.71197726
1258920,0.71197726
1258980,0.71197468
1259040,0.71197468
1259100,0.71197468
1259160,0.71197468
1259220,0.71197468
1259280,0.71197468
1259340,0.71197468
1259400,0.71197468
1259460,0.71197468
1259520,0.71197468
1259580,0.71197468
1259640,0.71197468
1259700,0.71197468
1259760,0.71197468
1259820,0.71197468
1259880,0.71197468
1259940,0.71197468
1260000,0.71197468
1260060,0.71197468
1260120,0.71197468
1260180,0.71197468
1260240,0.71197468
1260300,0.71197468
1260360,0.71197468
1260420,0.71197468
1260480,0.71197468
1260540,0.71197468
1260600,0.71197468
1260660,0.71197468
1260720,0.71197468
1260780,0.71197468
1260840,0.71197468
1260900,0.71197468
1260960,0.71197468
1261020,0.71197468
1261080,0.71197468
1261140,0.71197468
1261200,0.71197468
1261260,0.71197468
1261320,0.71197468
1261380,0.71197468
1261440,0.71197468
1261500,0.71197468
1261560,0.71197468
1261620,0.71197468
1261680,0.71197468
1261740,0.71197468
1261800,0.71197468
1261860,0.71197468
1261920,0.71197468
1261980,0.71197468
1262040,0.71197468
1262100,0.71197468
1262160,0.71197468
1262220,0.71197468
1262280,0.71197468
1262340,0.71197468
1262400,0.71197468
1262460,0.71197468
1262520,0.71197468
1262580,0.71197468
1262640,0.71197468
1262700,0.71197468
1262760,0.71197468
1262820,0.71197468
1262880,0.71197468
1262940,0.71197468
1263000,0.71197468
1263060,0.71197468
1263120,0.71197468
1263180,0.71197468
1263240,0.71197468
1263300,0.71197468
1263360,0.71197468
1263420,0.71197468
1263480,0.71197468
1263540,0.71197468
1263600,0.71197468
1263660,0.71197468
1263720,0.71197468
1263780,0.71197468
1263840,0.71197468
1263900,0.71197468
1263960,0.71197468
1264020,0.71197468
1264080,0.71197468
1264140,0.71197468
1264200,0.71197468
1264260,0.71197468
1264320,0.71197468
1264380,0.71197468
1264440,0.71197468
1264500,0.71197468
1264560,0.71197468
1264620,0.71197468
1264680,0.71197468
1264740,0.71197468
1264800,0.71197468
1264860,0.71197468
1264920,0.71197468
1264980,0.71197468
1265040,0.71197468
1265100,0.71197468
1265160,0.71197468
1265220,0.71197468
1265280,0.71197468
1265340,0.71197468
1265400,0.71197468
1265460,0.71197468
1265520,0.71197468
1265580,0.71197468
1265640,0.71197468
1265700,0.71197468
1265760,0.71197468
1265820,0.71197468
1265880,0.71197468
1265940,0.71197468
1266000,0.71197468
1266060,0.71197468
1266120,0.71197468
1266180,0.71197468
1266240,0.71197468
1266300,0.71197468
1266360,0.71197468
1266420,0.71197468
1266480,0.71197468
1266540,0.71197468
1266600,0.71197468
1266660,0.71197468
1266720,0.71197468
1266780,0.71197468
1266840,0.71197468
1266900,0.71197468
1266960,0.71197468
1267020,0.71197468
1267080,0.71197468
1267140,0.71197468
1267200,0.71197468
1267260,0.71197468
1267320,0.71197468
1267380,0.71197468
1267440,0.71197468
1267500,0.71197468
1267560,0.71197468
1267620,0.71197468
1267680,0.71197468
1267740,0.71197468
1267800,0.71197468
1267860,0.71197468
1267920,0.71197468
1267980,0.71197468
1268040,0.71197468
1268100,0.71197468
1268160,0.71197468
1268220,0.71197468
1268280,0.71197468
1268340,0.71197468
1268400,0.71197468
1268460,0.71197468
1268520,0.71197468
1268580,0.71197468
1268640,0.71197468
1268700,0.71197468
1268760,0.71197468
1268820,0.71197468
1268880,0.71197468
1268940,0.71197468
1269000,0.71197468
1269060,0.71197468
1269120,0.71197468
1269180,0.71197468
1269240,0.71197468
1269300,0.71197468
1269360,0.71197468
1269420,0.71197468
1269480,0.71197468
1269540,0.71197468
1269600,0.71197468
1269660,0.71197468
1269720,0.71197468
1269780,0.71197468
1269840,0.71197468
1269900,0.71197468
1269960,0.71197468
1270020,0.71197468
1270080,0.71197468
1270140,0.71197468
1270200,0.71197468
1270260,0.71197468
1270320,0.71197468
1270380,0.71197468
1270440,0.71197468
1270500,0.71197468
1270560,0.71197468
1270620,0.71197468
1270680,0.71197468
1270740,0.71197468
1270800,0.71197468
1270860,0.71197468
1270920,0.71197468
1270980,0.71197468
1271040,0.71197468
1271100,0.71197468
1271160,0.71197468
1271220,0.71197468
1271280,0.71197468
1271340,0.71197468
1271400,0.71197468
1271460,0.71197468
1271520,0.71197468
1271580,0.71197468
1271640,0.71197468
1271700,0.71197468
1271760,0.71197468
1271820,0.71197468
1271880,0.71197468
1271940,0.71197468
1272000,0.71197468
1272060,0.71197468
1272120,0.71197468
1272180,0.71197468
1272240,0.71197468
1272300,0.71197468
1272360,0.71197468
1272420,0.71197468
1272480,0.71197468
1272540,0.71197468
1272600,0.71197468
1272660,0.71197468
1272720,0.71197468
1272780,0.71197468
1272840,0.71197468
1272900,0.71197468
1272960,0.71197468
1273020,0.71197468
1273080,0.71197468
1273140,0.71197468
1273200,0.71197468
1273260,0.71197468
1273320,0.71197468
1273380,0.71197468
1273440,0.71197468
1273500,0.71197468
1273560,0.71197468
1273620,0.71197468
1273680,0.71197468
1273740,0.71197468
1273800,0.71197468
1273860,0.71197468
1273920,0.71197468
1273980,0.71197468
1274040,0.71197468
1274100,0.71197468
1274160,0.71197468
1274220,0.71197468
1274280,0.71197468
1274340,0.71197468
1274400,0.71197468
1274460,0.71197468
1274520,0.71197468
1274580,0.71197468
1274640,0.71197468
1274700,0.71197468
1274760,0.71197468
1274820,0.71197468
1274880,0.71197468
1274940,0.71197468
1275000,0.71197468
1275060,0.71197468
1275120,0.71197468
1275180,0.71197468
1275240,0.71197468
1275300,0.71197468
1275360,0.71197468
1275420,0.71197468
1275480,0.71197468
1275540,0.71197468
1275600,0.71197468
1275660,0.71197468
1275720,0.71197468
1275780,0.71197468
1275840,0.71197468
1275900,0.71197468
1275960,0.71197468
1276020,0.71197468
1276080,0.71197468
1276140,0.71197468
1276200,0.71197468
1276260,0.71197468
1276320,0.71197468
1276380,0.71197468
1276440,0.71197468
1276500,0.71197468
1276560,0.71197468
1276620,0.71197468
1276680,0.71197468
1276740,0.71197468
1276800,0.71197468
1276860,0.71197468
1276920,0.71197468
1276980,0.71197468
1277040,0.71197468
1277100,0.71197468
1277160,0.71197468
1277220,0.71197468
1277280,0.71197468
1277340,0.71197468
1277400,0.71197468
1277460,0.71197468
1277520,0.71197468
1277580,0.71197468
1277640,0.71197468
1277700,0.71197468
1277760,0.71197468
1277820,0.71197468
1277880,0.71197468
1277940,0.71197468
1278000,0.71197468
1278060,0.71197468
1278120,0.71197468
1278180,0.71197468
1278240,0.71197468
1278300,0.71197468
1278360,0.71197468
1278420,0.71197468
1278480,0.71197468
1278540,0.71197468
1278600,0.71197468
1278660,0.71197468
1278720,0.71197468
1278780,0.71197468
1278840,0.71197468
1278900,0.71197468
1278960,0.71197468
1279020,0.71197468
1279080,0.71197468
1279140,0.71197468
1279200,0.71197468
1279260,0.71197468
1279320,0.71197468
1279380,0.71197468
1279440,0.71197468
1279500,0.71197468
1279560,0.71197468
1279620,0.71197468
1279680,0.71197468
1279740,0.71197468
1279800,0.71197468
1279860,0.71197468
1279920,0.71197468
1279980,0.71197468
1280040,0.71197468
1280100,0.71197468
1280160,0.71197468
1280220,0.71197468
1280280,0.71197468
1280340,0.71197468
1280400,0.71197468
1280460,0.71197468
1280520,0.71197468
1280580,0.71197468
1280640,0.71197468
1280700,0.71197468
1280760,0.71197468
1280820,0.71197468
1280880,0.71197468
1280940,0.71197468
1281000,0.71197468
1281060,0.71197468
1281120,0.71197468
1281180,0.71197468
1281240,0.71197468
1281300,0.71197468
1281360,0.71197468
1281420,0.71197468
1281480,0.71197468
1281540,0.71197468
1281600,0.71197468
1281660,0.71197468
1281720,0.71197468
1281780,0.71197468
1281840,0.71197468
1281900,0.71197468
1281960,0.71197468
1282020,0.71197468
1282080,0.71197468
1282140,0.71197468
1282200,0.71197468
1282260,0.71197468
1282320,0.71197468
1282380,0.71197468
1282440,0.71197468
1282500,0.71197468
1282560,0.71197468
1282620,0.71197468
1282680,0.71197468
1282740,0.71197468
1282800,0.71197468
1282860,0.71197468
1282920,0.71197468
1282980,0.71197468
1283040,0.71197468
1283100,0.71197468
1283160,0.71197468
1283220,0.71197468
1283280,0.71197468
1283340,0.71197468
1283400,0.71197468
1283460,0.71197468
1283520,0.71197445
1283580,0.71197445
1283640,0.71197445
1283700,0.71197445
1283760,0.71197445
1283820,0.71197445
1283880,0.71197445
1283940,0.71197445
1284000,0.71197445
1284060,0.71197445
1284120,0.71197445
1284180,0.71197445
1284240,0.71197445
1284300,0.71197445
1284360,0.71197445
1284420,0.71197445
1284480,0.71197445
1284540,0.71197445
1284600,0.71197445
1284660,0.71197445
1284720,0.71197445
1284780,0.71197445
1284840,0.71197445
1284900,0.71197445
1284960,0.71197445
1285020,0.71197445
1285080,0.71197445
1285140,0.71197445
1285200,0.71197445
1285260,0.71197445
1285320,0.71197445
1285380,0.71197445
1285440,0.71197445
1285500,0.71197445
1285560,0.71197445
1285620,0.71197445
1285680,0.71197445
1285740,0.71197445
1285800,0.71197445
1285860,0.71197445
1285920,0.71197445
1285980,0.71197445
1286040,0.71197445
1286100,0.71197445
1286160,0.71197445
1286220,0.71197445
1286280,0.71197445
1286340,0.71197445
1286400,0.71197445
1286460,0.71197445
1286520,0.71197445
1286580,0.71197445
1286640,0.71197445
1286700,0.71197445
1286760,0.71197445
1286820,0.71197445
1286880,0.71197445
1286940,0.71197445
1287000,0.71197445
1287060,0.71197445
1287120,0.71197445
1287180,0.71197445
1287240,0.71197445
1287300,0.71197445
1287360,0.71197445
1287420,0.71197445
1287480,0.71197445
1287540,0.71197445
1287600,0.71197445
1287660,0.71197445
1287720,0.71197445
1287780,0.71197445
1287840,0.71197445
1287900,0.71197445
1287960,0.71197445
1288020,0.71197445
1288080,0.71197445
1288140,0.71197445
1288200,0.71197445
1288260,0.71197445
1288320,0.71197445
1288380,0.71197445
1288440,0.71197445
1288500,0.71197445
1288560,0.71197445
1288620,0.71197445
1288680,0.71197445
1288740,0.71197445
1288800,0.71197445
1288860,0.71197445
1288920,0.71197445
1288980,0.71197445
1289040,0.71197445
1289100,0.71197445
1289160,0.71197445
1289220,0.71197445
1289280,0.71197445
1289340,0.71197445
1289400,0.71197445
1289460,0.71197445
1289520,0.71197445
1289580,0.71197445
1289640,0.71197445
1289700,0.71197445
1289760,0.71197445
1289820,0.71197445
1289880,0.71197445
1289940,0.71197445
1290000,0.71197445
1290060,0.71197445
1290120,0.71197445
1290180,0.71197445
1290240,0.71197445
1290300,0.71197445
1290360,0.71197445
1290420,0.71197445
1290480,0.71197445
1290540,0.71197445
1290600,0.71197445
1290660,0.71197445
1290720,0.71197445
1290780,0.71197445
1290840,0.71197445
1290900,0.71197445
1290960,0.71197445
1291020,0.71197445
1291080,0.71197445
1291140,0.71197445
1291200,0.71197445
1291260,0.71197445
1291320,0.71197445
1291380,0.71197445
1291440,0.71197445
1291500,0.71197445
1291560,0.71197445
1291620,0.71197445
1291680,0.71197445
1291740,0.71197445
1291800,0.71197445
1291860,0.71197445
1291920,0.71197445
1291980,0.71197445
1292040,0.71197445
1292100,0.71197445
1292160,0.71197445
1292220,0.71197445
1292280,0.71197445
1292340,0.71197445
1292400,0.71197445
1292460,0.71197445
1292520,0.71197445
1292580,0.71197445
1292640,0.71197445
1292700,0.71197445
1292760,0.71197445
1292820,0.71197445
1292880,0.71197445
1292940,0.71197445
1293000,0.71197445
1293060,0.71197445
1293120,0.71197444
1293180,0.71197444
1293240,0.71197444
1293300,0.71197444
1293360,0.71197444
1293420,0.71197444
1293480,0.71197444
1293540,0.71197444
1293600,0.71197444
1293660,0.71197444
1293720,0.71197444
1293780,0.71197444
1293840,0.71197444
1293900,0.71197444
1293960,0.71197444
1294020,0.71197444
1294080,0.71197444
1294140,0.71197444
1294200,0.71197444
1294260,0.71197444
1294320,0.71197444
1294380,0.71197444
1294440,0.71197444
1294500,0.71197444
1294560,0.71197444
1294620,0.71197444
1294680,0.71197444
1294740,0.71197444
1294800,0.71197444
1294860,0.71197444
1294920,0.71197444
1294980,0.71197444
1295040,0.71197444
1295100,0.71197444
1295160,0.71197444
1295220,0.71197444
1295280,0.71197444
1295340,0.71197444
1295400,0.71197444
1295460,0.71197444
1295520,0.71197444
1295580,0.71197444
1295640,0.71197444
1295700,0.71197444
1295760,0.71197444
1295820,0.71197444
1295880,0.71197444
1295940,0.71197444
1296000,0.71197444
1296060,0.71197444
1296120,0.71197444
1296180,0.71197444
1296240,0.71197444
1296300,0.71197444
1296360,0.71197444
1296420,0.71197444
1296480,0.71197444
1296540,0.71197444
1296600,0.71197444
1296660,0.71197444
1296720,0.71197444
1296780,0.71197444
1296840,0.71197444
1296900,0.71197444
1296960,0.71197444
1297020,0.71197444
1297080,0.71197444
1297140,0.71197444
1297200,0.71197444
1297260,0.71197444
1297320,0.71197444
1297380,0.71197444
1297440,0.71197444
1297500,0.71197444
1297560,0.71197444
1297620,0.71197444
1297680,0.71197444
1297740,0.71197444
1297800,0.71197444
1297860,0.71197444
1297920,0.71197444
1297980,0.71197444
1298040,0.71197444
1298100,0.71197444
1298160,0.71197444
1298220,0.71197444
1298280,0.71197444
1298340,0.71197444
1298400,0.71197444
1298460,0.71197444
1298520,0.71197444
1298580,0.71197444
1298640,0.71197444
1298700,0.71197444
1298760,0.71197444
1298820,0.71197444
1298880,0.71197444
1298940,0.71197444
1299000,0.71197444
1299060,0.71197444
1299120,0.71197444
1299180,0.71197444
1299240,0.71197444
1299300,0.71197444
1299360,0.71197444
1299420,0.71197444
1299480,0.71197444
1299540,0.71197444
1299600,0.71197444
1299660,0.71197444
1299720,0.71197444
1299780,0.71197444
1299840,0.71197444
1299900,0.71197444
1299960,0.71197444
1300020,0.71197444
1300080,0.71197444
1300140,0.71197444
1300200,0.71197444
1300260,0.71197444
1300320,0.71197444
1300380,0.71197444
1300440,0.71197444
1300500,0.71197444
1300560,0.71197444
1300620,0.71197444
1300680,0.71197444
1300740,0.71197444
1300800,0.71197444
1300860,0.71197444
1300920,0.71197444
1300980,0.71197444
1301040,0.71197444
1301100,0.71197444
1301160,0.71197444
1301220,0.71197444
1301280,0.71197444
1301340,0.71197444
1301400,0.71197444
1301460,0.71197444
1301520,0.71197444
1301580,0.71197444
1301640,0.71197444
1301700,0.71197444
1301760,0.71197444
1301820,0.71197444
1301880,0.71197444
1301940,0.71197444
1302000,0.71197444
1302060,0.71197444
1302120,0.71197444
1302180,0.71197444
1302240,0.71197444
1302300,0.71197444
1302360,0.71197293
1302420,0.71196392
1302480,0.71195635
1302540,0.71195436
1302600,0.71195436
1302660,0.71195436
1302720,0.71195436
1302780,0.71195436
1302840,0.71195436
1302900,0.71195436
1302960,0.71195436
1303020,0.71195436
1303080,0.71195436
1303140,0.71195436
1303200,0.71195436
1303260,0.71195436
1303320,0.71195436
1303380,0.71195436
1303440,0.71195436
1303500,0.71195436
1303560,0.71195436
1303620,0.71195436
1303680,0.71195436
1303740,0.71195436
1303800,0.71195436
1303860,0.71195436
1303920,0.71195436
1303980,0.71195436
1304040,0.71195436
1304100,0.71195436
1304160,0.71195436
1304220,0.71195436
1304280,0.71195436
1304340,0.71195436
1304400,0.71195436
1304460,0.71195436
1304520,0.71195436
1304580,0.71195436
1304640,0.71195436
1304700,0.71195436
1304760,0.71195436
1304820,0.71195436
1304880,0.71195436
1304940,0.71195436
1305000,0.71195436
1305060,0.71195436
1305120,0.71195436
1305180,0.71195436
1305240,0.71195436
1305300,0.71195436
1305360,0.71195436
1305420,0.71195436
1305480,0.71195436
1305540,0.71195436
1305600,0.71195436
1305660,0.71195436
1305720,0.71195436
1305780,0.71195436
1305840,0.71195436
1305900,0.71195436
1305960,0.71195436
1306020,0.71195436
1306080,0.71195436
1306140,0.71195436
1306200,0.71195436
1306260,0.71195436
1306320,0.71195436
1306380,0.71195436
1306440,0.71195436
1306500,0.71195436
1306560,0.71195436
1306620,0.71195436
1306680,0.71195436
1306740,0.71195436
1306800,0.71195436
1306860,0.71195436
1306920,0.71195436
1306980,0.71195436
1307040,0.71195436
1307100,0.71195436
1307160,0.71195436
1307220,0.71195436
1307280,0.71195436
1307340,0.71195436
1307400,0.71195436
1307460,0.71195436
1307520,0.71195436
1307580,0.71195436
1307640,0.71195436
1307700,0.71195436
1307760,0.71195436
1307820,0.71195436
1307880,0.71195436
1307940,0.71195436
1308000,0.71195436
1308060,0.71195436
1308120,0.71195436
1308180,0.71195436
1308240,0.71195436
1308300,0.71195436
1308360,0.71195436
1308420,0.71195436
1308480,0.71195436
1308540,0.71195436
1308600,0.71195436
1308660,0.71195436
1308720,0.71195436
1308780,0.71195436
1308840,0.71195436
1308900,0.71195436
1308960,0.71195436
1309020,0.71195436
1309080,0.71195436
1309140,0.71195436
1309200,0.71195436
1309260,0.71195436
1309320,0.71195436
1309380,0.71195436
1309440,0.71195436
1309500,0.71195436
1309560,0.71195436
1309620,0.71195436
1309680,0.71195436
1309740,0.71195436
1309800,0.71195436
1309860,0.71195436
1309920,0.71195436
1309980,0.71195436
1310040,0.71195436
1310100,0.71195436
1310160,0.71195436
1310220,0.71195436
1310280,0.71195436
1310340,0.71195436
1310400,0.71195436
1310460,0.71195432
1310520,0.71195432
1310580,0.71195432
1310640,0.71195432
1310700,0.71195432
1310760,0.71195432
1310820,0.71195432
1310880,0.71195432
1310940,0.71195432
1311000,0.71195432
1311060,0.71195432
1311120,0.71195432
1311180,0.71195432
1311240,0.71195432
1311300,0.71195432
1311360,0.71195432
1311420,0.71195432
1311480,0.71195432
1311540,0.71195432
1311600,0.71195432
1311660,0.71195432
1311720,0.71195432
1311780,0.71195432
1311840,0.71195432
1311900,0.71195432
1311960,0.71195432
1312020,0.71195432
1312080,0.71195432
1312140,0.71195432
1312200,0.71195432
1312260,0.71195432
1312320,0.71195432
1312380,0.71195432
1312440,0.71195432
1312500,0.71195432
1312560,0.71195432
1312620,0.71195432
1312680,0.71195432
1312740,0.71195432
1312800,0.71195432
1312860,0.71195432
1312920,0.71195432
1312980,0.71195432
1313040,0.71195432
1313100,0.71195432
1313160,0.71195432
1313220,0.71195432
1313280,0.71195432
1313340,0.71195432
1313400,0.71195432
1313460,0.71195432
1313520,0.71195432
1313580,0.71195432
1313640,0.71195432
1313700,0.71195432
1313760,0.71195432
1313820,0.71195432
1313880,0.71195432
1313940,0.71195432
1314000,0.71195432
1314060,0.71195432
1314120,0.71195432
1314180,0.71195432
1314240,0.71195432
1314300,0.71195432
1314360,0.71195432
1314420,0.71195432
1314480,0.71195432
1314540,0.71195432
1314600,0.71195432
1314660,0.71195432
1314720,0.71195432
1314780,0.71195432
1314840,0.71195432
1314900,0.71195432
1314960,0.71195432
1315020,0.71195432
1315080,0.71195432
1315140,0.71195432
1315200,0.71195432
1315260,0.71195432
1315320,0.71195432
1315380,0.71195432
1315440,0.71195432
1315500,0.71195432
1315560,0.71195432
1315620,0.71195432
1315680,0.71195432
1315740,0.71195432
1315800,0.71195432
1315860,0.71195432
1315920,0.71195432
1315980,0.71195432
1316040,0.71195432
1316100,0.71195432
1316160,0.71195432
1316220,0.71195432
1316280,0.71195432
1316340,0.71195432
1316400,0.71195432
1316460,0.71195432
1316520,0.71195432
1316580,0.71195432
1316640,0.71195432
1316700,0.71195432
1316760,0.71195432
1316820,0.71195432
1316880,0.71195432
1316940,0.71195432
1317000,0.71195432
1317060,0.71195432
1317120,0.71195432
1317180,0.71195432
1317240,0.71195432
1317300,0.71195432
1317360,0.71195432
1317420,0.71195432
1317480,0.71195432
1317540,0.71195432
1317600,0.71195432
1317660,0.71195432
1317720,0.71195432
1317780,0.71195432
1317840,0.71195432
1317900,0.71195432
1317960,0.71195432
1318020,0.71195432
1318080,0.71195432
1318140,0.71195432
1318200,0.71195432
1318260,0.71195432
1318320,0.71195432
1318380,0.71195432
1318440,0.71195432
1318500,0.71195432
1318560,0.71195432
1318620,0.71195432
1318680,0.71195432
1318740,0.71195432
1318800,0.71195432
1318860,0.71195432
1318920,0.71195432
1318980,0.71195432
1319040,0.71195432
1319100,0.71195432
1319160,0.71195432
1319220,0.71195432
1319280,0.71195432
1319340,0.71195432
1319400,0.71195432
1319460,0.71195432
1319520,0.71195432
1319580,0.71195432
1319640,0.71195432
1319700,0.71195432
1319760,0.71195432
1319820,0.71195432
1319880,0.71195432
1319940,0.71195432
1320000,0.71195432
1320060,0.71195432
1320120,0.71195432
1320180,0.71195432
1320240,0.71195432
1320300,0.71195432
1320360,0.71195432
1320420,0.71195432
1320480,0.71195432
1320540,0.71195432
1320600,0.71195432
1320660,0.71195432
1320720,0.71195432
1320780,0.71195432
1320840,0.71195432
1320900,0.71195432
1320960,0.71195432
1321020,0.71195432
1321080,0.71195432
1321140,0.71195432
1321200,0.71195432
1321260,0.71195432
1321320,0.71195432
1321380,0.71195432
1321440,0.71195432
1321500,0.71195432
1321560,0.71195432
1321620,0.71195432
1321680,0.71195432
1321740,0.71195432
1321800,0.71195432
1321860,0.71195432
1321920,0.71195432
1321980,0.71195432
1322040,0.71195432
1322100,0.71195432
1322160,0.71195432
1322220,0.71195432
1322280,0.71195432
1322340,0.71195432
1322400,0.71195432
1322460,0.71195432
1322520,0.71195432
1322580,0.71195432
1322640,0.71195432
1322700,0.71195432
1322760,0.71195432
1322820,0.71195432
1322880,0.71195432
1322940,0.71195432
1323000,0.71195432
1323060,0.71195432
1323120,0.71195432
1323180,0.71195432
1323240,0.71195432
1323300,0.71195432
1323360,0.71195432
1323420,0.71195432
1323480,0.71195432
1323540,0.71195432
1323600,0.71195432
1323660,0.71195432
1323720,0.71195432
1323780,0.71195432
1323840,0.71195432
1323900,0.71195432
1323960,0.71195432
1324020,0.71195432
1324080,0.71195432
1324140,0.71195432
1324200,0.71195432
1324260,0.71195432
1324320,0.71195432
1324380,0.71195432
1324440,0.71195432
1324500,0.71195432
1324560,0.71195432
1324620,0.71195432
1324680,0.71195432
1324740,0.71195432
1324800,0.71195432
1324860,0.71195432
1324920,0.71195432
1324980,0.71195432
1325040,0.71195432
1325100,0.71195432
1325160,0.71195432
1325220,0.71195432
1325280,0.71195432
1325340,0.71195432
1325400,0.71195432
1325460,0.71195432
1325520,0.71195432
1325580,0.71195432
1325640,0.71195432
1325700,0.71195432
1325760,0.71195432
1325820,0.71195432
1325880,0.71195432
1325940,0.71195432
1326000,0.71195432
1326060,0.71195432
1326120,0.71195432
1326180,0.71195432
1326240,0.71195432
1326300,0.71195432
1326360,0.71195432
1326420,0.71195432
1326480,0.71195432
1326540,0.71195432
1326600,0.71195432
1326660,0.71195432
1326720,0.71195432
1326780,0.71195432
1326840,0.71195432
1326900,0.71195432
1326960,0.71195432
1327020,0.71195432
1327080,0.71195432
1327140,0.71195432
1327200,0.71195432
1327260,0.71195432
1327320,0.71195432
1327380,0.71195432
1327440,0.71195432
1327500,0.71195432
1327560,0.71195432
1327620,0.71195432
1327680,0.71195432
1327740,0.71195432
1327800,0.71195432
1327860,0.71195432
1327920,0.71195432
1327980,0.71195432
1328040,0.71195432
1328100,0.71195432
1328160,0.71195432
1328220,0.71195432
1328280,0.71195432
1328340,0.71195432
1328400,0.71195432
1328460,0.71195432
1328520,0.71195432
1328580,0.71195432
1328640,0.71195432
1328700,0.71195432
1328760,0.71195432
1328820,0.71195432
1328880,0.71195432
1328940,0.71195432
1329000,0.71195432
1329060,0.71195432
1329120,0.71195432
1329180,0.71195432
1329240,0.71195432
1329300,0.71195432
1329360,0.71195432
1329420,0.71195432
1329480,0.71195432
1329540,0.71195432
1329600,0.71195432
1329660,0.71195432
1329720,0.71195432
1329780,0.71195432
1329840,0.71195432
1329900,0.71195432
1329960,0.71195432
1330020,0.71195432
1330080,0.71195432
1330140,0.71195432
1330200,0.71195432
1330260,0.71195432
1330320,0.71195432
1330380,0.71195432
1330440,0.71195432
1330500,0.71195432
1330560,0.71195432
1330620,0.71195432
1330680,0.71195432
1330740,0.71195432
1330800,0.71195432
1330860,0.71195432
1330920,0.71195432
1330980,0.71195432
1331040,0.71195432
1331100,0.71195432
1331160,0.71195432
1331220,0.71195432
1331280,0.71195432
1331340,0.71195432
1331400,0.71195432
1331460,0.71195432
1331520,0.71195432
1331580,0.71195432
1331640,0.71195432
1331700,0.71195432
1331760,0.71195432
1331820,0.71195432
1331880,0.71195432
1331940,0.71195432
1332000,0.71195432
1332060,0.71195432
1332120,0.71195432
1332180,0.71195432
1332240,0.71195432
1332300,0.71195432
1332360,0.71195432
1332420,0.71195432
1332480,0.71195432
1332540,0.71195432
1332600,0.71195432
1332660,0.71195432
1332720,0.71195432
1332780,0.71195432
1332840,0.71195432
1332900,0.71195432
1332960,0.71195432
1333020,0.71195432
1333080,0.71195432
1333140,0.71195432
1333200,0.71195432
1333260,0.71195432
1333320,0.71195432
1333380,0.71195432
1333440,0.71195432
1333500,0.71195432
1333560,0.71195432
1333620,0.71195432
1333680,0.71195432
1333740,0.71195432
1333800,0.71195432
1333860,0.71195432
1333920,0.71195432
1333980,0.71195432
1334040,0.71195432
1334100,0.71195432
1334160,0.71195432
1334220,0.71195432
1334280,0.71195432
1334340,0.71195432
1334400,0.71195432
1334460,0.71195432
1334520,0.71195432
1334580,0.71195432
1334640,0.71195432
1334700,0.71195432
1334760,0.71195432
1334820,0.71195432
1334880,0.71195432
1334940,0.71195432
1335000,0.71195432
1335060,0.71195432
1335120,0.71195432
1335180,0.71195432
1335240,0.71195432
1335300,0.71195432
1335360,0.71195432
1335420,0.71195432
1335480,0.71195432
1335540,0.71195432
1335600,0.71195432
1335660,0.71195432
1335720,0.71195432
1335780,0.71195432
1335840,0.71195432
1335900,0.71195432
1335960,0.71195432
1336020,0.71195432
1336080,0.71195432
1336140,0.71195432
1336200,0.71195432
1336260,0.71195432
1336320,0.71195432
1336380,0.71195432
1336440,0.71195432
1336500,0.71195432
1336560,0.71195432
1336620,0.71195432
1336680,0.71195432
1336740,0.71195432
1336800,0.71195432
1336860,0.71195432
1336920,0.71195432
1336980,0.71195432
1337040,0.71195432
1337100,0.71195432
1337160,0.71195432
1337220,0.71195432
1337280,0.71195432
1337340,0.71195432
1337400,0.71195432
1337460,0.71195432
1337520,0.71195432
1337580,0.71195432
1337640,0.71195432
1337700,0.71195432
1337760,0.71195432
1337820,0.71195432
1337880,0.71195432
1337940,0.71195432
1338000,0.71195432
1338060,0.71195432
1338120,0.71195432
1338180,0.71195432
1338240,0.71195432
1338300,0.71195432
1338360,0.71195432
1338420,0.71195432
1338480,0.71195432
1338540,0.71195432
1338600,0.71195432
1338660,0.71195432
1338720,0.71195432
1338780,0.71195432
1338840,0.71195432
1338900,0.71195432
1338960,0.71195432
1339020,0.71195432
1339080,0.71195432
1339140,0.71195432
1339200,0.71195432
1339260,0.71195432
1339320,0.71195432
1339380,0.71195432
1339440,0.71195432
1339500,0.71195432
1339560,0.71195432
1339620,0.71195432
1339680,0.71195432
1339740,0.71195432
1339800,0.71195432
1339860,0.71195432
1339920,0.71195432
1339980,0.71195432
1340040,0.71195432
1340100,0.71195432
1340160,0.71195432
1340220,0.71195432
1340280,0.71195432
1340340,0.71195432
1340400,0.71195432
1340460,0.71195432
1340520,0.71195432
1340580,0.71195432
1340640,0.71195432
1340700,0.71195432
1340760,0.71195432
1340820,0.71195432
1340880,0.71195432
1340940,0.71195432
1341000,0.71195432
1341060,0.71195432
1341120,0.71195432
1341180,0.71195432
1341240,0.71195432
1341300,0.71195432
1341360,0.71195432
1341420,0.71195432
1341480,0.71195432
1341540,0.71195432
1341600,0.71195432
1341660,0.71195432
1341720,0.71195432
1341780,0.71195432
1341840,0.71195432
1341900,0.71195432
1341960,0.71195432
1342020,0.71195432
1342080,0.71195432
1342140,0.71195432
1342200,0.71195432
1342260,0.71195432
1342320,0.71195432
1342380,0.71195432
1342440,0.71195432
1342500,0.71195432
1342560,0.71195432
1342620,0.71195432
1342680,0.71195432
1342740,0.71195432
1342800,0.71195432
1342860,0.71195432
1342920,0.71195432
1342980,0.71195432
1343040,0.71195432
1343100,0.71195432
1343160,0.71195432
1343220,0.71195432
1343280,0.71195432
1343340,0.71195432
1343400,0.71195432
1343460,0.71195432
1343520,0.71195432
1343580,0.71195432
1343640,0.71195432
1343700,0.71195432
1343760,0.71195432
1343820,0.71195432
1343880,0.71195432
1343940,0.71195432
1344000,0.71195432
1344060,0.71195432
1344120,0.71195432
1344180,0.71195432
1344240,0.71195432
1344300,0.71195432
1344360,0.71195432
1344420,0.71195432
1344480,0.71195432
1344540,0.71195432
1344600,0.71195432
1344660,0.71195432
1344720,0.71195432
1344780,0.71195432
1344840,0.71195432
1344900,0.71195432
1344960,0.71195432
1345020,0.71195432
1345080,0.71195432
1345140,0.71195432
1345200,0.71195432
1345260,0.71195432
1345320,0.71195432
1345380,0.71195432
1345440,0.71195432
1345500,0.71195432
1345560,0.71195432
1345620,0.71195432
1345680,0.71195432
1345740,0.71195432
1345800,0.71195432
1345860,0.71195432
1345920,0.71195432
1345980,0.71195432
1346040,0.71195432
1346100,0.71195432
1346160,0.71195432
1346220,0.71195432
1346280,0.71195432
1346340,0.71195432
1346400,0.71195432
1346460,0.71195432
1346520,0.71195432
1346580,0.71195432
1346640,0.71195432
1346700,0.71195432
1346760,0.71195432
1346820,0.71195432
1346880,0.71195432
1346940,0.71195432
1347000,0.71195432
1347060,0.71195432
1347120,0.71195432
1347180,0.71195432
1347240,0.71195432
1347300,0.71195432
1347360,0.71195432
1347420,0.71195432
1347480,0.71195432
1347540,0.71195432
1347600,0.71195432
1347660,0.71195432
1347720,0.71195432
1347780,0.71195432
1347840,0.71195432
1347900,0.71195432
1347960,0.71195432
1348020,0.71195432
1348080,0.71195432
1348140,0.71195431
1348200,0.71195431
1348260,0.71195431
1348320,0.71195431
1348380,0.71195431
1348440,0.71195431
1348500,0.71195431
1348560,0.71195431
1348620,0.71195431
1348680,0.71195431
1348740,0.71195431
1348800,0.71195428
1348860,0.71195428
1348920,0.71195428
1348980,0.71195428
1349040,0.71195428
1349100,0.71195428
1349160,0.71195428
1349220,0.71195411
1349280,0.71195411
1349340,0.71195411
1349400,0.71195411
1349460,0.71195411
1349520,0.71195411
1349580,0.71195411
1349640,0.71195411
1349700,0.71195411
1349760,0.71195411
1349820,0.71195411
1349880,0.71195411
1349940,0.71195411
1350000,0.71195411
1350060,0.71195411
1350120,0.71195411
1350180,0.71195411
1350240,0.71195411
1350300,0.71195411
1350360,0.71195411
1350420,0.71195411
1350480,0.71195411
1350540,0.71195411
1350600,0.71195411
1350660,0.71195411
1350720,0.71195411
1350780,0.71195411
1350840,0.71195411
1350900,0.71195411
1350960,0.71195411
1351020,0.71195411
1351080,0.71195411
1351140,0.71195411
1351200,0.71195411
1351260,0.71195411
1351320,0.71195411
1351380,0.71195411
1351440,0.71195411
1351500,0.71195411
1351560,0.71195411
1351620,0.71195411
1351680,0.71195411
1351740,0.71195411
1351800,0.71195411
1351860,0.71195411
1351920,0.71195411
1351980,0.71195411
1352040,0.71195411
1352100,0.71195411
1352160,0.71195411
1352220,0.71195411
1352280,0.71195411
1352340,0.71195411
1352400,0.71195411
1352460,0.71195411
1352520,0.71195411
1352580,0.71195411
1352640,0.71195411
1352700,0.71195411
1352760,0.71195411
1352820,0.71195411
1352880,0.71195411
1352940,0.71195411
1353000,0.71195411
1353060,0.71195411
1353120,0.71195411
1353180,0.71195411
1353240,0.71195411
1353300,0.71195411
1353360,0.71195411
1353420,0.71195411
1353480,0.71195411
1353540,0.71195411
1353600,0.71195411
1353660,0.71195411
1353720,0.71195411
1353780,0.71195411
1353840,0.71195411
1353900,0.71195411
1353960,0.71195411
1354020,0.71195411
1354080,0.71195411
1354140,0.71195404
1354200,0.71195404
1354260,0.71195404
1354320,0.71195404
1354380,0.71195404
1354440,0.71195404
1354500,0.71195404
1354560,0.71195404
1354620,0.71195404
1354680,0.71195404
1354740,0.71195404
1354800,0.71195404
1354860,0.71195404
1354920,0.71195404
1354980,0.71195404
1355040,0.71195404
1355100,0.71195404
1355160,0.71195404
1355220,0.71195404
1355280,0.71195404
1355340,0.71195404
1355400,0.71195404
1355460,0.71195404
1355520,0.71195404
1355580,0.71195404
1355640,0.71195404
1355700,0.71195404
1355760,0.71195404
1355820,0.71195404
1355880,0.71195404
1355940,0.71195404
1356000,0.71195404
1356060,0.71195404
1356120,0.71195404
1356180,0.71195404
1356240,0.71195404
1356300,0.71195404
1356360,0.71195404
1356420,0.71195404
1356480,0.71195404
1356540,0.71195404
1356600,0.71195404
1356660,0.71195404
1356720,0.71195404
1356780,0.71195404
1356840,0.71195404
1356900,0.71195404
1356960,0.71195404
1357020,0.71195404
1357080,0.71195404
1357140,0.71195404
1357200,0.71195404
1357260,0.71195404
1357320,0.71195404
1357380,0.71195404
1357440,0.71195404
1357500,0.71195404
1357560,0.71195404
1357620,0.71195404
1357680,0.71195404
1357740,0.71195404
1357800,0.71195404
1357860,0.71195404
1357920,0.71195404
1357980,0.71195404
1358040,0.71195404
1358100,0.71195404
1358160,0.71195404
1358220,0.71195404
1358280,0.71195404
1358340,0.71195404
1358400,0.71195404
1358460,0.71195404
1358520,0.71195404
1358580,0.71195404
1358640,0.71195404
1358700,0.71195404
1358760,0.71195404
1358820,0.71195404
1358880,0.71195404
1358940,0.71195404
1359000,0.71195404
1359060,0.71195404
1359120,0.71195404
1359180,0.71195404
1359240,0.71195404
1359300,0.71195404
1359360,0.71195404
1359420,0.71195404
1359480,0.71195404
1359540,0.71195404
1359600,0.71195404
1359660,0.71195404
1359720,0.71195404
1359780,0.71195404
1359840,0.71195404
1359900,0.71195404
1359960,0.71195404
1360020,0.71195404
1360080,0.71195404
1360140,0.71195404
1360200,0.71195404
1360260,0.71195404
1360320,0.71195404
1360380,0.71195404
1360440,0.71195404
1360500,0.71195404
1360560,0.71195404
1360620,0.71195404
1360680,0.71195404
1360740,0.71195404
1360800,0.71195404
1360860,0.71195404
1360920,0.71195404
1360980,0.71195404
1361040,0.71195404
1361100,0.71195404
1361160,0.71195404
1361220,0.71195404
1361280,0.71195404
1361340,0.71195404
1361400,0.71195404
1361460,0.71195404
1361520,0.71195404
1361580,0.71195404
1361640,0.71195404
1361700,0.71195404
1361760,0.71195404
1361820,0.71195404
1361880,0.71195404
1361940,0.71195404
1362000,0.71195404
1362060,0.71195404
1362120,0.71195404
1362180,0.71195404
1362240,0.71195404
1362300,0.71195404
1362360,0.71195404
1362420,0.71195404
1362480,0.71195404
1362540,0.71195404
1362600,0.71195404
1362660,0.71195404
1362720,0.71195404
1362780,0.71195404
1362840,0.71195404
1362900,0.71195404
1362960,0.71195404
1363020,0.71195404
1363080,0.71195404
1363140,0.71195404
1363200,0.71195404
1363260,0.71195404
1363320,0.71195404
1363380,0.71195404
1363440,0.71195404
1363500,0.71195404
1363560,0.71195404
1363620,0.71195404
1363680,0.71195404
1363740,0.71195404
1363800,0.71195404
1363860,0.71195404
1363920,0.71195404
1363980,0.71195404
1364040,0.71195404
1364100,0.71195404
1364160,0.71195404
1364220,0.71195404
1364280,0.71195404
1364340,0.71195404
1364400,0.71195404
1364460,0.71195404
1364520,0.71195404
1364580,0.71195404
1364640,0.71195404
1364700,0.71195404
1364760,0.71195404
1364820,0.71195404
1364880,0.71195404
1364940,0.71195404
1365000,0.71195404
1365060,0.71195404
1365120,0.71195404
1365180,0.71195404
1365240,0.71195404
1365300,0.71195404
1365360,0.71195404
1365420,0.71195404
1365480,0.71195404
1365540,0.71195404
1365600,0.71195404
1365660,0.71195404
1365720,0.71195404
1365780,0.71195404
1365840,0.71195404
1365900,0.71195404
1365960,0.71195404
1366020,0.71195404
1366080,0.71195404
1366140,0.71195404
1366200,0.71195404
1366260,0.71195404
1366320,0.71195404
1366380,0.71195404
1366440,0.71195404
1366500,0.71195404
1366560,0.71195404
1366620,0.71195404
1366680,0.71195404
1366740,0.71195404
1366800,0.71195404
1366860,0.71195404
1366920,0.71195404
1366980,0.71195404
1367040,0.71195404
1367100,0.71195404
1367160,0.71195404
1367220,0.71195404
1367280,0.71195404
1367340,0.71195404
1367400,0.71195404
1367460,0.71195404
1367520,0.71195404
1367580,0.71195404
1367640,0.71195404
1367700,0.71195404
1367760,0.71195404
1367820,0.71195404
1367880,0.71195404
1367940,0.71195404
1368000,0.71195404
1368060,0.71195404
1368120,0.71195404
1368180,0.71195404
1368240,0.71195404
1368300,0.71195404
1368360,0.71195388
1368420,0.71195329
1368480,0.71195329
1368540,0.71195329
1368600,0.71195329
1368660,0.71195329
1368720,0.71195329
1368780,0.71195329
1368840,0.71195329
1368900,0.71195329
1368960,0.71195329
1369020,0.71195329
1369080,0.71195329
1369140,0.71195329
1369200,0.71195329
1369260,0.71195329
1369320,0.71195329
1369380,0.71195329
1369440,0.71195329
1369500,0.71195329
1369560,0.71195329
1369620,0.71195329
1369680,0.71195329
1369740,0.71195329
1369800,0.71195329
1369860,0.71195329
1369920,0.71195329
1369980,0.71195329
1370040,0.71195329
1370100,0.71195329
1370160,0.71195329
1370220,0.71195329
1370280,0.71195329
1370340,0.71195329
1370400,0.71195329
1370460,0.71195329
1370520,0.71195329
1370580,0.71195329
1370640,0.71195329
1370700,0.71195329
1370760,0.71195329
1370820,0.71195329
1370880,0.71195329
1370940,0.71195329
1371000,0.71195329
1371060,0.71195329
1371120,0.71195329
1371180,0.71195329
1371240,0.71195329
1371300,0.71195329
1371360,0.71195329
1371420,0.71195329
1371480,0.71195329
1371540,0.71195329
1371600,0.71195329
1371660,0.71195329
1371720,0.71195329
1371780,0.71195329
1371840,0.71195329
1371900,0.71195329
1371960,0.71195329
1372020,0.71195329
1372080,0.71195329
1372140,0.71195329
1372200,0.71195329
1372260,0.71195329
1372320,0.71195329
1372380,0.71195329
1372440,0.71195329
1372500,0.71195329
1372560,0.71195329
1372620,0.71195329
1372680,0.71195329
1372740,0.71195329
1372800,0.71195329
1372860,0.71195329
1372920,0.71195329
1372980,0.71195329
1373040,0.71195329
1373100,0.71195329
1373160,0.71195329
1373220,0.71195329
1373280,0.71195329
1373340,0.71195329
1373400,0.71195329
1373460,0.71195329
1373520,0.71195329
1373580,0.71195329
1373640,0.71195329
1373700,0.71195329
1373760,0.71195329
1373820,0.71195329
1373880,0.71195329
1373940,0.71195329
1374000,0.71195329
1374060,0.71195329
1374120,0.71195329
1374180,0.71195329
1374240,0.71195329
1374300,0.71195329
1374360,0.71195329
1374420,0.71195329
1374480,0.71195329
1374540,0.71195329
1374600,0.71195329
1374660,0.71195329
1374720,0.71195329
1374780,0.71195329
1374840,0.71195329
1374900,0.71195329
1374960,0.71195329
1375020,0.71195329
1375080,0.71195329
1375140,0.71195329
1375200,0.71195329
1375260,0.71195329
1375320,0.71195329
1375380,0.71195329
1375440,0.71195329
1375500,0.71195329
1375560,0.71195329
1375620,0.71195329
1375680,0.71195329
1375740,0.71195329
1375800,0.71195329
1375860,0.71195329
1375920,0.71195329
1375980,0.71195329
1376040,0.71195329
1376100,0.71195329
1376160,0.71195329
1376220,0.71195329
1376280,0.71195329
1376340,0.71195329
1376400,0.71195329
1376460,0.71195329
1376520,0.71195329
1376580,0.71195329
1376640,0.71195329
1376700,0.71195329
1376760,0.71195329
1376820,0.71195329
1376880,0.71195329
1376940,0.71195329
1377000,0.71195329
1377060,0.71195329
1377120,0.71195328
1377180,0.71195328
1377240,0.71195328
1377300,0.71195328
1377360,0.71195328
1377420,0.71195328
1377480,0.71195328
1377540,0.71195328
1377600,0.71195328
1377660,0.71195328
1377720,0.71195328
1377780,0.71195328
1377840,0.71195328
1377900,0.71195328
1377960,0.71195328
1378020,0.71195328
1378080,0.71195328
1378140,0.71195328
1378200,0.71195328
1378260,0.71195328
1378320,0.71195328
1378380,0.71195328
1378440,0.71195328
1378500,0.71195328
1378560,0.71195328
1378620,0.71195328
1378680,0.71195328
1378740,0.71195328
1378800,0.71195328
1378860,0.71195328
1378920,0.71195328
1378980,0.71195328
1379040,0.71195328
1379100,0.71195328
1379160,0.71195328
1379220,0.71195328
1379280,0.71195328
1379340,0.71195328
1379400,0.71195328
1379460,0.71195328
1379520,0.71194429
1379580,0.71193065
1379640,0.71190636
1379700,0.71190636
1379760,0.71190636
1379820,0.71190636
1379880,0.71190636
1379940,0.71190636
1380000,0.71190636
1380060,0.71190636
1380120,0.71190636
1380180,0.71190636
1380240,0.71190636
1380300,0.71190636
1380360,0.71190636
1380420,0.71190636
1380480,0.71190636
1380540,0.71190636
1380600,0.71190636
1380660,0.71190636
1380720,0.71190636
1380780,0.71190636
1380840,0.71190636
1380900,0.71190636
1380960,0.71190636
1381020,0.71190636
1381080,0.71190636
1381140,0.71190636
1381200,0.71190636
1381260,0.71190636
1381320,0.71190636
1381380,0.71190636
1381440,0.71190636
1381500,0.71190636
1381560,0.71190636
1381620,0.71190636
1381680,0.71190636
1381740,0.71190636
1381800,0.71190636
1381860,0.71190636
1381920,0.71190636
1381980,0.71190636
1382040,0.71190636
1382100,0.71190636
1382160,0.71190636
1382220,0.71190636
1382280,0.71190636
1382340,0.71190636
1382400,0.71190636
1382460,0.71190636
1382520,0.71190636
1382580,0.71190636
1382640,0.71190636
1382700,0.71190636
1382760,0.71190636
1382820,0.71190636
1382880,0.71190636
1382940,0.71190636
1383000,0.71190636
1383060,0.71190636
1383120,0.71190636
1383180,0.71190636
1383240,0.71190636
1383300,0.71190636
1383360,0.71190636
1383420,0.71190636
1383480,0.71190636
1383540,0.71190636
1383600,0.71190636
1383660,0.71190636
1383720,0.71190636
1383780,0.71190636
1383840,0.71190636
1383900,0.71190636
1383960,0.71190636
1384020,0.71190636
1384080,0.71190636
1384140,0.71190636
1384200,0.71190636
1384260,0.71190636
1384320,0.71190636
1384380,0.71190636
1384440,0.71190636
1384500,0.71190636
1384560,0.71190636
1384620,0.71190636
1384680,0.71190636
1384740,0.71190636
1384800,0.71190636
1384860,0.71190636
1384920,0.71190636
1384980,0.71190636
1385040,0.71190636
1385100,0.71190636
1385160,0.71190636
1385220,0.71190636
1385280,0.71190636
1385340,0.71190636
1385400,0.71190636
1385460,0.71190636
1385520,0.71190636
1385580,0.71190636
1385640,0.71190636
1385700,0.71190636
1385760,0.71190636
1385820,0.71190636
1385880,0.71190636
1385940,0.71190636
1386000,0.71190636
1386060,0.71190636
1386120,0.71190636
1386180,0.71190636
1386240,0.71190636
1386300,0.71190636
1386360,0.71190636
1386420,0.71190636
1386480,0.71190636
1386540,0.71190636
1386600,0.71190636
1386660,0.71190636
1386720,0.71190636
1386780,0.71190636
1386840,0.71190636
1386900,0.71190636
1386960,0.71190636
1387020,0.71190636
1387080,0.71190636
1387140,0.71190636
1387200,0.71190636
1387260,0.71190636
1387320,0.71190636
1387380,0.71190636
1387440,0.71190636
1387500,0.71190636
1387560,0.71190636
1387620,0.71190636
1387680,0.71190636
1387740,0.71190636
1387800,0.71190636
1387860,0.71190636
1387920,0.71190636
1387980,0.71190636
1388040,0.71190636
1388100,0.71190636
1388160,0.71190636
1388220,0.71190636
1388280,0.71190636
1388340,0.71190636
1388400,0.71190636
1388460,0.71190636
1388520,0.71190636
1388580,0.71190636
1388640,0.71190636
1388700,0.71190636
1388760,0.71190636
1388820,0.71190636
1388880,0.71190636
1388940,0.71190636
1389000,0.71190636
1389060,0.71190636
1389120,0.71190636
1389180,0.71190636
1389240,0.71190636
1389300,0.71190636
1389360,0.71190636
1389420,0.71190636
1389480,0.71190636
1389540,0.71190636
1389600,0.71190636
1389660,0.71190636
1389720,0.71190636
1389780,0.71190636
1389840,0.71190636
1389900,0.71190636
1389960,0.71190636
1390020,0.71190636
1390080,0.71190636
1390140,0.71190636
1390200,0.71190636
1390260,0.71190636
1390320,0.71190636
1390380,0.71190636
1390440,0.71190636
1390500,0.71190636
1390560,0.71190636
1390620,0.71190636
1390680,0.71190636
1390740,0.71190636
1390800,0.71190636
1390860,0.71190636
1390920,0.71190636
1390980,0.71190636
1391040,0.71190636
1391100,0.71190636
1391160,0.71190636
1391220,0.71190636
1391280,0.71190636
1391340,0.71190636
1391400,0.71190636
1391460,0.71190636
1391520,0.71190636
1391580,0.71190636
1391640,0.71190636
1391700,0.71190636
1391760,0.71190636
1391820,0.71190636
1391880,0.71190636
1391940,0.71190636
1392000,0.71190636
1392060,0.71190636
1392120,0.71190636
1392180,0.71190636
1392240,0.71190636
1392300,0.71190636
1392360,0.71190636
1392420,0.71190636
1392480,0.71190636
1392540,0.71190636
1392600,0.71190636
1392660,0.71190636
1392720,0.71190636
1392780,0.71190636
1392840,0.71190636
1392900,0.71190636
1392960,0.71190636
1393020,0.71190636
1393080,0.71190636
1393140,0.71190636
1393200,0.71190636
1393260,0.71190636
1393320,0.71190636
1393380,0.71190636
1393440,0.71190636
1393500,0.71190636
1393560,0.71190636
1393620,0.71190636
1393680,0.71190636
1393740,0.71190636
1393800,0.71190636
1393860,0.71190636
1393920,0.71190636
1393980,0.71190636
1394040,0.71190636
1394100,0.71190636
1394160,0.71190636
1394220,0.71190636
1394280,0.71190636
1394340,0.71190636
1394400,0.71190636
1394460,0.71190636
1394520,0.71190636
1394580,0.71190636
1394640,0.71190636
1394700,0.71190636
1394760,0.71190636
1394820,0.71190636
1394880,0.71190636
1394940,0.71190636
1395000,0.71190636
1395060,0.71190636
1395120,0.71190636
1395180,0.71190636
1395240,0.71190636
1395300,0.71190636
1395360,0.71190636
1395420,0.71190636
1395480,0.71190636
1395540,0.71190636
1395600,0.71190636
1395660,0.71190636
1395720,0.71190636
1395780,0.71190636
1395840,0.71190636
1395900,0.71190636
1395960,0.71190636
1396020,0.71190636
1396080,0.71190636
1396140,0.71190636
1396200,0.71190636
1396260,0.71190636
1396320,0.71190636
1396380,0.71190636
1396440,0.71190636
1396500,0.71190636
1396560,0.71190636
1396620,0.71190636
1396680,0.71190636
1396740,0.71190636
1396800,0.71190636
1396860,0.71190636
1396920,0.71190636
1396980,0.71190636
1397040,0.71190636
1397100,0.71190636
1397160,0.71190636
1397220,0.71190636
1397280,0.71190636
1397340,0.71190636
1397400,0.71190636
1397460,0.71190636
1397520,0.71190636
1397580,0.71190636
1397640,0.71190636
1397700,0.71190636
1397760,0.71190636
1397820,0.71190636
1397880,0.71190636
1397940,0.71190636
1398000,0.71190636
1398060,0.71190636
1398120,0.71190636
1398180,0.71190636
1398240,0.71190636
1398300,0.71190636
1398360,0.71190636
1398420,0.71190636
1398480,0.71190636
1398540,0.71190636
1398600,0.71190636
1398660,0.71190636
1398720,0.71190636
1398780,0.71190636
1398840,0.71190636
1398900,0.71190636
1398960,0.71190636
1399020,0.71190636
1399080,0.71190636
1399140,0.71190636
1399200,0.71190636
1399260,0.71190636
1399320,0.71190636
1399380,0.71190636
1399440,0.71190636
1399500,0.71190636
1399560,0.71190636
1399620,0.71190636
1399680,0.71190636
1399740,0.71190636
1399800,0.71190636
1399860,0.71190636
1399920,0.71190636
1399980,0.71190636
1400040,0.71190636
1400100,0.71190636
1400160,0.71190636
1400220,0.71190636
1400280,0.71190636
1400340,0.71190636
1400400,0.71190636
1400460,0.71190636
1400520,0.71190636
1400580,0.71190636
1400640,0.71190636
1400700,0.71190636
1400760,0.71190636
1400820,0.71190636
1400880,0.71190636
1400940,0.71190636
1401000,0.71190636
1401060,0.71190636
1401120,0.71190636
1401180,0.71190636
1401240,0.71190636
1401300,0.71190636
1401360,0.71190636
1401420,0.71190636
1401480,0.71190636
1401540,0.71190636
1401600,0.71190636
1401660,0.71190636
1401720,0.71190636
1401780,0.71190636
1401840,0.71190636
1401900,0.71190636
1401960,0.71190636
1402020,0.71190636
1402080,0.71190636
1402140,0.71190636
1402200,0.71190636
1402260,0.71190636
1402320,0.71190636
1402380,0.71190636
1402440,0.71190636
1402500,0.71190636
1402560,0.71190636
1402620,0.71190636
1402680,0.71190636
1402740,0.71190636
1402800,0.71190636
1402860,0.71190636
1402920,0.71190636
1402980,0.71190636
1403040,0.71190636
1403100,0.71190636
1403160,0.71190636
1403220,0.71190636
1403280,0.71190636
1403340,0.71190636
1403400,0.71190636
1403460,0.71190636
1403520,0.71190636
1403580,0.71190636
1403640,0.71190636
1403700,0.71190636
1403760,0.71190636
1403820,0.71190636
1403880,0.71190636
1403940,0.71190636
1404000,0.71190636
1404060,0.71190636
1404120,0.71190636
1404180,0.71190636
1404240,0.71190636
1404300,0.71190636
1404360,0.71190636
1404420,0.71190636
1404480,0.71190636
1404540,0.71190636
1404600,0.71190636
1404660,0.71190636
1404720,0.71190636
1404780,0.71190636
1404840,0.71190636
1404900,0.71190636
1404960,0.71190636
1405020,0.71190636
1405080,0.71190636
1405140,0.71190636
1405200,0.71190636
1405260,0.71190636
1405320,0.71190636
1405380,0.71190636
1405440,0.71190623
1405500,0.71190621
1405560,0.71190621
1405620,0.71190621
1405680,0.71190621
1405740,0.71190621
1405800,0.71190621
1405860,0.71190621
1405920,0.71190621
1405980,0.71190621
1406040,0.71190621
1406100,0.71190621
1406160,0.71190603
1406220,0.71190603
1406280,0.71190603
1406340,0.71190603
1406400,0.71190603
1406460,0.71190603
1406520,0.71190603
1406580,0.71190603
1406640,0.71190603
1406700,0.71190603
1406760,0.71190603
1406820,0.71190603
1406880,0.71190603
1406940,0.71190603
1407000,0.71190603
1407060,0.71190603
1407120,0.71190603
1407180,0.71190603
1407240,0.71190603
1407300,0.71190603
1407360,0.71190603
1407420,0.71190603
1407480,0.71190603
1407540,0.71190603
1407600,0.71190603
1407660,0.71190603
1407720,0.71190603
1407780,0.71190603
1407840,0.71190603
1407900,0.71190603
1407960,0.71190603
1408020,0.71190603
1408080,0.71190603
1408140,0.71190603
1408200,0.71190603
1408260,0.71190603
1408320,0.71190603
1408380,0.71190603
1408440,0.71190603
1408500,0.71190603
1408560,0.71190603
1408620,0.71190603
1408680,0.71190603
1408740,0.71190603
1408800,0.71190603
1408860,0.71190603
1408920,0.71190603
1408980,0.71190603
1409040,0.71190603
1409100,0.71190603
1409160,0.71190603
1409220,0.71190603
1409280,0.71190603
1409340,0.71190603
1409400,0.71190603
1409460,0.71190603
1409520,0.71190603
1409580,0.71190603
1409640,0.71190603
1409700,0.71190603
1409760,0.71190603
1409820,0.71190603
1409880,0.71190603
1409940,0.71190603
1410000,0.71190603
1410060,0.71190603
1410120,0.71190603
1410180,0.71190603
1410240,0.71190603
1410300,0.71190603
1410360,0.71190603
1410420,0.71190603
1410480,0.71190603
1410540,0.71190603
1410600,0.71190603
1410660,0.71190603
1410720,0.71190603
1410780,0.71190603
1410840,0.71190603
1410900,0.71190603
1410960,0.71190603
1411020,0.71190603
1411080,0.71190603
1411140,0.71190603
1411200,0.71190603
1411260,0.71190603
1411320,0.71190603
1411380,0.71190603
1411440,0.71190603
1411500,0.71190603
1411560,0.71190603
1411620,0.71190603
1411680,0.71190603
1411740,0.71190603
1411800,0.71190603
1411860,0.71190603
1411920,0.71190603
1411980,0.71190603
1412040,0.71190603
1412100,0.71190383
1412160,0.71190383
1412220,0.71190383
1412280,0.71190383
1412340,0.71190383
1412400,0.71190383
1412460,0.71190383
1412520,0.71190383
1412580,0.71190383
1412640,0.71190383
1412700,0.71190383
1412760,0.71190383
1412820,0.71190383
1412880,0.71190383
1412940,0.71190383
1413000,0.71190383
1413060,0.71190383
1413120,0.71190383
1413180,0.71190383
1413240,0.71190383
1413300,0.71190383
1413360,0.71190383
1413420,0.71190383
1413480,0.71190383
1413540,0.71190383
1413600,0.71190383
1413660,0.71190383
1413720,0.71190383
1413780,0.71190383
1413840,0.71190383
1413900,0.71190383
1413960,0.71190383
1414020,0.71190383
1414080,0.71190383
1414140,0.71190383
1414200,0.71190383
1414260,0.71190383
1414320,0.71190383
1414380,0.71190383
1414440,0.71190383
1414500,0.71190383
1414560,0.71190383
1414620,0.71190383
1414680,0.71190383
1414740,0.71190383
1414800,0.71190383
1414860,0.71190383
1414920,0.71190383
1414980,0.71190383
1415040,0.71190383
1415100,0.71190383
1415160,0.71190383
1415220,0.71190383
1415280,0.71190383
1415340,0.71190383
1415400,0.71190383
1415460,0.71190383
1415520,0.71190383
1415580,0.71190383
1415640,0.71190383
1415700,0.71190383
1415760,0.71190383
1415820,0.71190383
1415880,0.71190383
1415940,0.71190383
1416000,0.71190383
1416060,0.71190383
1416120,0.71190383
1416180,0.71190383
1416240,0.71190383
1416300,0.71190383
1416360,0.71190383
1416420,0.71190383
1416480,0.71190383
1416540,0.71190383
1416600,0.71190383
1416660,0.71190383
1416720,0.71190383
1416780,0.71190383
1416840,0.71190383
1416900,0.71190383
1416960,0.71190383
1417020,0.71190383
1417080,0.71190383
1417140,0.71190383
1417200,0.71190383
1417260,0.71190383
1417320,0.71190383
1417380,0.71190383
1417440,0.71190383
1417500,0.71190383
1417560,0.71190383
1417620,0.71190383
1417680,0.71190383
1417740,0.71190383
1417800,0.71190383
1417860,0.71190383
1417920,0.71190383
1417980,0.71190383
1418040,0.71190383
1418100,0.71190383
1418160,0.71190383
1418220,0.71190383
1418280,0.71190383
1418340,0.71190383
1418400,0.71190383
1418460,0.71190383
1418520,0.71190383
1418580,0.71190383
1418640,0.71190383
1418700,0.71190383
1418760,0.71190383
1418820,0.71190383
1418880,0.71190383
1418940,0.71190383
1419000,0.71190383
1419060,0.71190383
1419120,0.71190383
1419180,0.71190383
1419240,0.71190383
1419300,0.71190383
1419360,0.71190383
1419420,0.71190383
1419480,0.71190383
1419540,0.71190383
1419600,0.71190383
1419660,0.71190383
1419720,0.71190383
1419780,0.71190383
1419840,0.71190383
1419900,0.71190383
1419960,0.71190383
1420020,0.71190383
1420080,0.71190383
1420140,0.71190383
1420200,0.71190383
1420260,0.71190383
1420320,0.71190383
1420380,0.71190383
1420440,0.71190383
1420500,0.71190383
1420560,0.71190383
1420620,0.71190383
1420680,0.71190383
1420740,0.71190383
1420800,0.71190383
1420860,0.71190383
1420920,0.71190383
1420980,0.71190383
1421040,0.71190383
1421100,0.71190383
1421160,0.71190383
1421220,0.71190383
1421280,0.71190383
1421340,0.71190383
1421400,0.71190383
1421460,0.71190383
1421520,0.71190383
1421580,0.71190383
1421640,0.71190383
1421700,0.71190383
1421760,0.71190383
1421820,0.71190383
1421880,0.71190383
1421940,0.71190383
1422000,0.71190383
1422060,0.71190383
1422120,0.71190383
1422180,0.71190383
1422240,0.71190383
1422300,0.71190383
1422360,0.71190383
1422420,0.71190383
1422480,0.71190383
1422540,0.71190383
1422600,0.71190383
1422660,0.71190383
1422720,0.71190383
1422780,0.71190383
1422840,0.71190383
1422900,0.71190383
1422960,0.71190383
1423020,0.71190383
1423080,0.71190383
1423140,0.71190383
1423200,0.71190383
1423260,0.71190383
1423320,0.71190383
1423380,0.71190383
1423440,0.71190383
1423500,0.71190383
1423560,0.71190383
1423620,0.71190383
1423680,0.71190383
1423740,0.71190383
1423800,0.71190383
1423860,0.71190383
1423920,0.71190383
1423980,0.71190383
1424040,0.71190383
1424100,0.71190383
1424160,0.71190383
1424220,0.71190383
1424280,0.71190383
1424340,0.71190383
1424400,0.71190383
1424460,0.71190383
1424520,0.71190383
1424580,0.71190383
1424640,0.71190383
1424700,0.71190383
1424760,0.71190383
1424820,0.71190383
1424880,0.71190383
1424940,0.71190383
1425000,0.71190383
1425060,0.71190383
1425120,0.71190383
1425180,0.71190383
1425240,0.71190383
1425300,0.71190383
1425360,0.71190383
1425420,0.71190383
1425480,0.71190383
1425540,0.71190383
1425600,0.71190383
1425660,0.71190383
1425720,0.71190383
1425780,0.71190383
1425840,0.71190383
1425900,0.71190383
1425960,0.71190383
1426020,0.71190383
1426080,0.71190383
1426140,0.71190383
1426200,0.71190383
1426260,0.71190383
1426320,0.71190383
1426380,0.71190383
1426440,0.71190383
1426500,0.71190383
1426560,0.71190383
1426620,0.71190383
1426680,0.71190383
1426740,0.71190383
1426800,0.71190383
1426860,0.71190383
1426920,0.71190383
1426980,0.71190383
1427040,0.71190383
1427100,0.71190383
1427160,0.71190383
1427220,0.71190383
1427280,0.71190383
1427340,0.71190383
1427400,0.71190383
1427460,0.71190383
1427520,0.71190383
1427580,0.71190383
1427640,0.71190383
1427700,0.71190383
1427760,0.71190383
1427820,0.71190383
1427880,0.71190383
1427940,0.71190383
1428000,0.71190383
1428060,0.71190383
1428120,0.71190383
1428180,0.71190383
1428240,0.71190383
1428300,0.71190383
1428360,0.71190383
1428420,0.71190383
1428480,0.71190383
1428540,0.71190383
1428600,0.71190383
1428660,0.71190383
1428720,0.71190383
1428780,0.71190383
1428840,0.71190383
1428900,0.71190383
1428960,0.71190383
1429020,0.71190383
1429080,0.71190383
1429140,0.71190383
1429200,0.71190383
1429260,0.71190383
1429320,0.71190383
1429380,0.71190383
1429440,0.71190383
1429500,0.71190383
1429560,0.71190383
1429620,0.71190383
1429680,0.71190383
1429740,0.71190383
1429800,0.71190383
1429860,0.71190383
1429920,0.71190383
1429980,0.71190383
1430040,0.71190383
1430100,0.71190383
1430160,0.71190383
1430220,0.71190383
1430280,0.71190383
1430340,0.71190383
1430400,0.71190383
1430460,0.71190383
1430520,0.71190383
1430580,0.71190383
1430640,0.71190383
1430700,0.71190383
1430760,0.71190383
1430820,0.71190383
1430880,0.71190383
1430940,0.71190383
1431000,0.71190383
1431060,0.71190383
1431120,0.71190383
1431180,0.71190383
1431240,0.71190383
1431300,0.71190383
1431360,0.71190383
1431420,0.71190383
1431480,0.71190383
1431540,0.71190383
1431600,0.71190383
1431660,0.71190383
1431720,0.71190383
1431780,0.71190383
1431840,0.71190383
1431900,0.71190383
1431960,0.71190383
1432020,0.71190383
1432080,0.71190383
1432140,0.71190383
1432200,0.71190383
1432260,0.71190383
1432320,0.71190383
1432380,0.71190383
1432440,0.71190383
1432500,0.71190383
1432560,0.71190383
1432620,0.71190383
1432680,0.71190383
1432740,0.71190383
1432800,0.71190383
1432860,0.71190383
1432920,0.71190383
1432980,0.71190383
1433040,0.71190383
1433100,0.71190383
1433160,0.71190383
1433220,0.71190383
1433280,0.71190383
1433340,0.71190383
1433400,0.71190383
1433460,0.71190383
1433520,0.71190383
1433580,0.71190383
1433640,0.71190383
1433700,0.71190383
1433760,0.71190383
1433820,0.71190383
1433880,0.71190383
1433940,0.71190383
1434000,0.71190383
1434060,0.71190383
1434120,0.71190383
1434180,0.71190383
1434240,0.71190383
1434300,0.71190383
1434360,0.71190383
1434420,0.71190383
1434480,0.71190383
1434540,0.71190383
1434600,0.71190383
1434660,0.71190383
1434720,0.71190383
1434780,0.71190383
1434840,0.71190383
1434900,0.71190383
1434960,0.71190383
1435020,0.71190383
1435080,0.71190383
1435140,0.71190383
1435200,0.71190383
1435260,0.71190383
1435320,0.71190383
1435380,0.71190383
1435440,0.71190383
1435500,0.71190383
1435560,0.71190383
1435620,0.71190383
1435680,0.71190383
1435740,0.71190383
1435800,0.71190383
1435860,0.71190383
1435920,0.71190383
1435980,0.71190383
1436040,0.71190383
1436100,0.71190383
1436160,0.71190383
1436220,0.71190383
1436280,0.71190383
1436340,0.71190383
1436400,0.71190383
1436460,0.71190383
1436520,0.71190383
1436580,0.71190383
1436640,0.71190383
1436700,0.71190383
1436760,0.71190383
1436820,0.71190383
1436880,0.71190383
1436940,0.71190383
1437000,0.71190383
1437060,0.71190383
1437120,0.71190383
1437180,0.71190383
1437240,0.71190383
1437300,0.71190383
1437360,0.71190383
1437420,0.71190383
1437480,0.71190383
1437540,0.71190383
1437600,0.71190383
1437660,0.71190383
1437720,0.71190383
1437780,0.71190383
1437840,0.71190383
1437900,0.71190383
1437960,0.71190383
1438020,0.71190383
1438080,0.71190383
1438140,0.71190383
1438200,0.71190383
1438260,0.71190383
1438320,0.71190383
1438380,0.71190383
1438440,0.71190383
1438500,0.71190383
1438560,0.71190383
1438620,0.71190383
1438680,0.71190383
1438740,0.71190383
1438800,0.71190383
1438860,0.71190383
1438920,0.71190383
1438980,0.71190383
1439040,0.71190383
1439100,0.71190383
1439160,0.71190383
1439220,0.71190383
1439280,0.71190383
1439340,0.71190383
1439400,0.71190383
1439460,0.71190383
1439520,0.71190383
1439580,0.71190383
1439640,0.71190383
1439700,0.71190383
1439760,0.71190383
1439820,0.71190383
1439880,0.71190383
1439940,0.71190383
1440000,0.71190383
1440060,0.71190383
1440120,0.71190383
1440180,0.71190383
1440240,0.71190383
1440300,0.71190383
1440360,0.71190383
1440420,0.71190383
1440480,0.71190383
1440540,0.71190383
1440600,0.71190383
1440660,0.71190383
1440720,0.71190383
1440780,0.71190383
1440840,0.71190383
1440900,0.71190383
1440960,0.71190383
1441020,0.71190383
1441080,0.71190383
1441140,0.71190383
1441200,0.71190383
1441260,0.71190383
1441320,0.71190383
1441380,0.71190383
1441440,0.71190383
1441500,0.71190383
1441560,0.71190383
1441620,0.71190383
1441680,0.71190383
1441740,0.71190383
1441800,0.71190383
1441860,0.71190383
1441920,0.71190383
1441980,0.71190383
1442040,0.71190383
1442100,0.71190383
1442160,0.71190383
1442220,0.71190383
1442280,0.71190383
1442340,0.71190383
1442400,0.71190383
1442460,0.71190383
1442520,0.71190383
1442580,0.71190383
1442640,0.71190383
1442700,0.71190383
1442760,0.71190383
1442820,0.71190383
1442880,0.71190383
1442940,0.71190383
1443000,0.71190383
1443060,0.71190383
1443120,0.71190383
1443180,0.71190383
1443240,0.71190383
1443300,0.71190383
1443360,0.71190383
1443420,0.71190383
1443480,0.71190383
1443540,0.71190383
1443600,0.71190383
1443660,0.71190383
1443720,0.71190383
1443780,0.71190383
1443840,0.71190383
1443900,0.71190383
1443960,0.71190383
1444020,0.71190383
1444080,0.71190383
1444140,0.71190383
1444200,0.71190383
1444260,0.71190383
1444320,0.71190383
1444380,0.71190383
1444440,0.71190383
1444500,0.71190383
1444560,0.71190383
1444620,0.71190383
1444680,0.71190383
1444740,0.71190383
1444800,0.71190383
1444860,0.71190383
1444920,0.71190383
1444980,0.71190383
1445040,0.71190383
1445100,0.71190383
1445160,0.71190383
1445220,0.71190383
1445280,0.71190383
1445340,0.71190383
1445400,0.71190383
1445460,0.71190383
1445520,0.71190383
1445580,0.71190383
1445640,0.71190383
1445700,0.71190383
1445760,0.71190383
1445820,0.71190383
1445880,0.71190383
1445940,0.71190383
1446000,0.71190383
1446060,0.71190383
1446120,0.71190383
1446180,0.71190383
1446240,0.71190383
1446300,0.71190383
1446360,0.71190383
1446420,0.71190383
1446480,0.71190383
1446540,0.71190383
1446600,0.71190383
1446660,0.71190383
1446720,0.71190383
1446780,0.71190383
1446840,0.71190383
1446900,0.71190383
1446960,0.71190383
1447020,0.71190383
1447080,0.71190383
1447140,0.71190383
1447200,0.71190383
1447260,0.71190383
1447320,0.71190383
1447380,0.71190383
1447440,0.71190383
1447500,0.71190383
1447560,0.71190383
1447620,0.71190383
1447680,0.71190383
1447740,0.71190383
1447800,0.71190383
1447860,0.71190383
1447920,0.71190383
1447980,0.71190383
1448040,0.71190383
1448100,0.71190383
1448160,0.71190383
1448220,0.71190383
1448280,0.71190383
1448340,0.71190383
1448400,0.71190383
1448460,0.71190383
1448520,0.71190383
1448580,0.71190383
1448640,0.71190383
1448700,0.71190383
1448760,0.71190383
1448820,0.71190383
1448880,0.71190383
1448940,0.71190383
1449000,0.71190383
1449060,0.71190383
1449120,0.71190383
1449180,0.71190383
1449240,0.71190383
1449300,0.71190383
1449360,0.71190383
1449420,0.71190383
1449480,0.71190383
1449540,0.71190383
1449600,0.71190383
1449660,0.71190383
1449720,0.71190383
1449780,0.71190383
1449840,0.71190383
1449900,0.71190383
1449960,0.71190383
1450020,0.71190383
1450080,0.71190383
1450140,0.71190383
1450200,0.71190383
1450260,0.71190383
1450320,0.71190383
1450380,0.71190383
1450440,0.71190383
1450500,0.71190383
1450560,0.71190383
1450620,0.71190383
1450680,0.71190383
1450740,0.71190383
1450800,0.71190383
1450860,0.71190383
1450920,0.71190383
1450980,0.71190383
1451040,0.71190383
1451100,0.71190383
1451160,0.71190383
1451220,0.71190383
1451280,0.71190383
1451340,0.71190383
1451400,0.71190383
1451460,0.71190383
1451520,0.71190383
1451580,0.71190383
1451640,0.71190383
1451700,0.71190383
1451760,0.71190383
1451820,0.71190383
1451880,0.71190383
1451940,0.71190383
1452000,0.71190383
1452060,0.71190383
1452120,0.71190383
1452180,0.71190383
1452240,0.71190383
1452300,0.71190383
1452360,0.71190383
1452420,0.71190383
1452480,0.71190383
1452540,0.71190383
1452600,0.71190383
1452660,0.71190383
1452720,0.71190383
1452780,0.71190383
1452840,0.71190383
1452900,0.71190383
1452960,0.71190383
1453020,0.71190383
1453080,0.71190383
1453140,0.71190383
1453200,0.71190383
1453260,0.71190383
1453320,0.71190383
1453380,0.71190383
1453440,0.71190383
1453500,0.71190383
1453560,0.71190383
1453620,0.71190383
1453680,0.71190383
1453740,0.71190383
1453800,0.71190383
1453860,0.71190383
1453920,0.71190383
1453980,0.71190383
1454040,0.71190383
1454100,0.71190383
1454160,0.71190383
1454220,0.71190383
1454280,0.71190383
1454340,0.71190383
1454400,0.71190383
1454460,0.71190383
1454520,0.71190383
1454580,0.71190383
1454640,0.71190383
1454700,0.71190383
1454760,0.71190383
1454820,0.71190383
1454880,0.71190383
1454940,0.71190383
1455000,0.71190383
1455060,0.71190383
1455120,0.71190383
1455180,0.71190383
1455240,0.71190383
1455300,0.71190383
1455360,0.71190383
1455420,0.71190383
1455480,0.71190383
1455540,0.71190383
1455600,0.71190383
1455660,0.71190383
1455720,0.71190383
1455780,0.71190383
1455840,0.71190383
1455900,0.71190383
1455960,0.71190383
1456020,0.71190383
1456080,0.71190383
1456140,0.71190383
1456200,0.71190383
1456260,0.71190383
1456320,0.71190383
1456380,0.71190383
1456440,0.71190383
1456500,0.71190383
1456560,0.71190383
1456620,0.71190383
1456680,0.71190383
1456740,0.71190383
1456800,0.71190383
1456860,0.71190383
1456920,0.71190383
1456980,0.71190383
1457040,0.71190383
1457100,0.71190383
1457160,0.71190383
1457220,0.71190383
1457280,0.71190383
1457340,0.71190383
1457400,0.71190383
1457460,0.71190383
1457520,0.71190383
1457580,0.71190383
1457640,0.71190383
1457700,0.71190383
1457760,0.71190383
1457820,0.71190383
1457880,0.71190383
1457940,0.71190383
1458000,0.71190383
1458060,0.71190383
1458120,0.71190383
1458180,0.71190383
1458240,0.71190383
1458300,0.71190383
1458360,0.71190383
1458420,0.71190383
1458480,0.71190383
1458540,0.71190383
1458600,0.71190383
1458660,0.71190383
1458720,0.71190383
1458780,0.71190383
1458840,0.71190383
1458900,0.71190383
1458960,0.71190383
1459020,0.71190383
1459080,0.71190383
1459140,0.71190383
1459200,0.71190383
1459260,0.71190383
1459320,0.71190383
1459380,0.71190383
1459440,0.71190383
1459500,0.71190383
1459560,0.71190383
1459620,0.71190383
1459680,0.71190383
1459740,0.71190383
1459800,0.71190383
1459860,0.71190383
1459920,0.71190383
1459980,0.71190383
1460040,0.71190383
1460100,0.71190383
1460160,0.71190383
1460220,0.71190383
1460280,0.71190383
1460340,0.71190383
1460400,0.71190383
1460460,0.71190383
1460520,0.71190383
1460580,0.71190383
1460640,0.71190383
1460700,0.71190383
1460760,0.71190383
1460820,0.71190383
1460880,0.71190383
1460940,0.71190383
1461000,0.71190383
1461060,0.71190383
1461120,0.71190383
1461180,0.71190383
1461240,0.71190383
1461300,0.71190383
1461360,0.71190383
1461420,0.71190383
1461480,0.71190383
1461540,0.71190383
1461600,0.71190383
1461660,0.71190383
1461720,0.71190383
1461780,0.71190383
1461840,0.71190383
1461900,0.71190383
1461960,0.71190383
1462020,0.71190383
1462080,0.71190383
1462140,0.71190383
1462200,0.71190383
1462260,0.71190383
1462320,0.71190383
1462380,0.71190383
1462440,0.71190383
1462500,0.71190383
1462560,0.71190383
1462620,0.71190383
1462680,0.71190383
1462740,0.71190383
1462800,0.71190383
1462860,0.71190383
1462920,0.71190383
1462980,0.71190383
1463040,0.71190383
1463100,0.71190383
1463160,0.71190383
1463220,0.71190383
1463280,0.71190383
1463340,0.71190383
1463400,0.71190383
1463460,0.71190383
1463520,0.71190383
1463580,0.71190383
1463640,0.71190383
1463700,0.71190383
1463760,0.71190383
1463820,0.71190383
1463880,0.71190383
1463940,0.71190383
1464000,0.71190383
1464060,0.71190383
1464120,0.71190383
1464180,0.71190383
1464240,0.71190383
1464300,0.71190383
1464360,0.71190383
1464420,0.71190383
1464480,0.71190383
1464540,0.71190383
1464600,0.71190383
1464660,0.71190383
1464720,0.71190383
1464780,0.71190383
1464840,0.71190383
1464900,0.71190383
1464960,0.71190383
1465020,0.71190383
1465080,0.71190383
1465140,0.71190383
1465200,0.71190383
1465260,0.71190383
1465320,0.71190383
1465380,0.71190383
1465440,0.71190383
1465500,0.71190383
1465560,0.71190383
1465620,0.71190383
1465680,0.71190383
1465740,0.71190383
1465800,0.71190383
1465860,0.71190383
1465920,0.71190383
1465980,0.71190383
1466040,0.71190383
1466100,0.71190383
1466160,0.71190383
1466220,0.71190383
1466280,0.71190383
1466340,0.71190383
1466400,0.71190383
1466460,0.71190383
1466520,0.71190383
1466580,0.71190383
1466640,0.71190383
1466700,0.71190383
1466760,0.71190383
1466820,0.71190383
1466880,0.71190383
1466940,0.71190383
1467000,0.71190383
1467060,0.71190383
1467120,0.71190383
1467180,0.71190383
1467240,0.71190383
1467300,0.71190383
1467360,0.71190383
1467420,0.71190383
1467480,0.71190383
1467540,0.71190383
1467600,0.71190383
1467660,0.71190383
1467720,0.71190383
1467780,0.71190383
1467840,0.71190383
1467900,0.71190383
1467960,0.71190383
1468020,0.71190383
1468080,0.71190383
1468140,0.71190383
1468200,0.71190383
1468260,0.71190383
1468320,0.71190383
1468380,0.71190383
1468440,0.71190383
1468500,0.71190383
1468560,0.71190383
1468620,0.71190383
1468680,0.71190383
1468740,0.71190383
1468800,0.71190383
1468860,0.71190383
1468920,0.71190383
1468980,0.71190383
1469040,0.71190383
1469100,0.71190383
1469160,0.71190383
1469220,0.71190383
1469280,0.71190383
1469340,0.71190383
1469400,0.71190383
1469460,0.71190383
1469520,0.71190383
1469580,0.71190383
1469640,0.71190383
1469700,0.71190383
1469760,0.71190383
1469820,0.71190383
1469880,0.71190383
1469940,0.71190383
1470000,0.71190383
1470060,0.71190383
1470120,0.71190383
1470180,0.71190383
1470240,0.71190383
1470300,0.71190383
1470360,0.71190383
1470420,0.71190383
1470480,0.71190383
1470540,0.71190383
1470600,0.71190383
1470660,0.71190383
1470720,0.71190383
1470780,0.71190383
1470840,0.71190383
1470900,0.71190383
1470960,0.71190383
1471020,0.71190383
1471080,0.71190383
1471140,0.71190383
1471200,0.71190383
1471260,0.71190383
1471320,0.71190383
1471380,0.71190383
1471440,0.71190383
1471500,0.71190383
1471560,0.71190383
1471620,0.71190383
1471680,0.71190383
1471740,0.71190383
1471800,0.71190383
1471860,0.71190383
1471920,0.71190383
1471980,0.71190383
1472040,0.71190383
1472100,0.71190383
1472160,0.71190383
1472220,0.71190383
1472280,0.71190383
1472340,0.71190383
1472400,0.71190383
1472460,0.71190383
1472520,0.71190383
1472580,0.71190383
1472640,0.71190383
1472700,0.71190383
1472760,0.71190383
1472820,0.71190383
1472880,0.71190383
1472940,0.71190383
1473000,0.71190383
1473060,0.71190383
1473120,0.71190383
1473180,0.71190383
1473240,0.71190383
1473300,0.71190383
1473360,0.71190383
1473420,0.71190383
1473480,0.71190383
1473540,0.71190383
1473600,0.71190383
1473660,0.71190383
1473720,0.71190383
1473780,0.71190383
1473840,0.71190383
1473900,0.71190383
1473960,0.71190383
1474020,0.71190383
1474080,0.71190383
1474140,0.71190383
1474200,0.71190383
1474260,0.71190383
1474320,0.71190383
1474380,0.71190383
1474440,0.71190383
1474500,0.71190383
1474560,0.71190383
1474620,0.71190383
1474680,0.71190383
1474740,0.71190383
1474800,0.71190383
1474860,0.71190383
1474920,0.71190383
1474980,0.71190383
1475040,0.71190383
1475100,0.71190383
1475160,0.71190383
1475220,0.71190383
1475280,0.71190383
1475340,0.71190383
1475400,0.71190383
1475460,0.71190383
1475520,0.71190383
1475580,0.71190383
1475640,0.71190383
1475700,0.71190383
1475760,0.71190383
1475820,0.71190383
1475880,0.71190383
1475940,0.71190383
1476000,0.71190383
1476060,0.71190383
1476120,0.71190383
1476180,0.71190383
1476240,0.71190383
1476300,0.71190383
1476360,0.71190383
1476420,0.71190383
1476480,0.71190383
1476540,0.71190383
1476600,0.71190383
1476660,0.71190383
1476720,0.71190383
1476780,0.71190383
1476840,0.71190383
1476900,0.71190383
1476960,0.71190383
1477020,0.71190383
1477080,0.71190383
1477140,0.71190383
1477200,0.71190383
1477260,0.71190383
1477320,0.71190383
1477380,0.71190383
1477440,0.71190383
1477500,0.71190383
1477560,0.71190383
1477620,0.71190383
1477680,0.71190383
1477740,0.71190383
1477800,0.71190383
1477860,0.71190383
1477920,0.71190383
1477980,0.71190383
1478040,0.71190383
1478100,0.71190383
1478160,0.71190383
1478220,0.71190383
1478280,0.71190383
1478340,0.71190383
1478400,0.71190383
1478460,0.71190383
1478520,0.71190383
1478580,0.71190383
1478640,0.71190383
1478700,0.71190383
1478760,0.71190383
1478820,0.71190383
1478880,0.71190383
1478940,0.71190383
1479000,0.71190383
1479060,0.71190383
1479120,0.71190383
1479180,0.71190383
1479240,0.71190383
1479300,0.71190383
1479360,0.71190383
1479420,0.71190383
1479480,0.71190383
1479540,0.71190383
1479600,0.71190383
1479660,0.71190383
1479720,0.71190383
1479780,0.71190383
1479840,0.71190383
1479900,0.71190383
1479960,0.71190383
1480020,0.71190383
1480080,0.71190383
1480140,0.71190383
1480200,0.71190383
1480260,0.71190383
1480320,0.71190383
1480380,0.71190383
1480440,0.71190383
1480500,0.71190383
1480560,0.71190383
1480620,0.71190383
1480680,0.71190383
1480740,0.71190383
1480800,0.71190383
1480860,0.71190383
1480920,0.71190383
1480980,0.71190383
1481040,0.71190383
1481100,0.71190383
1481160,0.71190383
1481220,0.71190383
1481280,0.71190383
1481340,0.71190383
1481400,0.71190383
1481460,0.71190383
1481520,0.71190383
1481580,0.71190383
1481640,0.71190383
1481700,0.71190383
1481760,0.71190383
1481820,0.71190383
1481880,0.71190383
1481940,0.71190383
1482000,0.71190383
1482060,0.71190383
1482120,0.71190383
1482180,0.71190383
1482240,0.71190383
1482300,0.71190383
1482360,0.71190383
1482420,0.71190383
1482480,0.71190383
1482540,0.71190383
1482600,0.71190383
1482660,0.71190383
1482720,0.71190383
1482780,0.71190383
1482840,0.71190383
1482900,0.71190383
1482960,0.71190383
1483020,0.71190383
1483080,0.71190383
1483140,0.71190383
1483200,0.71190383
1483260,0.71190383
1483320,0.71190383
1483380,0.71190383
1483440,0.71190383
1483500,0.71190383
1483560,0.71190383
1483620,0.71190383
1483680,0.71190383
1483740,0.71190383
1483800,0.71190383
1483860,0.71190383
1483920,0.71190383
1483980,0.71190383
1484040,0.71190383
1484100,0.71190383
1484160,0.71190383
1484220,0.71190383
1484280,0.71190383
1484340,0.71190383
1484400,0.71190383
1484460,0.71190383
1484520,0.71190383
1484580,0.71190383
1484640,0.71190383
1484700,0.71190383
1484760,0.71190383
1484820,0.71190383
1484880,0.71190383
1484940,0.71190383
1485000,0.71190383
1485060,0.71190383
1485120,0.71190383
1485180,0.71190383
1485240,0.71190383
1485300,0.71190383
1485360,0.71190383
1485420,0.71190383
1485480,0.71190383
1485540,0.71190383
1485600,0.71190383
1485660,0.71190383
1485720,0.71190383
1485780,0.71190383
1485840,0.71190383
1485900,0.71190383
1485960,0.71190383
1486020,0.71190383
1486080,0.71190383
1486140,0.71190383
1486200,0.71190383
1486260,0.71190383
1486320,0.71190383
1486380,0.71190383
1486440,0.71190383
1486500,0.71190383
1486560,0.71190383
1486620,0.71190383
1486680,0.71190383
1486740,0.71190383
1486800,0.71190383
1486860,0.71190383
1486920,0.71190383
1486980,0.71190383
1487040,0.71190383
1487100,0.71190383
1487160,0.71190383
1487220,0.71190383
1487280,0.71190383
1487340,0.71190383
1487400,0.71190383
1487460,0.71190383
1487520,0.71190383
1487580,0.71190383
1487640,0.71190383
1487700,0.71190383
1487760,0.71190383
1487820,0.71190383
1487880,0.71190383
1487940,0.71190383
1488000,0.71190383
1488060,0.71190383
1488120,0.71190383
1488180,0.71190383
1488240,0.71190383
1488300,0.71190383
1488360,0.71190383
1488420,0.71190383
1488480,0.71190383
1488540,0.71190383
1488600,0.71190383
1488660,0.71190383
1488720,0.71190383
1488780,0.71190383
1488840,0.71190383
1488900,0.71190383
1488960,0.71190383
1489020,0.71190383
1489080,0.71190383
1489140,0.71190383
1489200,0.71190383
1489260,0.71190383
1489320,0.71190383
1489380,0.71190383
1489440,0.71190383
1489500,0.71190383
1489560,0.71190383
1489620,0.71190383
1489680,0.71190383
1489740,0.71190383
1489800,0.71190383
1489860,0.71190383
1489920,0.71190383
1489980,0.71190383
1490040,0.71190383
1490100,0.71190383
1490160,0.71190383
1490220,0.71190383
1490280,0.71190383
1490340,0.71190383
1490400,0.71190383
1490460,0.71190383
1490520,0.71190383
1490580,0.71190383
1490640,0.71190383
1490700,0.71190383
1490760,0.71190383
1490820,0.71190383
1490880,0.71190383
1490940,0.71190383
1491000,0.71190383
1491060,0.71190383
1491120,0.71190383
1491180,0.71190383
1491240,0.71190383
1491300,0.71190383
1491360,0.71190383
1491420,0.71190383
1491480,0.71190383
1491540,0.71190383
1491600,0.71190383
1491660,0.71190383
1491720,0.71190383
1491780,0.71190383
1491840,0.71190383
1491900,0.71190383
1491960,0.71190383
1492020,0.71190383
1492080,0.71190383
1492140,0.71190383
1492200,0.71190383
1492260,0.71190382
1492320,0.71190382
1492380,0.71190382
1492440,0.71190382
1492500,0.71190382
1492560,0.71190382
1492620,0.71190382
1492680,0.71190382
1492740,0.71190382
1492800,0.71190382
1492860,0.71190382
1492920,0.71190382
1492980,0.71190382
1493040,0.71190382
1493100,0.71190382
1493160,0.71190382
1493220,0.71190382
1493280,0.71190382
1493340,0.71190382
1493400,0.71190382
1493460,0.71190353
1493520,0.71190353
1493580,0.71190353
1493640,0.71190353
1493700,0.71190353
1493760,0.71190353
1493820,0.71190353
1493880,0.71190353
1493940,0.71190353
1494000,0.71190353
1494060,0.71190353
1494120,0.71190353
1494180,0.71190353
1494240,0.71190353
1494300,0.71190353
1494360,0.71190353
1494420,0.71190353
1494480,0.71190353
1494540,0.71190353
1494600,0.71190353
1494660,0.71190353
1494720,0.71190353
1494780,0.71190353
1494840,0.71190353
1494900,0.71190353
1494960,0.71190353
1495020,0.71190353
1495080,0.71190353
1495140,0.71190353
1495200,0.71190353
1495260,0.71190353
1495320,0.71190353
1495380,0.71190353
1495440,0.71190353
1495500,0.71190353
1495560,0.71190353
1495620,0.71190353
1495680,0.71190353
1495740,0.71190353
1495800,0.71190353
1495860,0.71190353
1495920,0.71190353
1495980,0.71190353
1496040,0.71190353
1496100,0.71190353
1496160,0.71190353
1496220,0.71190353
1496280,0.71190353
1496340,0.71190353
1496400,0.71190353
1496460,0.71190353
1496520,0.71190353
1496580,0.71190353
1496640,0.71190353
1496700,0.71190353
1496760,0.71190353
1496820,0.71190353
1496880,0.71190353
1496940,0.71190353
1497000,0.71190353
1497060,0.71190353
1497120,0.71190353
1497180,0.71190353
1497240,0.71190353
1497300,0.71190353
1497360,0.71190353
1497420,0.71190353
1497480,0.71190353
1497540,0.71190353
1497600,0.71190353
1497660,0.71190353
1497720,0.71190353
1497780,0.71190353
1497840,0.71190353
1497900,0.71190353
1497960,0.71190353
1498020,0.71190353
1498080,0.71190353
1498140,0.71190353
1498200,0.71190353
1498260,0.71190353
1498320,0.71190353
1498380,0.71190353
1498440,0.71190353
1498500,0.71190353
1498560,0.71190353
1498620,0.71190353
1498680,0.71190353
1498740,0.71190353
1498800,0.71190353
1498860,0.71190353
1498920,0.71190353
1498980,0.71190353
1499040,0.71190353
1499100,0.71190353
1499160,0.71190353
1499220,0.71190353
1499280,0.71190353
1499340,0.71190353
1499400,0.71190353
1499460,0.71190353
1499520,0.71190353
1499580,0.71190353
1499640,0.71190353
1499700,0.71190353
1499760,0.71190353
1499820,0.71190353
1499880,0.71190353
1499940,0.71190353
1500000,0.71190353
1500060,0.71190353
1500120,0.71190353
1500180,0.71190353
1500240,0.71190353
1500300,0.71190353
1500360,0.71190353
1500420,0.71190353
1500480,0.71190353
1500540,0.71190353
1500600,0.71190353
1500660,0.71190353
1500720,0.71190353
1500780,0.71190353
1500840,0.71190353
1500900,0.71190353
1500960,0.71190353
1501020,0.71190353
1501080,0.71190353
1501140,0.71190353
1501200,0.71190353
1501260,0.71190353
1501320,0.71190353
1501380,0.71190353
1501440,0.71190353
1501500,0.71190353
1501560,0.71190353
1501620,0.71190353
1501680,0.71190353
1501740,0.71190353
1501800,0.71190353
1501860,0.71190353
1501920,0.71190353
1501980,0.71190353
1502040,0.71190353
1502100,0.71190353
1502160,0.71190353
1502220,0.71190353
1502280,0.71190353
1502340,0.71190353
1502400,0.71190353
1502460,0.71190353
1502520,0.71190353
1502580,0.71190353
1502640,0.71190353
1502700,0.71190353
1502760,0.71190353
1502820,0.71190353
1502880,0.71190353
1502940,0.71190353
1503000,0.71190353
1503060,0.71190353
1503120,0.71190353
1503180,0.71190353
1503240,0.71190353
1503300,0.71190353
1503360,0.71190353
1503420,0.71190353
1503480,0.71190353
1503540,0.71190353
1503600,0.71190353
1503660,0.71190353
1503720,0.71190353
1503780,0.71190353
1503840,0.71190353
1503900,0.71190353
1503960,0.71190353
1504020,0.71190353
1504080,0.71190353
1504140,0.71190353
1504200,0.71190353
1504260,0.71190353
1504320,0.71190353
1504380,0.71190353
1504440,0.71190353
1504500,0.71190353
1504560,0.71190353
1504620,0.71190353
1504680,0.71190353
1504740,0.71190353
1504800,0.71190353
1504860,0.71190353
1504920,0.71190353
1504980,0.71190353
1505040,0.71190353
1505100,0.71190353
1505160,0.71190353
1505220,0.71190353
1505280,0.71190353
1505340,0.71190353
1505400,0.71190353
1505460,0.71190353
1505520,0.71190353
1505580,0.71190353
1505640,0.71190353
1505700,0.71190353
1505760,0.71190353
1505820,0.71190353
1505880,0.71190353
1505940,0.71190353
1506000,0.71190353
1506060,0.71190353
1506120,0.71190353
1506180,0.71190353
1506240,0.71190353
1506300,0.71190353
1506360,0.71190353
1506420,0.71190353
1506480,0.71190353
1506540,0.71190353
1506600,0.71190353
1506660,0.71190353
1506720,0.71190353
1506780,0.71190353
1506840,0.71190353
1506900,0.71190353
1506960,0.71190353
1507020,0.71190353
1507080,0.71190353
1507140,0.71190353
1507200,0.71190353
1507260,0.71190353
1507320,0.71190353
1507380,0.71190353
1507440,0.71190353
1507500,0.71190353
1507560,0.71190353
1507620,0.71190353
1507680,0.71190353
1507740,0.71190353
1507800,0.71190353
1507860,0.71190353
1507920,0.71190353
1507980,0.71190353
1508040,0.71190353
1508100,0.71190353
1508160,0.71190353
1508220,0.71190353
1508280,0.71190353
1508340,0.71190353
1508400,0.71190353
1508460,0.71190353
1508520,0.71190353
1508580,0.71190353
1508640,0.71190353
1508700,0.71190353
1508760,0.71190353
1508820,0.71190353
1508880,0.71190353
1508940,0.71190353
1509000,0.71190353
1509060,0.71190353
1509120,0.71190353
1509180,0.71190353
1509240,0.71190353
1509300,0.71190353
1509360,0.71190353
1509420,0.71190353
1509480,0.71190353
1509540,0.71190353
1509600,0.71190353
1509660,0.71190353
1509720,0.71190353
1509780,0.71190353
1509840,0.71190353
1509900,0.71190353
1509960,0.71190353
1510020,0.71190353
1510080,0.71190353
1510140,0.71190353
1510200,0.71190353
1510260,0.71190353
1510320,0.71190353
1510380,0.71190353
1510440,0.71190353
1510500,0.71190353
1510560,0.71190353
1510620,0.71190353
1510680,0.71190353
1510740,0.71190353
1510800,0.71190353
1510860,0.71190353
1510920,0.71190353
1510980,0.71190353
1511040,0.71190353
1511100,0.71190353
1511160,0.71190353
1511220,0.71190353
1511280,0.71190353
1511340,0.71190353
1511400,0.71190353
1511460,0.71190353
1511520,0.71190353
1511580,0.71190353
1511640,0.71190353
1511700,0.71190353
1511760,0.71190353
1511820,0.71190353
1511880,0.71190353
1511940,0.71190353
1512000,0.71190353
1512060,0.71190353
1512120,0.71190353
1512180,0.71190353
1512240,0.71190353
1512300,0.71190353
1512360,0.71190353
1512420,0.71190353
1512480,0.71190353
1512540,0.71190353
1512600,0.71190353
1512660,0.71190353
1512720,0.71190353
1512780,0.71190353
1512840,0.71190353
1512900,0.71190353
1512960,0.71190353
1513020,0.71190353
1513080,0.71190353
1513140,0.71190353
1513200,0.71190353
1513260,0.71190353
1513320,0.71190353
1513380,0.71190353
1513440,0.71190353
1513500,0.71190353
1513560,0.71190353
1513620,0.71190353
1513680,0.71190353
1513740,0.71190353
1513800,0.71190353
1513860,0.71190353
1513920,0.71190353
1513980,0.71190353
1514040,0.71190353
1514100,0.71190353
1514160,0.71190353
1514220,0.71190353
1514280,0.71190353
1514340,0.71190353
1514400,0.71190353
1514460,0.71190353
1514520,0.71190353
1514580,0.71190353
1514640,0.71190353
1514700,0.71190353
1514760,0.71190353
1514820,0.71190353
1514880,0.71190353
1514940,0.71190353
1515000,0.71190353
1515060,0.71190353
1515120,0.71190353
1515180,0.71190353
1515240,0.71190353
1515300,0.71190353
1515360,0.71190353
1515420,0.71190353
1515480,0.71190353
1515540,0.71190353
1515600,0.71190353
1515660,0.71190353
1515720,0.71190353
1515780,0.71190353
1515840,0.71190353
1515900,0.71190353
1515960,0.71190353
1516020,0.71190353
1516080,0.71190353
1516140,0.71190353
1516200,0.71190353
1516260,0.71190353
1516320,0.71190353
1516380,0.71190353
1516440,0.71190353
1516500,0.71190353
1516560,0.71190353
1516620,0.71190353
1516680,0.71190353
1516740,0.71190353
1516800,0.71190353
1516860,0.71190353
1516920,0.71190353
1516980,0.71190353
1517040,0.71190353
1517100,0.71190353
1517160,0.71190353
1517220,0.71190353
1517280,0.71190353
1517340,0.71190353
1517400,0.71190353
1517460,0.71190353
1517520,0.71190353
1517580,0.71190353
1517640,0.71190353
1517700,0.71190353
1517760,0.71190353
1517820,0.71190353
1517880,0.71190353
1517940,0.71190353
1518000,0.71190353
1518060,0.71190353
1518120,0.71190353
1518180,0.71190353
1518240,0.71190353
1518300,0.71190353
1518360,0.71190353
1518420,0.71190353
1518480,0.71190353
1518540,0.71190353
1518600,0.71190353
1518660,0.71190353
1518720,0.71190353
1518780,0.71190353
1518840,0.71190353
1518900,0.71190353
1518960,0.71190353
1519020,0.71190353
1519080,0.71190353
1519140,0.71190353
1519200,0.71190353
1519260,0.71190353
1519320,0.71190353
1519380,0.71190353
1519440,0.71190353
1519500,0.71190353
1519560,0.71190353
1519620,0.71190353
1519680,0.71190353
1519740,0.71190353
1519800,0.71190353
1519860,0.71190353
1519920,0.71190353
1519980,0.71190353
1520040,0.71190353
1520100,0.71190353
1520160,0.71190353
1520220,0.71190353
1520280,0.71190353
1520340,0.71190353
1520400,0.71190353
1520460,0.71190353
1520520,0.71190353
1520580,0.71190353
1520640,0.71190353
1520700,0.71190353
1520760,0.71190353
1520820,0.71190353
1520880,0.71190353
1520940,0.71190353
1521000,0.71190353
1521060,0.71190353
1521120,0.71190353
1521180,0.71190353
1521240,0.71190353
1521300,0.71190353
1521360,0.71190353
1521420,0.71190353
1521480,0.71190353
1521540,0.71190353
1521600,0.71190353
1521660,0.71190353
1521720,0.71190353
1521780,0.71190353
1521840,0.71190353
1521900,0.71190353
1521960,0.71190353
1522020,0.71190353
1522080,0.71190353
1522140,0.71190353
1522200,0.71190353
1522260,0.71190353
1522320,0.71190353
1522380,0.71190353
1522440,0.71190353
1522500,0.71190353
1522560,0.71190353
1522620,0.71190353
1522680,0.71190353
1522740,0.71190353
1522800,0.71190353
1522860,0.71190353
1522920,0.71190353
1522980,0.71190353
1523040,0.71190353
1523100,0.71190353
1523160,0.71190353
1523220,0.71190353
1523280,0.71190353
1523340,0.71190353
1523400,0.71190353
1523460,0.71190353
1523520,0.71190353
1523580,0.71190353
1523640,0.71190353
1523700,0.71190353
1523760,0.71190353
1523820,0.71190353
1523880,0.71190353
1523940,0.71190353
1524000,0.71190353
1524060,0.71190353
1524120,0.71190353
1524180,0.71190353
1524240,0.71190353
1524300,0.71190353
1524360,0.71190353
1524420,0.71190353
1524480,0.71190353
1524540,0.71190353
1524600,0.71190353
1524660,0.71190353
1524720,0.71190353
1524780,0.71190353
1524840,0.71190353
1524900,0.71190353
1524960,0.71190353
1525020,0.71190353
1525080,0.71190353
1525140,0.71190353
1525200,0.71190353
1525260,0.71190353
1525320,0.71190353
1525380,0.71190353
1525440,0.71190353
1525500,0.71190353
1525560,0.71190353
1525620,0.71190353
1525680,0.71190353
1525740,0.71190353
1525800,0.71190353
1525860,0.71190353
1525920,0.71190353
1525980,0.71190353
1526040,0.71190353
1526100,0.71190353
1526160,0.71190353
1526220,0.71190353
1526280,0.71190353
1526340,0.71190353
1526400,0.71190353
1526460,0.71190353
1526520,0.71190353
1526580,0.71190353
1526640,0.71190353
1526700,0.71190353
1526760,0.71190353
1526820,0.71190353
1526880,0.71190353
1526940,0.71190353
1527000,0.71190353
1527060,0.71190353
1527120,0.71190353
1527180,0.71190353
1527240,0.71190353
1527300,0.71190353
1527360,0.71190353
1527420,0.71190353
1527480,0.71190353
1527540,0.71190353
1527600,0.71190353
1527660,0.71190353
1527720,0.71190353
1527780,0.71190353
1527840,0.71190353
1527900,0.71190353
1527960,0.71190353
1528020,0.71190353
1528080,0.71190353
1528140,0.71190353
1528200,0.71190353
1528260,0.71190353
1528320,0.71190353
1528380,0.71190353
1528440,0.71190353
1528500,0.71190353
1528560,0.71190353
1528620,0.71190353
1528680,0.71190353
1528740,0.71190353
1528800,0.71190353
1528860,0.71190353
1528920,0.71190353
1528980,0.71190353
1529040,0.71190353
1529100,0.71190353
1529160,0.71190353
1529220,0.71190353
1529280,0.71190353
1529340,0.71190353
1529400,0.71190353
1529460,0.71190353
1529520,0.71190353
1529580,0.71190353
1529640,0.71190353
1529700,0.71190353
1529760,0.71190353
1529820,0.71190353
1529880,0.71190353
1529940,0.71190353
1530000,0.71190353
1530060,0.71190353
1530120,0.71190353
1530180,0.71190353
1530240,0.71190353
1530300,0.71190353
1530360,0.71190353
1530420,0.71190353
1530480,0.71190353
1530540,0.71190353
1530600,0.71190353
1530660,0.71190353
1530720,0.71190353
1530780,0.71190353
1530840,0.71190353
1530900,0.71190353
1530960,0.71190353
1531020,0.71190353
1531080,0.71190353
1531140,0.71190353
1531200,0.71190353
1531260,0.71190353
1531320,0.71190353
1531380,0.71190353
1531440,0.71190353
1531500,0.71190353
1531560,0.71190353
1531620,0.71190353
1531680,0.71190353
1531740,0.71190353
1531800,0.71190353
1531860,0.71190353
1531920,0.71190353
1531980,0.71190353
1532040,0.71190353
1532100,0.71190353
1532160,0.71190353
1532220,0.71190353
1532280,0.71190353
1532340,0.71190353
1532400,0.71190353
1532460,0.71190353
1532520,0.71190353
1532580,0.71190353
1532640,0.71190353
1532700,0.71190353
1532760,0.71190353
1532820,0.71190353
1532880,0.71190353
1532940,0.71190353
1533000,0.71190353
1533060,0.71190353
1533120,0.71190353
1533180,0.71190353
1533240,0.71190353
1533300,0.71190353
1533360,0.71190353
1533420,0.71190353
1533480,0.71190353
1533540,0.71190353
1533600,0.71190353
1533660,0.71190353
1533720,0.71190353
1533780,0.71190353
1533840,0.71190353
1533900,0.71190353
1533960,0.71190353
1534020,0.71190353
1534080,0.71190353
1534140,0.71190353
1534200,0.71190353
1534260,0.71190353
1534320,0.71190353
1534380,0.71190353
1534440,0.71190353
1534500,0.71190353
1534560,0.71190353
1534620,0.71190353
1534680,0.71190353
1534740,0.71190353
1534800,0.71190353
1534860,0.71190353
1534920,0.71190353
1534980,0.71190353
1535040,0.71190353
1535100,0.71190353
1535160,0.71190353
1535220,0.71190353
1535280,0.71190353
1535340,0.71190353
1535400,0.71190353
1535460,0.71190353
1535520,0.71190353
1535580,0.71190353
1535640,0.71190353
1535700,0.71190353
1535760,0.71190353
1535820,0.71190353
1535880,0.71190353
1535940,0.71190353
1536000,0.71190353
1536060,0.71190353
1536120,0.71190353
1536180,0.71190353
1536240,0.71190353
1536300,0.71190353
1536360,0.71190353
1536420,0.71190353
1536480,0.71190353
1536540,0.71190353
1536600,0.71190353
1536660,0.71190353
1536720,0.71190353
1536780,0.71190353
1536840,0.71190353
1536900,0.71190353
1536960,0.71190353
1537020,0.71190353
1537080,0.71190353
1537140,0.71190353
1537200,0.71190353
1537260,0.71190353
1537320,0.71190353
1537380,0.71190353
1537440,0.71190353
1537500,0.71190353
1537560,0.71190353
1537620,0.71190353
1537680,0.71190353
1537740,0.71190353
1537800,0.71190353
1537860,0.71190353
1537920,0.71190353
1537980,0.71190353
1538040,0.71190353
1538100,0.71190353
1538160,0.71190353
1538220,0.71190353
1538280,0.71190353
1538340,0.71190353
1538400,0.71190353
1538460,0.71190353
1538520,0.71190353
1538580,0.71190353
1538640,0.71190353
1538700,0.71190353
1538760,0.71190353
1538820,0.71190353
1538880,0.71190353
1538940,0.71190353
1539000,0.71190353
1539060,0.71190353
1539120,0.71190353
1539180,0.71190353
1539240,0.71190353
1539300,0.71190353
1539360,0.71190353
1539420,0.71190353
1539480,0.71190353
1539540,0.71190353
1539600,0.71190353
1539660,0.71190353
1539720,0.71190353
1539780,0.71190353
1539840,0.71190353
1539900,0.71190353
1539960,0.71190353
1540020,0.71190353
1540080,0.71190353
1540140,0.71190353
1540200,0.71190353
1540260,0.71190353
1540320,0.71190353
1540380,0.71190353
1540440,0.71190353
1540500,0.71190353
1540560,0.71190353
1540620,0.71190353
1540680,0.71190353
1540740,0.71190353
1540800,0.71190353
1540860,0.71190353
1540920,0.71190353
1540980,0.71190353
1541040,0.71190353
1541100,0.71190353
1541160,0.71190353
1541220,0.71190353
1541280,0.71190353
1541340,0.71190353
1541400,0.71190353
1541460,0.71190353
1541520,0.71190353
1541580,0.71190353
1541640,0.71190353
1541700,0.71190353
1541760,0.71190353
1541820,0.71190353
1541880,0.71190353
1541940,0.71190353
1542000,0.71190353
1542060,0.71190353
1542120,0.71190353
1542180,0.71190353
1542240,0.71190353
1542300,0.71190353
1542360,0.71190353
1542420,0.71190353
1542480,0.71190353
1542540,0.71190353
1542600,0.71190353
1542660,0.71190353
1542720,0.71190353
1542780,0.71190353
1542840,0.71190353
1542900,0.71190353
1542960,0.71190353
1543020,0.71190353
1543080,0.71190353
1543140,0.71190353
1543200,0.71190353
1543260,0.71190353
1543320,0.71190353
1543380,0.71190353
1543440,0.71190353
1543500,0.71190353
1543560,0.71190353
1543620,0.71190353
1543680,0.71190353
1543740,0.71190353
1543800,0.71190353
1543860,0.71190353
1543920,0.71190353
1543980,0.71190353
1544040,0.71190353
1544100,0.71190353
1544160,0.71190353
1544220,0.71190353
1544280,0.71190353
1544340,0.71190353
1544400,0.71190353
1544460,0.71190353
1544520,0.71190353
1544580,0.71190353
1544640,0.71190353
1544700,0.71190353
1544760,0.71190353
1544820,0.71190353
1544880,0.71190353
1544940,0.71190353
1545000,0.71190353
1545060,0.71190353
1545120,0.71190353
1545180,0.71190353
1545240,0.71190353
1545300,0.71190353
1545360,0.71190353
1545420,0.71190353
1545480,0.71190353
1545540,0.71190353
1545600,0.71190353
1545660,0.71190353
1545720,0.71190353
1545780,0.71190353
1545840,0.71190353
1545900,0.71190353
1545960,0.71190353
1546020,0.71190353
1546080,0.71190353
1546140,0.71190353
1546200,0.71190353
1546260,0.71190353
1546320,0.71190353
1546380,0.71190353
1546440,0.71190353
1546500,0.71190353
1546560,0.71190353
1546620,0.71190353
1546680,0.71190353
1546740,0.71190353
1546800,0.71190353
1546860,0.71190353
1546920,0.71190353
1546980,0.71190353
1547040,0.71190353
1547100,0.71190353
1547160,0.71190353
1547220,0.71190353
1547280,0.71190353
1547340,0.71190353
1547400,0.71190353
1547460,0.71190353
1547520,0.71190353
1547580,0.71190353
1547640,0.71190353
1547700,0.71190353
1547760,0.71190353
1547820,0.71190353
1547880,0.71190353
1547940,0.71190353
1548000,0.71190353
1548060,0.71190353
1548120,0.71190353
1548180,0.71190353
1548240,0.71190353
1548300,0.71190353
1548360,0.71190353
1548420,0.71190353
1548480,0.71190353
1548540,0.71190353
1548600,0.71190353
1548660,0.71190353
1548720,0.71190353
1548780,0.71190353
1548840,0.71190353
1548900,0.71190353
1548960,0.71190353
1549020,0.71190353
1549080,0.71190353
1549140,0.71190353
1549200,0.71190353
1549260,0.71190353
1549320,0.71190353
1549380,0.71190353
1549440,0.71190353
1549500,0.71190353
1549560,0.71190353
1549620,0.71190353
1549680,0.71190353
1549740,0.71190353
1549800,0.71190353
1549860,0.71190353
1549920,0.71190353
1549980,0.71190353
1550040,0.71190353
1550100,0.71190353
1550160,0.71190353
1550220,0.71190353
1550280,0.71190353
1550340,0.71190353
1550400,0.71190353
1550460,0.71190353
1550520,0.71190353
1550580,0.71190353
1550640,0.71190353
1550700,0.71190353
1550760,0.71190353
1550820,0.71190353
1550880,0.71190353
1550940,0.71190353
1551000,0.71190353
1551060,0.71190353
1551120,0.71190353
1551180,0.71190353
1551240,0.71190353
1551300,0.71190353
1551360,0.71190353
1551420,0.71190353
1551480,0.71190353
1551540,0.71190353
1551600,0.71190353
1551660,0.71190353
1551720,0.71190353
1551780,0.71190353
1551840,0.71190353
1551900,0.71190353
1551960,0.71190353
1552020,0.71190353
1552080,0.71190353
1552140,0.71190353
1552200,0.71190353
1552260,0.71190353
1552320,0.71190353
1552380,0.71190353
1552440,0.71190353
1552500,0.71190353
1552560,0.71190353
1552620,0.71190353
1552680,0.71190353
1552740,0.71190353
1552800,0.71190353
1552860,0.71190353
1552920,0.71190353
1552980,0.71190353
1553040,0.71190353
1553100,0.71190353
1553160,0.71190353
1553220,0.71190353
1553280,0.71190353
1553340,0.71190353
1553400,0.71190353
1553460,0.71190353
1553520,0.71190353
1553580,0.71190353
1553640,0.71190353
1553700,0.71190353
1553760,0.71190353
1553820,0.71190353
1553880,0.71190353
1553940,0.71190353
1554000,0.71190353
1554060,0.71190353
1554120,0.71190353
1554180,0.71190353
1554240,0.71190353
1554300,0.71190353
1554360,0.71190353
1554420,0.71190353
1554480,0.71190353
1554540,0.71190353
1554600,0.71190353
1554660,0.71190353
1554720,0.71190353
1554780,0.71190353
1554840,0.71190353
1554900,0.71190353
1554960,0.71190353
1555020,0.71190353
1555080,0.71190353
1555140,0.71190353
1555200,0.71190353
1555260,0.71190353
1555320,0.71190353
1555380,0.71190353
1555440,0.71190353
1555500,0.71190353
1555560,0.71190353
1555620,0.71190353
1555680,0.71190353
1555740,0.71190353
1555800,0.71190353
1555860,0.71190353
1555920,0.71190353
1555980,0.71190353
1556040,0.71190353
1556100,0.71190353
1556160,0.71190353
1556220,0.71190353
1556280,0.71190353
1556340,0.71190353
1556400,0.71190353
1556460,0.71190353
1556520,0.71190353
1556580,0.71190353
1556640,0.71190353
1556700,0.71190353
1556760,0.71190353
1556820,0.71190353
1556880,0.71190353
1556940,0.71190353
1557000,0.71190353
1557060,0.71190353
1557120,0.71190353
1557180,0.71190353
1557240,0.71190353
1557300,0.71190353
1557360,0.71190353
1557420,0.71190353
1557480,0.71190353
1557540,0.71190353
1557600,0.71190353
1557660,0.71190353
1557720,0.71190353
1557780,0.71190353
1557840,0.71190353
1557900,0.71190353
1557960,0.71190353
1558020,0.71190353
1558080,0.71190353
1558140,0.71190353
1558200,0.71190353
1558260,0.71190353
1558320,0.71190353
1558380,0.71190353
1558440,0.71190353
1558500,0.71190353
1558560,0.71190353
1558620,0.71190353
1558680,0.71190353
1558740,0.71190353
1558800,0.71190353
1558860,0.71190353
1558920,0.71190353
1558980,0.71190353
1559040,0.71190353
1559100,0.71190353
1559160,0.71190353
1559220,0.71190353
1559280,0.71190353
1559340,0.71190353
1559400,0.71190353
1559460,0.71190353
1559520,0.71190353
1559580,0.71190353
1559640,0.71190353
1559700,0.71190353
1559760,0.71190353
1559820,0.71190353
1559880,0.71190353
1559940,0.71190353
1560000,0.71190353
1560060,0.71190353
1560120,0.71190353
1560180,0.71190353
1560240,0.71190353
1560300,0.71190353
1560360,0.71190353
1560420,0.71190353
1560480,0.71190353
1560540,0.71190353
1560600,0.71190353
1560660,0.71190353
1560720,0.71190353
1560780,0.71190353
1560840,0.71190353
1560900,0.71190353
1560960,0.71190353
1561020,0.71190353
1561080,0.71190353
1561140,0.71190353
1561200,0.71190353
1561260,0.71190353
1561320,0.71190353
1561380,0.71190353
1561440,0.71190353
1561500,0.71190353
1561560,0.71190353
1561620,0.71190353
1561680,0.71190353
1561740,0.71190353
1561800,0.71190353
1561860,0.71190353
1561920,0.71190353
1561980,0.71190353
1562040,0.71190353
1562100,0.71190353
1562160,0.71190353
1562220,0.71190353
1562280,0.71190353
1562340,0.71190353
1562400,0.71190353
1562460,0.71190353
1562520,0.71190353
1562580,0.71190353
1562640,0.71190353
1562700,0.71190353
1562760,0.71190353
1562820,0.71190353
1562880,0.71190353
1562940,0.71190353
1563000,0.71190353
1563060,0.71190353
1563120,0.71190353
1563180,0.71190353
1563240,0.71190353
1563300,0.71190353
1563360,0.71190353
1563420,0.71190353
1563480,0.71190353
1563540,0.71190353
1563600,0.71190353
1563660,0.71190353
1563720,0.71190353
1563780,0.71190353
1563840,0.71190353
1563900,0.71190353
1563960,0.71190353
1564020,0.71190353
1564080,0.71190353
1564140,0.71190353
1564200,0.71190353
1564260,0.71190353
1564320,0.71190353
1564380,0.71190353
1564440,0.71190353
1564500,0.71190353
1564560,0.71190353
1564620,0.71190353
1564680,0.71190353
1564740,0.71190353
1564800,0.71190353
1564860,0.71190353
1564920,0.71190353
1564980,0.71190353
1565040,0.71190353
1565100,0.71190353
1565160,0.71190353
1565220,0.71190353
1565280,0.71190353
1565340,0.71190353
1565400,0.71190353
1565460,0.71190353
1565520,0.71190353
1565580,0.71190353
1565640,0.71190353
1565700,0.71190353
1565760,0.71190353
1565820,0.71190353
1565880,0.71190353
1565940,0.71190353
1566000,0.71190353
1566060,0.71190353
1566120,0.71190353
1566180,0.71190353
1566240,0.71190353
1566300,0.71190353
1566360,0.71190353
1566420,0.71190353
1566480,0.71190353
1566540,0.71190353
1566600,0.71190353
1566660,0.71190353
1566720,0.71190353
1566780,0.71190353
1566840,0.71190353
1566900,0.71190353
1566960,0.71190353
1567020,0.71190353
1567080,0.71190353
1567140,0.71190353
1567200,0.71190353
1567260,0.71190353
1567320,0.71190353
1567380,0.71190353
1567440,0.71190353
1567500,0.71190353
1567560,0.71190353
1567620,0.71190353
1567680,0.71190353
1567740,0.71190353
1567800,0.71190353
1567860,0.71190353
1567920,0.71190353
1567980,0.71190353
1568040,0.71190353
1568100,0.71190353
1568160,0.71190353
1568220,0.71190353
1568280,0.71190353
1568340,0.71190353
1568400,0.71190353
1568460,0.71190353
1568520,0.71190353
1568580,0.71190353
1568640,0.71190353
1568700,0.71190353
1568760,0.71190353
1568820,0.71190353
1568880,0.71190353
1568940,0.71190353
1569000,0.71190353
1569060,0.71190353
1569120,0.71190353
1569180,0.71190353
1569240,0.71190353
1569300,0.71190353
1569360,0.71190353
1569420,0.71190353
1569480,0.71190353
1569540,0.71190353
1569600,0.71190353
1569660,0.71190353
1569720,0.71190353
1569780,0.71190353
1569840,0.71190353
1569900,0.71190353
1569960,0.71190353
1570020,0.71190353
1570080,0.71190353
1570140,0.71190353
1570200,0.71190353
1570260,0.71190353
1570320,0.71190353
1570380,0.71190353
1570440,0.71190353
1570500,0.71190353
1570560,0.71190353
1570620,0.71190353
1570680,0.71190353
1570740,0.71190353
1570800,0.71190353
1570860,0.71190353
1570920,0.71190353
1570980,0.71190353
1571040,0.71190353
1571100,0.71190353
1571160,0.71190353
1571220,0.71190353
1571280,0.71190353
1571340,0.71190353
1571400,0.71190353
1571460,0.71190353
1571520,0.71190353
1571580,0.71190353
1571640,0.71190353
1571700,0.71190353
1571760,0.71190353
1571820,0.71190353
1571880,0.71190353
1571940,0.71190353
1572000,0.71190353
1572060,0.71190353
1572120,0.71190353
1572180,0.71190353
1572240,0.71190353
1572300,0.71190353
1572360,0.71190353
1572420,0.71190353
1572480,0.71190353
1572540,0.71190353
1572600,0.71190353
1572660,0.71190353
1572720,0.71190353
1572780,0.71190353
1572840,0.71190353
1572900,0.71190353
1572960,0.71190353
1573020,0.71190353
1573080,0.71190353
1573140,0.71190353
1573200,0.71190353
1573260,0.71190353
1573320,0.71190353
1573380,0.71190353
1573440,0.71190353
1573500,0.71190353
1573560,0.71190353
1573620,0.71190353
1573680,0.71190353
1573740,0.71190353
1573800,0.71190353
1573860,0.71190353
1573920,0.71190353
1573980,0.71190353
1574040,0.71190353
1574100,0.71190353
1574160,0.71190353
1574220,0.71190353
1574280,0.71190353
1574340,0.71190353
1574400,0.71190353
1574460,0.71190353
1574520,0.71190353
1574580,0.71190353
1574640,0.71190353
1574700,0.71190353
1574760,0.71190353
1574820,0.71190353
1574880,0.71190353
1574940,0.71190353
1575000,0.71190353
1575060,0.71190353
1575120,0.71190353
1575180,0.71190353
1575240,0.71190353
1575300,0.71190353
1575360,0.71190353
1575420,0.71190353
1575480,0.71190353
1575540,0.71190353
1575600,0.71190353
1575660,0.71190353
1575720,0.71190353
1575780,0.71190353
1575840,0.71190353
1575900,0.71190353
1575960,0.71190353
1576020,0.71190353
1576080,0.71190353
1576140,0.71190353
1576200,0.71190353
1576260,0.71190353
1576320,0.71190353
1576380,0.71190353
1576440,0.71190353
1576500,0.71190353
1576560,0.71190353
1576620,0.71190353
1576680,0.71190353
1576740,0.71190353
1576800,0.71190353
1576860,0.71190353
1576920,0.71190353
1576980,0.71190353
1577040,0.71190353
1577100,0.71190353
1577160,0.71190353
1577220,0.71190353
1577280,0.71190353
1577340,0.71190353
1577400,0.71190353
1577460,0.71190353
1577520,0.71190353
1577580,0.71190353
1577640,0.71190353
1577700,0.71190353
1577760,0.71190353
1577820,0.71190353
1577880,0.71190353
1577940,0.71190353
1578000,0.71190353
1578060,0.71190353
1578120,0.71190353
1578180,0.71190353
1578240,0.71190353
1578300,0.71190353
1578360,0.71190353
1578420,0.71190353
1578480,0.71190353
1578540,0.71190353
1578600,0.71190353
1578660,0.71190353
1578720,0.71190353
1578780,0.71190353
1578840,0.71190353
1578900,0.71190353
1578960,0.71190353
1579020,0.71190353
1579080,0.71190353
1579140,0.71190353
1579200,0.71190353
1579260,0.71190353
1579320,0.71190353
1579380,0.71190353
1579440,0.71190353
1579500,0.71190353
1579560,0.71190353
1579620,0.71190353
1579680,0.71190353
1579740,0.71190353
1579800,0.71190353
1579860,0.71190353
1579920,0.71190353
1579980,0.71190353
1580040,0.71190353
1580100,0.71190353
1580160,0.71190353
1580220,0.71190353
1580280,0.71190353
1580340,0.71190353
1580400,0.71190353
1580460,0.71190353
1580520,0.71190353
1580580,0.71190353
1580640,0.71190353
1580700,0.71190353
1580760,0.71190353
1580820,0.71190353
1580880,0.71190353
1580940,0.71190353
1581000,0.71190353
1581060,0.71190353
1581120,0.71190353
1581180,0.71190353
1581240,0.71190353
1581300,0.71190353
1581360,0.71190353
1581420,0.71190353
1581480,0.71190353
1581540,0.71190353
1581600,0.71190353
1581660,0.71190353
1581720,0.71190353
1581780,0.71190353
1581840,0.71190353
1581900,0.71190353
1581960,0.71190353
1582020,0.71190353
1582080,0.71190353
1582140,0.71190353
1582200,0.71190353
1582260,0.71190353
1582320,0.71190353
1582380,0.71190353
1582440,0.71190353
1582500,0.71190353
1582560,0.71190353
1582620,0.71190353
1582680,0.71190353
1582740,0.71190353
1582800,0.71190353
1582860,0.71190353
1582920,0.71190353
1582980,0.71190353
1583040,0.71190353
1583100,0.71190353
1583160,0.71190353
1583220,0.71190353
1583280,0.71190353
1583340,0.71190353
1583400,0.71190353
1583460,0.71190353
1583520,0.71190353
1583580,0.71190353
1583640,0.71190353
1583700,0.71190353
1583760,0.71190353
1583820,0.71190353
1583880,0.71190353
1583940,0.71190353
1584000,0.71190353
1584060,0.71190353
1584120,0.71190353
1584180,0.71190353
1584240,0.71190353
1584300,0.71190353
1584360,0.71190353
1584420,0.71190353
1584480,0.71190353
1584540,0.71190353
1584600,0.71190353
1584660,0.71190353
1584720,0.71190353
1584780,0.71190353
1584840,0.71190353
1584900,0.71190353
1584960,0.71190353
1585020,0.71190353
1585080,0.71190353
1585140,0.71190353
1585200,0.71190353
1585260,0.71190353
1585320,0.71190353
1585380,0.71190353
1585440,0.71190353
1585500,0.71190353
1585560,0.71190353
1585620,0.71190353
1585680,0.71190353
1585740,0.71190353
1585800,0.71190353
1585860,0.71190353
1585920,0.71190353
1585980,0.71190353
1586040,0.71190353
1586100,0.71190353
1586160,0.71190353
1586220,0.71190353
1586280,0.71190353
1586340,0.71190353
1586400,0.71190353
1586460,0.71190353
1586520,0.71190353
1586580,0.71190353
1586640,0.71190353
1586700,0.71190353
1586760,0.71190353
1586820,0.71190353
1586880,0.71190353
1586940,0.71190353
1587000,0.71190353
1587060,0.71190353
1587120,0.71190353
1587180,0.71190353
1587240,0.71190353
1587300,0.71190353
1587360,0.71190353
1587420,0.71190353
1587480,0.71190353
1587540,0.71190353
1587600,0.71190353
1587660,0.71190353
1587720,0.71190353
1587780,0.71190353
1587840,0.71190353
1587900,0.71190353
1587960,0.71190353
1588020,0.71190353
1588080,0.71190353
1588140,0.71190353
1588200,0.71190353
1588260,0.71190353
1588320,0.71190353
1588380,0.71190353
1588440,0.71190353
1588500,0.71190353
1588560,0.71190353
1588620,0.71190353
1588680,0.71190353
1588740,0.71190353
1588800,0.71190353
1588860,0.71190353
1588920,0.71190353
1588980,0.71190353
1589040,0.71190353
1589100,0.71190353
1589160,0.71190353
1589220,0.71190353
1589280,0.71190353
1589340,0.71190353
1589400,0.71190353
1589460,0.71190353
1589520,0.71190353
1589580,0.71190353
1589640,0.71190353
1589700,0.71190353
1589760,0.71190353
1589820,0.71190353
1589880,0.71190353
1589940,0.71190353
1590000,0.71190353
1590060,0.71190353
1590120,0.71190353
1590180,0.71190353
1590240,0.71190353
1590300,0.71190353
1590360,0.71190353
1590420,0.71190353
1590480,0.71190353
1590540,0.71190353
1590600,0.71190353
1590660,0.71190353
1590720,0.71190353
1590780,0.71190353
1590840,0.71190353
1590900,0.71190353
1590960,0.71190353
1591020,0.71190353
1591080,0.71190353
1591140,0.71190353
1591200,0.71190353
1591260,0.71190353
1591320,0.71190353
1591380,0.71190353
1591440,0.71190353
1591500,0.71190353
1591560,0.71190353
1591620,0.71190353
1591680,0.71190353
1591740,0.71190353
1591800,0.71190353
1591860,0.71190353
1591920,0.71190353
1591980,0.71190353
1592040,0.71190353
1592100,0.71190353
1592160,0.71190353
1592220,0.71190353
1592280,0.71190353
1592340,0.71190353
1592400,0.71190353
1592460,0.71190353
1592520,0.71190353
1592580,0.71190353
1592640,0.71190353
1592700,0.71190353
1592760,0.71190353
1592820,0.71190353
1592880,0.71190353
1592940,0.71190353
1593000,0.71190353
1593060,0.71190353
1593120,0.71190353
1593180,0.71190353
1593240,0.71190353
1593300,0.71190353
1593360,0.71190353
1593420,0.71190353
1593480,0.71190353
1593540,0.71190353
1593600,0.71190353
1593660,0.71190353
1593720,0.71190353
1593780,0.71190353
1593840,0.71190353
1593900,0.71190353
1593960,0.71190353
1594020,0.71190353
1594080,0.71190353
1594140,0.71190353
1594200,0.71190353
1594260,0.71190353
1594320,0.71190353
1594380,0.71190353
1594440,0.71190353
1594500,0.71190353
1594560,0.71190353
1594620,0.71190353
1594680,0.71190353
1594740,0.71190353
1594800,0.71190353
1594860,0.71190353
1594920,0.71190353
1594980,0.71190353
1595040,0.71190353
1595100,0.71190353
1595160,0.71190353
1595220,0.71190353
1595280,0.71190353
1595340,0.71190353
1595400,0.71190353
1595460,0.71190353
1595520,0.71190353
1595580,0.71190353
1595640,0.71190353
1595700,0.71190353
1595760,0.71190353
1595820,0.71190353
1595880,0.71190353
1595940,0.71190353
1596000,0.71190353
1596060,0.71190353
1596120,0.71190353
1596180,0.71190353
1596240,0.71190353
1596300,0.71190353
1596360,0.71190353
1596420,0.71190353
1596480,0.71190353
1596540,0.71190353
1596600,0.71190353
1596660,0.71190353
1596720,0.71190353
1596780,0.71190353
1596840,0.71190353
1596900,0.71190353
1596960,0.71190353
1597020,0.71190353
1597080,0.71190353
1597140,0.71190353
1597200,0.71190353
1597260,0.71190353
1597320,0.71190353
1597380,0.71190353
1597440,0.71190353
1597500,0.71190353
1597560,0.71190353
1597620,0.71190353
1597680,0.71190353
1597740,0.71190353
1597800,0.71190353
1597860,0.71190353
1597920,0.71190353
1597980,0.71190353
1598040,0.71190353
1598100,0.71190353
1598160,0.71190353
1598220,0.71190353
1598280,0.71190353
1598340,0.71190353
1598400,0.71190353
1598460,0.71190353
1598520,0.71190353
1598580,0.71190353
1598640,0.71190353
1598700,0.71190353
1598760,0.71190353
1598820,0.71190353
1598880,0.71190353
1598940,0.71190353
1599000,0.71190353
1599060,0.71190353
1599120,0.71190353
1599180,0.71190353
1599240,0.71190353
1599300,0.71190353
1599360,0.71190353
1599420,0.71190353
1599480,0.71190353
1599540,0.71190353
1599600,0.71190353
1599660,0.71190353
1599720,0.71190353
1599780,0.71190353
1599840,0.71190353
1599900,0.71190353
1599960,0.71190353
1600020,0.71190353
1600080,0.71190353
1600140,0.71190353
1600200,0.71190353
1600260,0.71190353
1600320,0.71190353
1600380,0.71190353
1600440,0.71190353
1600500,0.71190353
1600560,0.71190353
1600620,0.71190353
1600680,0.71190353
1600740,0.71190353
1600800,0.71190353
1600860,0.71190353
1600920,0.71190353
1600980,0.71190353
1601040,0.71190353
1601100,0.71190353
1601160,0.71190353
1601220,0.71190353
1601280,0.71190353
1601340,0.71190353
1601400,0.71190353
1601460,0.71190353
1601520,0.71190353
1601580,0.71190353
1601640,0.71190353
1601700,0.71190353
1601760,0.71190353
1601820,0.71190353
1601880,0.71190353
1601940,0.71190353
1602000,0.71190353
1602060,0.71190353
1602120,0.71190353
1602180,0.71190353
1602240,0.71190353
1602300,0.71190353
1602360,0.71190353
1602420,0.71190353
1602480,0.71190353
1602540,0.71190353
1602600,0.71190353
1602660,0.71190353
1602720,0.71190353
1602780,0.71190353
1602840,0.71190353
1602900,0.71190353
1602960,0.71190353
1603020,0.71190353
1603080,0.71190353
1603140,0.71190353
1603200,0.71190353
1603260,0.71190353
1603320,0.71190353
1603380,0.71190353
1603440,0.71190353
1603500,0.71190353
1603560,0.71190353
1603620,0.71190353
1603680,0.71190353
1603740,0.71190353
1603800,0.71190353
1603860,0.71190353
1603920,0.71190353
1603980,0.71190353
1604040,0.71190353
1604100,0.71190353
1604160,0.71190353
1604220,0.71190353
1604280,0.71190353
1604340,0.71190353
1604400,0.71190353
1604460,0.71190353
1604520,0.71190353
1604580,0.71190353
1604640,0.71190353
1604700,0.71190353
1604760,0.71190353
1604820,0.71190353
1604880,0.71190353
1604940,0.71190353
1605000,0.71190353
1605060,0.71190353
1605120,0.71190353
1605180,0.71190353
1605240,0.71190353
1605300,0.71190353
1605360,0.71190353
1605420,0.71190353
1605480,0.71190353
1605540,0.71190353
1605600,0.71190353
1605660,0.71190353
1605720,0.71190353
1605780,0.71190353
1605840,0.71190353
1605900,0.71190353
1605960,0.71190353
1606020,0.71190353
1606080,0.71190353
1606140,0.71190353
1606200,0.71190353
1606260,0.71190353
1606320,0.71190353
1606380,0.71190353
1606440,0.71190353
1606500,0.71190353
1606560,0.71190353
1606620,0.71190353
1606680,0.71190353
1606740,0.71190353
1606800,0.71190353
1606860,0.71190353
1606920,0.71190353
1606980,0.71190353
1607040,0.71190353
1607100,0.71190353
1607160,0.71190353
1607220,0.71190353
1607280,0.71190353
1607340,0.71190353
1607400,0.71190353
1607460,0.71190353
1607520,0.71190353
1607580,0.71190353
1607640,0.71190353
1607700,0.71190353
1607760,0.71190353
1607820,0.71190353
1607880,0.71190353
1607940,0.71190353
1608000,0.71190353
1608060,0.71190353
1608120,0.71190353
1608180,0.71190353
1608240,0.71190353
1608300,0.71190353
1608360,0.71190353
1608420,0.71190353
1608480,0.71190353
1608540,0.71190353
1608600,0.71190353
1608660,0.71190353
1608720,0.71190353
1608780,0.71190353
1608840,0.71190353
1608900,0.71190353
1608960,0.71190353
1609020,0.71190353
1609080,0.71190353
1609140,0.71190353
1609200,0.71190353
1609260,0.71190353
1609320,0.71190353
1609380,0.71190353
1609440,0.71190353
1609500,0.71190353
1609560,0.71190353
1609620,0.71190353
1609680,0.71190353
1609740,0.71190353
1609800,0.71190353
1609860,0.71190353
1609920,0.71190353
1609980,0.71190353
1610040,0.71190353
1610100,0.71190353
1610160,0.71190353
1610220,0.71190353
1610280,0.71190353
1610340,0.71190353
1610400,0.71190353
1610460,0.71190353
1610520,0.71190353
1610580,0.71190353
1610640,0.71190353
1610700,0.71190353
1610760,0.71190353
1610820,0.71190353
1610880,0.71190353
1610940,0.71190353
1611000,0.71190353
1611060,0.71190353
1611120,0.71190353
1611180,0.71190353
1611240,0.71190353
1611300,0.71190353
1611360,0.71190353
1611420,0.71190353
1611480,0.71190353
1611540,0.71190353
1611600,0.71190353
1611660,0.71190353
1611720,0.71190353
1611780,0.71190353
1611840,0.71190353
1611900,0.71190353
1611960,0.71190353
1612020,0.71190353
1612080,0.71190353
1612140,0.71190353
1612200,0.71190353
1612260,0.71190353
1612320,0.71190353
1612380,0.71190353
1612440,0.71190353
1612500,0.71190353
1612560,0.71190353
1612620,0.71190353
1612680,0.71190353
1612740,0.71190353
1612800,0.71190353
1612860,0.71190353
1612920,0.71190353
1612980,0.71190353
1613040,0.71190353
1613100,0.71190353
1613160,0.71190353
1613220,0.71190353
1613280,0.71190353
1613340,0.71190353
1613400,0.71190353
1613460,0.71190353
1613520,0.71190353
1613580,0.71190353
1613640,0.71190353
1613700,0.71190353
1613760,0.71190353
1613820,0.71190353
1613880,0.71190353
1613940,0.71190353
1614000,0.71190353
1614060,0.71190353
1614120,0.71190353
1614180,0.71190353
1614240,0.71190353
1614300,0.71190353
1614360,0.71190353
1614420,0.71190353
1614480,0.71190353
1614540,0.71190353
1614600,0.71190353
1614660,0.71190353
1614720,0.71190353
1614780,0.71190353
1614840,0.71190353
1614900,0.71190353
1614960,0.71190353
1615020,0.71190353
1615080,0.71190353
1615140,0.71190353
1615200,0.71190353
1615260,0.71190353
1615320,0.71190353
1615380,0.71190353
1615440,0.71190353
1615500,0.71190353
1615560,0.71190353
1615620,0.71190353
1615680,0.71190353
1615740,0.71190353
1615800,0.71190353
1615860,0.71190353
1615920,0.71190353
1615980,0.71190353
1616040,0.71190353
1616100,0.71190353
1616160,0.71190353
1616220,0.71190353
1616280,0.71190353
1616340,0.71190353
1616400,0.71190353
1616460,0.71190353
1616520,0.71190353
1616580,0.71190353
1616640,0.71190353
1616700,0.71190353
1616760,0.71190353
1616820,0.71190353
1616880,0.71190353
1616940,0.71190353
1617000,0.71190353
1617060,0.71190353
1617120,0.71190353
1617180,0.71190353
1617240,0.71190353
1617300,0.71190353
1617360,0.71190353
1617420,0.71190353
1617480,0.71190353
1617540,0.71190353
1617600,0.71190353
1617660,0.71190353
1617720,0.71190353
1617780,0.71190353
1617840,0.71190353
1617900,0.71190353
1617960,0.71190353
1618020,0.71190353
1618080,0.71190353
1618140,0.71190353
1618200,0.71190353
1618260,0.71190353
1618320,0.71190353
1618380,0.71190353
1618440,0.71190353
1618500,0.71190353
1618560,0.71190353
1618620,0.71190353
1618680,0.71190353
1618740,0.71190353
1618800,0.71190353
1618860,0.71190353
1618920,0.71190353
1618980,0.71190353
1619040,0.71190353
1619100,0.71190353
1619160,0.71190353
1619220,0.71190353
1619280,0.71190353
1619340,0.71190353
1619400,0.71190353
1619460,0.71190353
1619520,0.71190353
1619580,0.71190353
1619640,0.71190353
1619700,0.71190353
1619760,0.71190353
1619820,0.71190353
1619880,0.71190353
1619940,0.71190353
1620000,0.71190353
1620060,0.71190353
1620120,0.71190353
1620180,0.71190353
1620240,0.71190353
1620300,0.71190353
1620360,0.71190353
1620420,0.71190353
1620480,0.71190353
1620540,0.71190353
1620600,0.71190353
1620660,0.71190353
1620720,0.71190353
1620780,0.71190353
1620840,0.71190353
1620900,0.71190353
1620960,0.71190353
1621020,0.71190353
1621080,0.71190353
1621140,0.71190353
1621200,0.71190353
1621260,0.71190353
1621320,0.71190353
1621380,0.71190353
1621440,0.71190353
1621500,0.71190353
1621560,0.71190353
1621620,0.71190353
1621680,0.71190353
1621740,0.71190353
1621800,0.71190353
1621860,0.71190353
1621920,0.71190353
1621980,0.71190353
1622040,0.71190353
1622100,0.71190353
1622160,0.71190353
1622220,0.71190353
1622280,0.71190353
1622340,0.71190353
1622400,0.71190353
1622460,0.71190353
1622520,0.71190353
1622580,0.71190353
1622640,0.71190353
1622700,0.71190353
1622760,0.71190353
1622820,0.71190353
1622880,0.71190353
1622940,0.71190353
1623000,0.71190353
1623060,0.71190353
1623120,0.71190353
1623180,0.71190353
1623240,0.71190353
1623300,0.71190353
1623360,0.71190353
1623420,0.71190353
1623480,0.71190353
1623540,0.71190353
1623600,0.71190353
1623660,0.71190353
1623720,0.71190353
1623780,0.71190353
1623840,0.71190353
1623900,0.71190353
1623960,0.71190353
1624020,0.71190353
1624080,0.71190353
1624140,0.71190353
1624200,0.71190353
1624260,0.71190353
1624320,0.71190353
1624380,0.71190353
1624440,0.71190353
1624500,0.71190353
1624560,0.71190353
1624620,0.71190353
1624680,0.71190353
1624740,0.71190353
1624800,0.71190353
1624860,0.71190353
1624920,0.71190353
1624980,0.71190353
1625040,0.71190353
1625100,0.71190353
1625160,0.71190353
1625220,0.71190353
1625280,0.71190353
1625340,0.71190353
1625400,0.71190353
1625460,0.71190353
1625520,0.71190353
1625580,0.71190353
1625640,0.71190353
1625700,0.71190353
1625760,0.71190353
1625820,0.71190353
1625880,0.71190353
1625940,0.71190353
1626000,0.71190353
1626060,0.71190353
1626120,0.71190353
1626180,0.71190353
1626240,0.71190353
1626300,0.71190353
1626360,0.71190353
1626420,0.71190353
1626480,0.71190353
1626540,0.71190353
1626600,0.71190353
1626660,0.71190353
1626720,0.71190353
1626780,0.71190353
1626840,0.71190353
1626900,0.71190353
1626960,0.71190353
1627020,0.71190353
1627080,0.71190353
1627140,0.71190353
1627200,0.71190353
1627260,0.71190353
1627320,0.71190353
1627380,0.71190353
1627440,0.71190353
1627500,0.71190353
1627560,0.71190353
1627620,0.71190353
1627680,0.71190353
1627740,0.71190353
1627800,0.71190353
1627860,0.71190353
1627920,0.71190353
1627980,0.71190353
1628040,0.71190353
1628100,0.71190353
1628160,0.71190353
1628220,0.71190353
1628280,0.71190353
1628340,0.71190353
1628400,0.71190353
1628460,0.71190353
1628520,0.71190353
1628580,0.71190353
1628640,0.71190353
1628700,0.71190353
1628760,0.71190353
1628820,0.71190353
1628880,0.71190353
1628940,0.71190353
1629000,0.71190353
1629060,0.71190353
1629120,0.71190353
1629180,0.71190353
1629240,0.71190353
1629300,0.71190353
1629360,0.71190353
1629420,0.71190353
1629480,0.71190353
1629540,0.71190353
1629600,0.71190353
1629660,0.71190353
1629720,0.71190353
1629780,0.71190353
1629840,0.71190353
1629900,0.71190353
1629960,0.71190353
1630020,0.71190353
1630080,0.71190353
1630140,0.71190353
1630200,0.71190353
1630260,0.71190353
1630320,0.71190353
1630380,0.71190353
1630440,0.71190353
1630500,0.71190353
1630560,0.71190353
1630620,0.71190353
1630680,0.71190353
1630740,0.71190353
1630800,0.71190353
1630860,0.71190353
1630920,0.71190353
1630980,0.71190353
1631040,0.71190353
1631100,0.71190353
1631160,0.71190353
1631220,0.71190353
1631280,0.71190353
1631340,0.71190353
1631400,0.71190353
1631460,0.71190353
1631520,0.71190353
1631580,0.71190353
1631640,0.71190353
1631700,0.71190353
1631760,0.71190353
1631820,0.71190353
1631880,0.71190353
1631940,0.71190353
1632000,0.71190353
1632060,0.71190353
1632120,0.71190353
1632180,0.71190353
1632240,0.71190353
1632300,0.71190353
1632360,0.71190353
1632420,0.71190353
1632480,0.71190353
1632540,0.71190353
1632600,0.71190353
1632660,0.71190353
1632720,0.71190353
1632780,0.71190353
1632840,0.71190353
1632900,0.71190353
1632960,0.71190353
1633020,0.71190353
1633080,0.71190353
1633140,0.71190353
1633200,0.71190353
1633260,0.71190353
1633320,0.71190353
1633380,0.71190353
1633440,0.71190353
1633500,0.71190353
1633560,0.71190353
1633620,0.71190353
1633680,0.71190353
1633740,0.71190353
1633800,0.71190353
1633860,0.71190353
1633920,0.71190353
1633980,0.71190353
1634040,0.71190353
1634100,0.71190353
1634160,0.71190353
1634220,0.71190353
1634280,0.71190353
1634340,0.71190353
1634400,0.71190353
1634460,0.71190353
1634520,0.71190353
1634580,0.71190353
1634640,0.71190353
1634700,0.71190353
1634760,0.71190353
1634820,0.71190353
1634880,0.71190353
1634940,0.71190353
1635000,0.71190353
1635060,0.71190353
1635120,0.71190353
1635180,0.71190353
1635240,0.71190353
1635300,0.71190353
1635360,0.71190353
1635420,0.71190353
1635480,0.71190353
1635540,0.71190353
1635600,0.71190353
1635660,0.71190353
1635720,0.71190353
1635780,0.71190353
1635840,0.71190353
1635900,0.71190353
1635960,0.71190353
1636020,0.71190353
1636080,0.71190353
1636140,0.71190353
1636200,0.71190353
1636260,0.71190353
1636320,0.71190353
1636380,0.71190353
1636440,0.71190353
1636500,0.71190353
1636560,0.71190353
1636620,0.71190353
1636680,0.71190353
1636740,0.71190353
1636800,0.71190353
1636860,0.71190353
1636920,0.71190353
1636980,0.71190353
1637040,0.71190353
1637100,0.71190353
1637160,0.71190353
1637220,0.71190353
1637280,0.71190353
1637340,0.71190353
1637400,0.71190353
1637460,0.71190353
1637520,0.71190353
1637580,0.71190353
1637640,0.71190353
1637700,0.71190353
1637760,0.71190353
1637820,0.71190353
1637880,0.71190353
1637940,0.71190353
1638000,0.71190353
1638060,0.71190353
1638120,0.71190353
1638180,0.71190353
1638240,0.71190353
1638300,0.71190353
1638360,0.71190353
1638420,0.71190353
1638480,0.71190353
1638540,0.71190353
1638600,0.71190353
1638660,0.71190353
1638720,0.71190353
1638780,0.71190353
1638840,0.71190353
1638900,0.71190353
1638960,0.71190353
1639020,0.71190353
1639080,0.71190353
1639140,0.71190353
1639200,0.71190353
1639260,0.71190353
1639320,0.71190353
1639380,0.71190353
1639440,0.71190353
1639500,0.71190353
1639560,0.71190353
1639620,0.71190353
1639680,0.71190353
1639740,0.71190353
1639800,0.71190353
1639860,0.71190353
1639920,0.71190353
1639980,0.71190353
1640040,0.71190353
1640100,0.71190353
1640160,0.71190353
1640220,0.71190353
1640280,0.71190353
1640340,0.71190353
1640400,0.71190353
1640460,0.71190353
1640520,0.71190353
1640580,0.71190353
1640640,0.71190353
1640700,0.71190353
1640760,0.71190353
1640820,0.71190353
1640880,0.71190353
1640940,0.71190353
1641000,0.71190353
1641060,0.71190353
1641120,0.71190353
1641180,0.71190353
1641240,0.71190353
1641300,0.71190353
1641360,0.71190353
1641420,0.71190353
1641480,0.71190353
1641540,0.71190353
1641600,0.71190353
1641660,0.71190353
1641720,0.71190353
1641780,0.71190353
1641840,0.71190353
1641900,0.71190353
1641960,0.71190353
1642020,0.71190353
1642080,0.71190353
1642140,0.71190353
1642200,0.71190353
1642260,0.71190353
1642320,0.71190353
1642380,0.71190353
1642440,0.71190353
1642500,0.71190353
1642560,0.71190353
1642620,0.71190353
1642680,0.71190353
1642740,0.71190353
1642800,0.71190353
1642860,0.71190353
1642920,0.71190353
1642980,0.71190353
1643040,0.71190353
1643100,0.71190353
1643160,0.71190353
1643220,0.71190353
1643280,0.71190353
1643340,0.71190353
1643400,0.71190353
1643460,0.71190353
1643520,0.71190353
1643580,0.71190353
1643640,0.71190353
1643700,0.71190353
1643760,0.71190353
1643820,0.71190353
1643880,0.71190353
1643940,0.71190353
1644000,0.71190353
1644060,0.71190353
1644120,0.71190353
1644180,0.71190353
1644240,0.71190353
1644300,0.71190353
1644360,0.71190353
1644420,0.71190353
1644480,0.71190353
1644540,0.71190353
1644600,0.71190353
1644660,0.71190353
1644720,0.71190353
1644780,0.71190353
1644840,0.71190353
1644900,0.71190353
1644960,0.71190353
1645020,0.71190353
1645080,0.71190353
1645140,0.71190353
1645200,0.71190353
1645260,0.71190353
1645320,0.71190353
1645380,0.71190353
1645440,0.71190353
1645500,0.71190353
1645560,0.71190353
1645620,0.71190353
1645680,0.71190353
1645740,0.71190353
1645800,0.71190353
1645860,0.71190353
1645920,0.71190353
1645980,0.71190353
1646040,0.71190353
1646100,0.71190353
1646160,0.71190353
1646220,0.71190353
1646280,0.71190353
1646340,0.71190353
1646400,0.71190353
1646460,0.71190353
1646520,0.71190353
1646580,0.71190353
1646640,0.71190353
1646700,0.71190353
1646760,0.71190353
1646820,0.71190353
1646880,0.71190353
1646940,0.71190353
1647000,0.71190353
1647060,0.71190353
1647120,0.71190353
1647180,0.71190353
1647240,0.71190353
1647300,0.71190353
1647360,0.71190353
1647420,0.71190353
1647480,0.71190353
1647540,0.71190353
1647600,0.71190353
1647660,0.71190353
1647720,0.71190353
1647780,0.71190353
1647840,0.71190353
1647900,0.71190353
1647960,0.71190353
1648020,0.71190353
1648080,0.71190353
1648140,0.71190353
1648200,0.71190353
1648260,0.71190353
1648320,0.71190353
1648380,0.71190353
1648440,0.71190353
1648500,0.71190353
1648560,0.71190353
1648620,0.71190353
1648680,0.71190353
1648740,0.71190353
1648800,0.71190353
1648860,0.71190353
1648920,0.71190353
1648980,0.71190353
1649040,0.71190353
1649100,0.71190353
1649160,0.71190353
1649220,0.71190353
1649280,0.71190353
1649340,0.71190353
1649400,0.71190353
1649460,0.71190353
1649520,0.71190353
1649580,0.71190353
1649640,0.71190353
1649700,0.71190353
1649760,0.71190353
1649820,0.71190353
1649880,0.71190353
1649940,0.71190353
1650000,0.71190353
1650060,0.71190353
1650120,0.71190353
1650180,0.71190353
1650240,0.71190353
1650300,0.71190353
1650360,0.71190353
1650420,0.71190353
1650480,0.71190353
1650540,0.71190353
1650600,0.71190353
1650660,0.71190353
1650720,0.71190353
1650780,0.71190353
1650840,0.71190353
1650900,0.71190353
1650960,0.71190353
1651020,0.71190353
1651080,0.71190353
1651140,0.71190353
1651200,0.71190353
1651260,0.71190353
1651320,0.71190353
1651380,0.71190353
1651440,0.71190353
1651500,0.71190353
1651560,0.71190353
1651620,0.71190353
1651680,0.71190353
1651740,0.71190353
1651800,0.71190353
1651860,0.71190353
1651920,0.71190353
1651980,0.71190353
1652040,0.71190353
1652100,0.71190353
1652160,0.71190353
1652220,0.71190353
1652280,0.71190353
1652340,0.71190353
1652400,0.71190353
1652460,0.71190353
1652520,0.71190353
1652580,0.71190353
1652640,0.71190353
1652700,0.71190353
1652760,0.71190353
1652820,0.71190353
1652880,0.71190353
1652940,0.71190353
1653000,0.71190353
1653060,0.71190353
1653120,0.71190353
1653180,0.71190353
1653240,0.71190353
1653300,0.71190353
1653360,0.71190353
1653420,0.71190353
1653480,0.71190353
1653540,0.71190353
1653600,0.71190353
1653660,0.71190353
1653720,0.71190353
1653780,0.71190353
1653840,0.71190353
1653900,0.71190353
1653960,0.71190353
1654020,0.71190353
1654080,0.71190353
1654140,0.71190353
1654200,0.71190353
1654260,0.71190353
1654320,0.71190353
1654380,0.71190353
1654440,0.71190353
1654500,0.71190353
1654560,0.71190353
1654620,0.71190353
1654680,0.71190353
1654740,0.71190353
1654800,0.71190353
1654860,0.71190353
1654920,0.71190353
1654980,0.71190353
1655040,0.71190353
1655100,0.71190353
1655160,0.71190353
1655220,0.71190353
1655280,0.71190353
1655340,0.71190353
1655400,0.71190353
1655460,0.71190353
1655520,0.71190353
1655580,0.71190353
1655640,0.71190353
1655700,0.71190353
1655760,0.71190353
1655820,0.71190353
1655880,0.71190353
1655940,0.71190353
1656000,0.71190353
1656060,0.71190353
1656120,0.71190353
1656180,0.71190353
1656240,0.71190353
1656300,0.71190353
1656360,0.71190353
1656420,0.71190353
1656480,0.71190353
1656540,0.71190353
1656600,0.71190353
1656660,0.71190353
1656720,0.71190353
1656780,0.71190353
1656840,0.71190353
1656900,0.71190353
1656960,0.71190353
1657020,0.71190353
1657080,0.71190353
1657140,0.71190353
1657200,0.71190353
1657260,0.71190353
1657320,0.71190353
1657380,0.71190353
1657440,0.71190353
1657500,0.71190353
1657560,0.71190353
1657620,0.71190353
1657680,0.71190353
1657740,0.71190353
1657800,0.71190353
1657860,0.71190353
1657920,0.71190353
1657980,0.71190353
1658040,0.71190353
1658100,0.71190353
1658160,0.71190353
1658220,0.71190353
1658280,0.71190353
1658340,0.71190353
1658400,0.71190353
1658460,0.71190353
1658520,0.71190353
1658580,0.71190353
1658640,0.71190353
1658700,0.71190353
1658760,0.71190353
1658820,0.71190353
1658880,0.71190353
1658940,0.71190353
1659000,0.71190353
1659060,0.71190353
1659120,0.71190353
1659180,0.71190353
1659240,0.71190353
1659300,0.71190353
1659360,0.71190353
1659420,0.71190353
1659480,0.71190353
1659540,0.71190353
1659600,0.71190353
1659660,0.71190353
1659720,0.71190353
1659780,0.71190353
1659840,0.71190353
1659900,0.71190353
1659960,0.71190353
1660020,0.71190353
1660080,0.71190353
1660140,0.71190353
1660200,0.71190353
1660260,0.71190353
1660320,0.71190353
1660380,0.71190353
1660440,0.71190353
1660500,0.71190353
1660560,0.71190353
1660620,0.71190353
1660680,0.71190353
1660740,0.71190353
1660800,0.71190353
1660860,0.71190353
1660920,0.71190353
1660980,0.71190353
1661040,0.71190353
1661100,0.71190353
1661160,0.71190353
1661220,0.71190353
1661280,0.71190353
1661340,0.71190353
1661400,0.71190353
1661460,0.71190353
1661520,0.71190353
1661580,0.71190353
1661640,0.71190353
1661700,0.71190353
1661760,0.71190353
1661820,0.71190353
1661880,0.71190353
1661940,0.71190353
1662000,0.71190353
1662060,0.71190353
1662120,0.71190353
1662180,0.71190353
1662240,0.71190353
1662300,0.71190353
1662360,0.71190353
1662420,0.71190353
1662480,0.71190353
1662540,0.71190353
1662600,0.71190353
1662660,0.71190353
1662720,0.71190353
1662780,0.71190353
1662840,0.71190353
1662900,0.71190353
1662960,0.71190353
1663020,0.71190353
1663080,0.71190353
1663140,0.71190353
1663200,0.71190353
1663260,0.71190353
1663320,0.71190353
1663380,0.71190353
1663440,0.71190353
1663500,0.71190353
1663560,0.71190353
1663620,0.71190353
1663680,0.71190353
1663740,0.71190353
1663800,0.71190353
1663860,0.71190353
1663920,0.71190353
1663980,0.71190353
1664040,0.71190353
1664100,0.71190353
1664160,0.71190353
1664220,0.71190353
1664280,0.71190353
1664340,0.71190353
1664400,0.71190353
1664460,0.71190353
1664520,0.71190353
1664580,0.71190353
1664640,0.71190353
1664700,0.71190353
1664760,0.71190353
1664820,0.71190353
1664880,0.71190353
1664940,0.71190353
1665000,0.71190353
1665060,0.71190353
1665120,0.71190353
1665180,0.71190353
1665240,0.71190353
1665300,0.71190353
1665360,0.71190353
1665420,0.71190353
1665480,0.71190353
1665540,0.71190353
1665600,0.71190353
1665660,0.71190353
1665720,0.71190353
1665780,0.71190353
1665840,0.71190353
1665900,0.71190353
1665960,0.71190353
1666020,0.71190353
1666080,0.71190353
1666140,0.71190353
1666200,0.71190353
1666260,0.71190353
1666320,0.71190353
1666380,0.71190353
1666440,0.71190353
1666500,0.71190353
1666560,0.71190353
1666620,0.71190353
1666680,0.71190353
1666740,0.71190353
1666800,0.71190353
1666860,0.71190353
1666920,0.71190353
1666980,0.71190353
1667040,0.71190353
1667100,0.71190353
1667160,0.71190353
1667220,0.71190353
1667280,0.71190353
1667340,0.71190353
1667400,0.71190353
1667460,0.71190353
1667520,0.71190353
1667580,0.71190353
1667640,0.71190353
1667700,0.71190353
1667760,0.71190353
1667820,0.71190353
1667880,0.71190353
1667940,0.71190353
1668000,0.71190353
1668060,0.71190353
1668120,0.71190353
1668180,0.71190353
1668240,0.71190353
1668300,0.71190353
1668360,0.71190353
1668420,0.71190353
1668480,0.71190353
1668540,0.71190353
1668600,0.71190353
1668660,0.71190353
1668720,0.71190353
1668780,0.71190353
1668840,0.71190353
1668900,0.71190353
1668960,0.71190353
1669020,0.71190353
1669080,0.71190353
1669140,0.71190353
1669200,0.71190353
1669260,0.71190353
1669320,0.71190353
1669380,0.71190353
1669440,0.71190353
1669500,0.71190353
1669560,0.71190353
1669620,0.71190353
1669680,0.71190353
1669740,0.71190353
1669800,0.71190353
1669860,0.71190353
1669920,0.71190353
1669980,0.71190353
1670040,0.71190353
1670100,0.71190353
1670160,0.71190353
1670220,0.71190353
1670280,0.71190353
1670340,0.71190353
1670400,0.71190353
1670460,0.71190353
1670520,0.71190353
1670580,0.71190353
1670640,0.71190353
1670700,0.71190353
1670760,0.71190353
1670820,0.71190353
1670880,0.71190353
1670940,0.71190353
1671000,0.71190353
1671060,0.71190353
1671120,0.71190353
1671180,0.71190353
1671240,0.71190353
1671300,0.71190353
1671360,0.71190353
1671420,0.71190353
1671480,0.71190353
1671540,0.71190353
1671600,0.71190353
1671660,0.71190353
1671720,0.71190353
1671780,0.71190353
1671840,0.71190353
1671900,0.71190353
1671960,0.71190353
1672020,0.71190353
1672080,0.71190353
1672140,0.71190353
1672200,0.71190353
1672260,0.71190353
1672320,0.71190353
1672380,0.71190353
1672440,0.71190353
1672500,0.71190353
1672560,0.71190353
1672620,0.71190353
1672680,0.71190353
1672740,0.71190353
1672800,0.71190353
1672860,0.71190353
1672920,0.71190353
1672980,0.71190353
1673040,0.71190353
1673100,0.71190353
1673160,0.71190353
1673220,0.71190353
1673280,0.71190353
1673340,0.71190353
1673400,0.71190353
1673460,0.71190353
1673520,0.71190353
1673580,0.71190353
1673640,0.71190353
1673700,0.71190353
1673760,0.71190353
1673820,0.71190353
1673880,0.71190353
1673940,0.71190353
1674000,0.71190353
1674060,0.71190353
1674120,0.71190353
1674180,0.71190353
1674240,0.71190353
1674300,0.71190353
1674360,0.71190353
1674420,0.71190353
1674480,0.71190353
1674540,0.71190353
1674600,0.71190353
1674660,0.71190353
1674720,0.71190353
1674780,0.71190353
1674840,0.71190353
1674900,0.71190353
1674960,0.71190353
1675020,0.71190353
1675080,0.71190353
1675140,0.71190353
1675200,0.71190353
1675260,0.71190353
1675320,0.71190353
1675380,0.71190353
1675440,0.71190353
1675500,0.71190353
1675560,0.71190353
1675620,0.71190353
1675680,0.71190353
1675740,0.71190353
1675800,0.71190353
1675860,0.71190353
1675920,0.71190353
1675980,0.71190353
1676040,0.71190353
1676100,0.71190353
1676160,0.71190353
1676220,0.71190353
1676280,0.71190353
1676340,0.71190353
1676400,0.71190353
1676460,0.71190353
1676520,0.71190353
1676580,0.71190353
1676640,0.71190353
1676700,0.71190353
1676760,0.71190353
1676820,0.71190353
1676880,0.71190353
1676940,0.71190353
1677000,0.71190353
1677060,0.71190353
1677120,0.71190353
1677180,0.71190353
1677240,0.71190353
1677300,0.71190353
1677360,0.71190353
1677420,0.71190353
1677480,0.71190353
1677540,0.71190353
1677600,0.71190353
1677660,0.71190353
1677720,0.71190353
1677780,0.71190353
1677840,0.71190353
1677900,0.71190353
1677960,0.71190353
1678020,0.71190353
1678080,0.71190353
1678140,0.71190353
1678200,0.71190353
1678260,0.71190353
1678320,0.71190353
1678380,0.71190353
1678440,0.71190353
1678500,0.71190353
1678560,0.71190353
1678620,0.71190353
1678680,0.71190353
1678740,0.71190353
1678800,0.71190353
1678860,0.71190353
1678920,0.71190353
1678980,0.71190353
1679040,0.71190353
1679100,0.71190353
1679160,0.71190353
1679220,0.71190353
1679280,0.71190353
1679340,0.71190353
1679400,0.71190353
1679460,0.71190353
1679520,0.71190353
1679580,0.71190353
1679640,0.71190353
1679700,0.71190353
1679760,0.71190353
1679820,0.71190353
1679880,0.71190353
1679940,0.71190353
1680000,0.71190353
1680060,0.71190353
1680120,0.71190353
1680180,0.71190353
1680240,0.71190353
1680300,0.71190353
1680360,0.71190353
1680420,0.71190353
1680480,0.71190353
1680540,0.71190353
1680600,0.71190353
1680660,0.71190353
1680720,0.71190353
1680780,0.71190353
1680840,0.71190353
1680900,0.71190353
1680960,0.71190353
1681020,0.71190353
1681080,0.71190353
1681140,0.71190353
1681200,0.71190353
1681260,0.71190353
1681320,0.71190353
1681380,0.71190353
1681440,0.71190353
1681500,0.71190353
1681560,0.71190353
1681620,0.71190353
1681680,0.71190353
1681740,0.71190353
1681800,0.71190353
1681860,0.71190353
1681920,0.71190353
1681980,0.71190353
1682040,0.71190353
1682100,0.71190353
1682160,0.71190353
1682220,0.71190353
1682280,0.71190353
1682340,0.71190353
1682400,0.71190353
1682460,0.71190353
1682520,0.71190353
1682580,0.71190353
1682640,0.71190353
1682700,0.71190353
1682760,0.71190353
1682820,0.71190353
1682880,0.71190353
1682940,0.71190353
1683000,0.71190353
1683060,0.71190353
1683120,0.71190353
1683180,0.71190353
1683240,0.71190353
1683300,0.71190353
1683360,0.71190353
1683420,0.71190353
1683480,0.71190353
1683540,0.71190353
1683600,0.71190353
1683660,0.71190353
1683720,0.71190353
1683780,0.71190353
1683840,0.71190353
1683900,0.71190353
1683960,0.71190353
1684020,0.71190353
1684080,0.71190353
1684140,0.71190353
1684200,0.71190353
1684260,0.71190353
1684320,0.71190353
1684380,0.71190353
1684440,0.71190353
1684500,0.71190353
1684560,0.71190353
1684620,0.71190353
1684680,0.71190353
1684740,0.71190353
1684800,0.71190353
1684860,0.71190353
1684920,0.71190353
1684980,0.71190353
1685040,0.71190353
1685100,0.71190353
1685160,0.71190353
1685220,0.71190353
1685280,0.71190353
1685340,0.71190353
1685400,0.71190353
1685460,0.71190353
1685520,0.71190353
1685580,0.71190353
1685640,0.71190353
1685700,0.71190353
1685760,0.71190353
1685820,0.71190353
1685880,0.71190353
1685940,0.71190353
1686000,0.71190353
1686060,0.71190353
1686120,0.71190353
1686180,0.71190353
1686240,0.71190353
1686300,0.71190353
1686360,0.71190353
1686420,0.71190353
1686480,0.71190353
1686540,0.71190353
1686600,0.71190353
1686660,0.71190353
1686720,0.71190353
1686780,0.71190353
1686840,0.71190353
1686900,0.71190353
1686960,0.71190353
1687020,0.71190353
1687080,0.71190353
1687140,0.71190353
1687200,0.71190353
1687260,0.71190353
1687320,0.71190353
1687380,0.71190353
1687440,0.71190353
1687500,0.71190353
1687560,0.71190353
1687620,0.71190353
1687680,0.71190353
1687740,0.71190353
1687800,0.71190353
1687860,0.71190353
1687920,0.71190353
1687980,0.71190353
1688040,0.71190353
1688100,0.71190353
1688160,0.71190353
1688220,0.71190353
1688280,0.71190353
1688340,0.71190353
1688400,0.71190353
1688460,0.71190353
1688520,0.71190353
1688580,0.71190353
1688640,0.71190353
1688700,0.71190353
1688760,0.71190353
1688820,0.71190353
1688880,0.71190353
1688940,0.71190353
1689000,0.71190353
1689060,0.71190353
1689120,0.71190353
1689180,0.71190353
1689240,0.71190353
1689300,0.71190353
1689360,0.71190353
1689420,0.71190353
1689480,0.71190353
1689540,0.71190353
1689600,0.71190353
1689660,0.71190353
1689720,0.71190353
1689780,0.71190353
1689840,0.71190353
1689900,0.71190353
1689960,0.71190353
1690020,0.71190353
1690080,0.71190353
1690140,0.71190353
1690200,0.71190353
1690260,0.71190353
1690320,0.71190353
1690380,0.71190353
1690440,0.71190353
1690500,0.71190353
1690560,0.71190353
1690620,0.71190353
1690680,0.71190353
1690740,0.71190353
1690800,0.71190353
1690860,0.71190353
1690920,0.71190353
1690980,0.71190353
1691040,0.71190353
1691100,0.71190353
1691160,0.71190353
1691220,0.71190353
1691280,0.71190353
1691340,0.71190353
1691400,0.71190353
1691460,0.71190353
1691520,0.71190353
1691580,0.71190353
1691640,0.71190353
1691700,0.71190353
1691760,0.71190353
1691820,0.71190353
1691880,0.71190353
1691940,0.71190353
1692000,0.71190353
1692060,0.71190353
1692120,0.71190353
1692180,0.71190353
1692240,0.71190353
1692300,0.71190353
1692360,0.71190353
1692420,0.71190353
1692480,0.71190353
1692540,0.71190353
1692600,0.71190353
1692660,0.71190353
1692720,0.71190353
1692780,0.71190353
1692840,0.71190353
1692900,0.71190353
1692960,0.71190353
1693020,0.71190353
1693080,0.71190353
1693140,0.71190353
1693200,0.71190353
1693260,0.71190353
1693320,0.71190353
1693380,0.71190353
1693440,0.71190353
1693500,0.71190353
1693560,0.71190353
1693620,0.71190353
1693680,0.71190353
1693740,0.71190353
1693800,0.71190353
1693860,0.71190353
1693920,0.71190353
1693980,0.71190353
1694040,0.71190353
1694100,0.71190353
1694160,0.71190353
1694220,0.71190353
1694280,0.71190353
1694340,0.71190353
1694400,0.71190353
1694460,0.71190353
1694520,0.71190353
1694580,0.71190353
1694640,0.71190353
1694700,0.71190353
1694760,0.71190353
1694820,0.71190353
1694880,0.71190353
1694940,0.71190353
1695000,0.71190353
1695060,0.71190353
1695120,0.71190353
1695180,0.71190353
1695240,0.71190353
1695300,0.71190353
1695360,0.71190353
1695420,0.71190353
1695480,0.71190353
1695540,0.71190353
1695600,0.71190353
1695660,0.71190353
1695720,0.71190353
1695780,0.71190353
1695840,0.71190353
1695900,0.71190353
1695960,0.71190353
1696020,0.71190353
1696080,0.71190353
1696140,0.71190353
1696200,0.71190353
1696260,0.71190353
1696320,0.71190353
1696380,0.71190353
1696440,0.71190353
1696500,0.71190353
1696560,0.71190353
1696620,0.71190353
1696680,0.71190353
1696740,0.71190353
1696800,0.71190353
1696860,0.71190353
1696920,0.71190353
1696980,0.71190353
1697040,0.71190353
1697100,0.71190353
1697160,0.71190353
1697220,0.71190353
1697280,0.71190353
1697340,0.71190353
1697400,0.71190353
1697460,0.71190353
1697520,0.71190353
1697580,0.71190353
1697640,0.71190353
1697700,0.71190353
1697760,0.71190353
1697820,0.71190353
1697880,0.71190353
1697940,0.71190353
1698000,0.71190353
1698060,0.71190353
1698120,0.71190353
1698180,0.71190353
1698240,0.71190353
1698300,0.71190353
1698360,0.71190353
1698420,0.71190353
1698480,0.71190353
1698540,0.71190353
1698600,0.71190353
1698660,0.71190353
1698720,0.71190353
1698780,0.71190353
1698840,0.71190353
1698900,0.71190353
1698960,0.71190353
1699020,0.71190353
1699080,0.71190353
1699140,0.71190353
1699200,0.71190353
1699260,0.71190353
1699320,0.71190353
1699380,0.71190353
1699440,0.71190353
1699500,0.71190353
1699560,0.71190353
1699620,0.71190353
1699680,0.71190353
1699740,0.71190353
1699800,0.71190353
1699860,0.71190353
1699920,0.71190353
1699980,0.71190353
1700040,0.71190353
1700100,0.71190353
1700160,0.71190353
1700220,0.71190353
1700280,0.71190353
1700340,0.71190353
1700400,0.71190353
1700460,0.71190353
1700520,0.71190353
1700580,0.71190353
1700640,0.71190353
1700700,0.71190353
1700760,0.71190353
1700820,0.71190353
1700880,0.71190353
1700940,0.71190353
1701000,0.71190353
1701060,0.71190353
1701120,0.71190353
1701180,0.71190353
1701240,0.71190353
1701300,0.71190353
1701360,0.71190353
1701420,0.71190353
1701480,0.71190353
1701540,0.71190353
1701600,0.71190353
1701660,0.71190353
1701720,0.71190353
1701780,0.71190353
1701840,0.71190353
1701900,0.71190353
1701960,0.71190353
1702020,0.71190353
1702080,0.71190353
1702140,0.71190353
1702200,0.71190353
1702260,0.71190353
1702320,0.71190353
1702380,0.71190353
1702440,0.71190353
1702500,0.71190353
1702560,0.71190353
1702620,0.71190353
1702680,0.71190353
1702740,0.71190353
1702800,0.71190353
1702860,0.71190353
1702920,0.71190353
1702980,0.71190353
1703040,0.71190353
1703100,0.71190353
1703160,0.71190353
1703220,0.71190353
1703280,0.71190353
1703340,0.71190353
1703400,0.71190353
1703460,0.71190353
1703520,0.71190353
1703580,0.71190353
1703640,0.71190353
1703700,0.71190353
1703760,0.71190353
1703820,0.71190353
1703880,0.71190353
1703940,0.71190353
1704000,0.71190353
1704060,0.71190353
1704120,0.71190353
1704180,0.71190353
1704240,0.71190353
1704300,0.71190353
1704360,0.71190353
1704420,0.71190353
1704480,0.71190353
1704540,0.71190353
1704600,0.71190353
1704660,0.71190353
1704720,0.71190353
1704780,0.71190353
1704840,0.71190353
1704900,0.71190353
1704960,0.71190353
1705020,0.71190353
1705080,0.71190353
1705140,0.71190353
1705200,0.71190353
1705260,0.71190353
1705320,0.71190353
1705380,0.71190353
1705440,0.71190353
1705500,0.71190353
1705560,0.71190353
1705620,0.71190353
1705680,0.71190353
1705740,0.71190353
1705800,0.71190353
1705860,0.71190353
1705920,0.71190353
1705980,0.71190353
1706040,0.71190353
1706100,0.71190353
1706160,0.71190353
1706220,0.71190353
1706280,0.71190353
1706340,0.71190353
1706400,0.71190353
1706460,0.71190353
1706520,0.71190353
1706580,0.71190353
1706640,0.71190353
1706700,0.71190353
1706760,0.71190353
1706820,0.71190353
1706880,0.71190353
1706940,0.71190353
1707000,0.71190353
1707060,0.71190353
1707120,0.71190353
1707180,0.71190352
1707240,0.71190352
1707300,0.71190352
1707360,0.71190352
1707420,0.71190352
1707480,0.71190352
1707540,0.71190352
1707600,0.71190352
1707660,0.71190352
1707720,0.71190352
1707780,0.71190352
1707840,0.71190352
1707900,0.71190352
1707960,0.71190352
1708020,0.71190352
1708080,0.71190352
1708140,0.71190352
1708200,0.71190352
1708260,0.71190352
1708320,0.71190352
1708380,0.71190352
1708440,0.71190352
1708500,0.71190352
1708560,0.71190352
1708620,0.71190352
1708680,0.71190352
1708740,0.71190352
1708800,0.71190352
1708860,0.71190352
1708920,0.71190352
1708980,0.71190352
1709040,0.71190352
1709100,0.71190352
1709160,0.71190352
1709220,0.71190352
1709280,0.71190352
1709340,0.71190352
1709400,0.71190352
1709460,0.71190352
1709520,0.71190352
1709580,0.71190352
1709640,0.71190352
1709700,0.71190352
1709760,0.71190352
1709820,0.71190352
1709880,0.71190352
1709940,0.71190352
1710000,0.71190352
1710060,0.71190352
1710120,0.71190352
1710180,0.71190352
1710240,0.71190352
1710300,0.71190352
1710360,0.71190352
1710420,0.71190352
1710480,0.71190352
1710540,0.71190352
1710600,0.71190352
1710660,0.71190352
1710720,0.71190352
1710780,0.71190352
1710840,0.71190352
1710900,0.71190352
1710960,0.71190352
1711020,0.71190352
1711080,0.71190352
1711140,0.71190352
1711200,0.71190352
1711260,0.71190352
1711320,0.71190352
1711380,0.71190352
1711440,0.71190352
1711500,0.71190352
1711560,0.71190352
1711620,0.71190352
1711680,0.71190352
1711740,0.71190352
1711800,0.71190352
1711860,0.71190352
1711920,0.71190352
1711980,0.71190352
1712040,0.71190352
1712100,0.71190352
1712160,0.71190352
1712220,0.71190352
1712280,0.71190352
1712340,0.71190352
1712400,0.71190352
1712460,0.71190352
1712520,0.71190352
1712580,0.71190352
1712640,0.71190352
1712700,0.71190352
1712760,0.71190352
1712820,0.71190352
1712880,0.71190352
1712940,0.71190352
1713000,0.71190352
1713060,0.71190352
1713120,0.71190352
1713180,0.71190352
1713240,0.71190352
1713300,0.71190352
1713360,0.71190352
1713420,0.71190352
1713480,0.71190352
1713540,0.71190352
1713600,0.71190352
1713660,0.71190352
1713720,0.71190352
1713780,0.71190352
1713840,0.71190352
1713900,0.71190352
1713960,0.71190352
1714020,0.71190352
1714080,0.71190352
1714140,0.71190352
1714200,0.71190352
1714260,0.71190352
1714320,0.71190352
1714380,0.71190352
1714440,0.71190352
1714500,0.71190352
1714560,0.71190352
1714620,0.71190352
1714680,0.71190352
1714740,0.71190352
1714800,0.71190352
1714860,0.71190352
1714920,0.71190352
1714980,0.71190352
1715040,0.71190352
1715100,0.71190352
1715160,0.71190352
1715220,0.71190352
1715280,0.71190352
1715340,0.71190352
1715400,0.71190352
1715460,0.71190352
1715520,0.71190352
1715580,0.71190352
1715640,0.71190352
1715700,0.71190352
1715760,0.71190352
1715820,0.71190352
1715880,0.71190352
1715940,0.71190352
1716000,0.71190352
1716060,0.71190352
1716120,0.71190352
1716180,0.71190352
1716240,0.71190352
1716300,0.71190352
1716360,0.71190352
1716420,0.71190352
1716480,0.71186315
1716540,0.71186315
1716600,0.71186315
1716660,0.71186315
1716720,0.71186315
1716780,0.71186315
1716840,0.71186315
1716900,0.71186315
1716960,0.71186315
1717020,0.71186315
1717080,0.71186315
1717140,0.71180014
1717200,0.71179145
1717260,0.71179145
1717320,0.71179145
1717380,0.71177592
1717440,0.71177588
1717500,0.71177587
1717560,0.71177587
1717620,0.71177587
1717680,0.71175419
1717740,0.71175419
1717800,0.71175419
1717860,0.71173848
1717920,0.71173848
1717980,0.71173848
1718040,0.71173848
1718100,0.71173848
1718160,0.71173848
1718220,0.71171177
1718280,0.71171177
1718340,0.71171177
1718400,0.71171177
1718460,0.71171177
1718520,0.71171177
1718580,0.71168355
1718640,0.71168355
1718700,0.71168355
1718760,0.71168355
1718820,0.71168355
1718880,0.71168355
1718940,0.71168355
1719000,0.71168355
1719060,0.71168355
1719120,0.71168355
1719180,0.71168355
1719240,0.71168355
1719300,0.71168355
1719360,0.71168355
1719420,0.71168355
1719480,0.71168355
1719540,0.71168355
1719600,0.71168355
1719660,0.71168355
1719720,0.71168355
1719780,0.71168355
1719840,0.71168355
1719900,0.71168355
1719960,0.71168355
1720020,0.71168355
1720080,0.71168355
1720140,0.71168355
1720200,0.71168355
1720260,0.71168355
1720320,0.71168355
1720380,0.71168355
1720440,0.71168355
1720500,0.71168355
1720560,0.71168355
1720620,0.71168355
1720680,0.71168355
1720740,0.71168355
1720800,0.71168355
1720860,0.71168355
1720920,0.71168355
1720980,0.71168355
1721040,0.71168355
1721100,0.71168355
1721160,0.71168355
1721220,0.71168355
1721280,0.71168355
1721340,0.71168355
1721400,0.71168355
1721460,0.71168355
1721520,0.71168355
1721580,0.71168355
1721640,0.71168355
1721700,0.71168355
1721760,0.71168355
1721820,0.71168355
1721880,0.71168355
1721940,0.71168355
1722000,0.71168355
1722060,0.71168355
1722120,0.71168355
1722180,0.71168355
1722240,0.71168355
1722300,0.71168355
1722360,0.71168355
1722420,0.71168355
1722480,0.71168355
1722540,0.71168355
1722600,0.71168355
1722660,0.71168355
1722720,0.71168355
1722780,0.71168355
1722840,0.71168355
1722900,0.71168355
1722960,0.71168355
1723020,0.71168355
1723080,0.71168355
1723140,0.71168355
1723200,0.71168355
1723260,0.71168355
1723320,0.71168355
1723380,0.71168355
1723440,0.71168355
1723500,0.71168355
1723560,0.71168355
1723620,0.71168355
1723680,0.71168355
1723740,0.71168355
1723800,0.71168355
1723860,0.71168355
1723920,0.71168355
1723980,0.71168355
1724040,0.71168355
1724100,0.71168355
1724160,0.71168355
1724220,0.71168355
1724280,0.71168355
1724340,0.71168355
1724400,0.71168355
1724460,0.71168355
1724520,0.71168355
1724580,0.71168355
1724640,0.71168355
1724700,0.71168355
1724760,0.71168355
1724820,0.71168355
1724880,0.71168355
1724940,0.71168355
1725000,0.71168355
1725060,0.71168355
1725120,0.71168355
1725180,0.71168355
1725240,0.71168355
1725300,0.71168355
1725360,0.71168355
1725420,0.71168355
1725480,0.71168355
1725540,0.71168355
1725600,0.71168355
1725660,0.71168355
1725720,0.71168355
1725780,0.71168355
1725840,0.71168355
1725900,0.71168355
1725960,0.71168355
1726020,0.71168355
1726080,0.71168355
1726140,0.71168355
1726200,0.71168355
1726260,0.71168355
1726320,0.71168355
1726380,0.71168355
1726440,0.71168355
1726500,0.71168355
1726560,0.71168355
1726620,0.71168355
1726680,0.71168355
1726740,0.71168355
1726800,0.71168355
1726860,0.71168355
1726920,0.71168355
1726980,0.71168355
1727040,0.71168355
1727100,0.71168355
1727160,0.71168355
1727220,0.71168355
1727280,0.71168355
1727340,0.71168355
1727400,0.71168355
1727460,0.71168355
1727520,0.71168355
1727580,0.71168355
1727640,0.71168355
1727700,0.71168355
1727760,0.71168355
1727820,0.71168355
1727880,0.71168355
1727940,0.71168342
1728000,0.71168342
1728060,0.71168342
1728120,0.71168342
1728180,0.71168342
1728240,0.71168342
1728300,0.71168342
1728360,0.71168342
1728420,0.71168342
1728480,0.71168342
1728540,0.71168342
1728600,0.71168342
1728660,0.71168342
1728720,0.71168342
1728780,0.71168342
1728840,0.71168342
1728900,0.71168342
1728960,0.71168342
1729020,0.71168342
1729080,0.71168342
1729140,0.71168342
1729200,0.71168277
1729260,0.71168277
1729320,0.71168277
1729380,0.71168277
1729440,0.71168277
1729500,0.71168277
1729560,0.71168277
1729620,0.71168277
1729680,0.71168277
1729740,0.71168277
1729800,0.71168277
1729860,0.71168277
1729920,0.71168277
1729980,0.71168277
1730040,0.71168277
1730100,0.71168277
1730160,0.71168277
1730220,0.71168277
1730280,0.71168277
1730340,0.71168277
1730400,0.71168277
1730460,0.71168277
1730520,0.71168277
1730580,0.71168277
1730640,0.71168271
1730700,0.71168271
1730760,0.71168271
1730820,0.71168271
1730880,0.71168271
1730940,0.71168271
1731000,0.71168271
1731060,0.71168271
1731120,0.71168271
1731180,0.71168271
1731240,0.71168271
1731300,0.71168271
1731360,0.71168271
1731420,0.71168271
1731480,0.71168271
1731540,0.71168271
1731600,0.71168271
1731660,0.71168271
1731720,0.71168268
1731780,0.71168265
1731840,0.71168265
1731900,0.71168265
1731960,0.71168265
1732020,0.71168265
1732080,0.71168265
1732140,0.71168265
1732200,0.71168265
1732260,0.71168265
1732320,0.71168265
1732380,0.71168265
1732440,0.71168264
1732500,0.71168259
1732560,0.71168259
1732620,0.71168259
1732680,0.71168259
1732740,0.71168259
1732800,0.71168259
1732860,0.71168259
1732920,0.71168259
1732980,0.71168259
1733040,0.71168259
1733100,0.71168259
1733160,0.71168259
1733220,0.71168259
1733280,0.71168259
1733340,0.71168259
1733400,0.71168259
1733460,0.71168259
1733520,0.71168259
1733580,0.71168258
1733640,0.71168258
1733700,0.71168258
1733760,0.71168258
1733820,0.71168258
1733880,0.71168258
1733940,0.71168258
1734000,0.71168258
1734060,0.71168258
1734120,0.71168258
1734180,0.71168258
1734240,0.71168247
1734300,0.71168247
1734360,0.71168247
1734420,0.71168247
1734480,0.71168240
1734540,0.71168240
1734600,0.71168240
1734660,0.71168240
1734720,0.71168240
1734780,0.71168240
1734840,0.71168240
1734900,0.71168240
1734960,0.71168240
1735020,0.71168240
1735080,0.71168240
1735140,0.71168240
1735200,0.71168240
1735260,0.71168240
1735320,0.71168240
1735380,0.71168240
1735440,0.71168240
1735500,0.71168240
1735560,0.71168240
1735620,0.71168240
1735680,0.71168240
1735740,0.71168240
1735800,0.71168240
1735860,0.71168240
1735920,0.71168240
1735980,0.71168240
1736040,0.71168240
1736100,0.71168240
1736160,0.71168240
1736220,0.71168240
1736280,0.71168240
1736340,0.71168240
1736400,0.71168240
1736460,0.71168240
1736520,0.71168240
1736580,0.71168240
1736640,0.71168240
1736700,0.71168240
1736760,0.71168240
1736820,0.71168240
1736880,0.71168240
1736940,0.71168240
1737000,0.71168240
1737060,0.71168240
1737120,0.71168240
1737180,0.71168240
1737240,0.71168240
1737300,0.71168240
1737360,0.71168240
1737420,0.71168240
1737480,0.71168240
1737540,0.71168240
1737600,0.71168240
1737660,0.71168240
1737720,0.71168240
1737780,0.71168240
1737840,0.71168240
1737900,0.71168240
1737960,0.71168240
1738020,0.71168240
1738080,0.71168240
1738140,0.71168240
1738200,0.71168240
1738260,0.71168240
1738320,0.71168240
1738380,0.71168240
1738440,0.71168240
1738500,0.71168240
1738560,0.71168240
1738620,0.71168240
1738680,0.71168240
1738740,0.71168240
1738800,0.71168240
1738860,0.71168240
1738920,0.71168240
1738980,0.71168240
1739040,0.71168240
1739100,0.71168240
1739160,0.71168240
1739220,0.71168240
1739280,0.71168240
1739340,0.71168240
1739400,0.71168240
1739460,0.71168240
1739520,0.71168240
1739580,0.71168240
1739640,0.71168240
1739700,0.71168240
1739760,0.71168240
1739820,0.71168240
1739880,0.71168240
1739940,0.71168240
1740000,0.71168240
1740060,0.71168240
1740120,0.71168240
1740180,0.71168240
1740240,0.71168240
1740300,0.71168240
1740360,0.71168240
1740420,0.71168240
1740480,0.71168240
1740540,0.71168240
1740600,0.71168240
1740660,0.71168240
1740720,0.71168240
1740780,0.71168240
1740840,0.71168240
1740900,0.71168240
1740960,0.71168240
1741020,0.71168240
1741080,0.71168240
1741140,0.71168240
1741200,0.71168240
1741260,0.71168240
1741320,0.71168240
1741380,0.71168240
1741440,0.71168240
1741500,0.71168240
1741560,0.71168240
1741620,0.71168240
1741680,0.71168240
1741740,0.71168240
1741800,0.71168240
1741860,0.71168240
1741920,0.71168240
1741980,0.71168240
1742040,0.71168240
1742100,0.71168240
1742160,0.71168240
1742220,0.71168240
1742280,0.71168240
1742340,0.71168240
1742400,0.71168240
1742460,0.71168240
1742520,0.71168240
1742580,0.71168240
1742640,0.71168240
1742700,0.71168240
1742760,0.71168240
1742820,0.71168240
1742880,0.71168240
1742940,0.71168240
1743000,0.71168240
1743060,0.71168240
1743120,0.71168240
1743180,0.71168240
1743240,0.71168240
1743300,0.71168240
1743360,0.71168240
1743420,0.71168240
1743480,0.71168240
1743540,0.71168240
1743600,0.71168240
1743660,0.71168240
1743720,0.71168240
1743780,0.71168240
1743840,0.71168240
1743900,0.71168240
1743960,0.71168240
1744020,0.71168240
1744080,0.71168240
1744140,0.71168240
1744200,0.71168240
1744260,0.71168240
1744320,0.71168240
1744380,0.71168240
1744440,0.71168240
1744500,0.71168240
1744560,0.71168240
1744620,0.71168240
1744680,0.71168240
1744740,0.71168240
1744800,0.71168240
1744860,0.71168240
1744920,0.71168240
1744980,0.71168240
1745040,0.71168240
1745100,0.71168240
1745160,0.71168240
1745220,0.71168240
1745280,0.71168240
1745340,0.71168240
1745400,0.71168240
1745460,0.71168240
1745520,0.71168240
1745580,0.71168240
1745640,0.71168240
1745700,0.71168240
1745760,0.71168240
1745820,0.71168240
1745880,0.71168240
1745940,0.71168240
1746000,0.71168240
1746060,0.71168240
1746120,0.71168240
1746180,0.71168240
1746240,0.71168240
1746300,0.71168240
1746360,0.71168240
1746420,0.71168240
1746480,0.71168240
1746540,0.71168240
1746600,0.71168240
1746660,0.71168240
1746720,0.71168240
1746780,0.71168240
1746840,0.71168240
1746900,0.71168240
1746960,0.71168240
1747020,0.71168240
1747080,0.71168240
1747140,0.71168240
1747200,0.71168240
1747260,0.71168240
1747320,0.71168240
1747380,0.71168240
1747440,0.71168240
1747500,0.71168240
1747560,0.71168240
1747620,0.71168240
1747680,0.71168240
1747740,0.71168240
1747800,0.71168240
1747860,0.71168240
1747920,0.71168240
1747980,0.71168240
1748040,0.71168240
1748100,0.71168240
1748160,0.71168240
1748220,0.71168240
1748280,0.71168240
1748340,0.71168240
1748400,0.71168240
1748460,0.71168240
1748520,0.71168240
1748580,0.71168240
1748640,0.71168240
1748700,0.71168240
1748760,0.71168240
1748820,0.71168240
1748880,0.71168240
1748940,0.71168240
1749000,0.71168240
1749060,0.71168240
1749120,0.71168240
1749180,0.71168240
1749240,0.71168240
1749300,0.71168240
1749360,0.71168240
1749420,0.71168240
1749480,0.71168240
1749540,0.71168240
1749600,0.71168240
1749660,0.71168240
1749720,0.71168240
1749780,0.71168240
1749840,0.71168240
1749900,0.71168240
1749960,0.71168240
1750020,0.71168240
1750080,0.71168240
1750140,0.71168240
1750200,0.71168240
1750260,0.71168240
1750320,0.71168240
1750380,0.71168240
1750440,0.71168240
1750500,0.71168240
1750560,0.71168240
1750620,0.71168240
1750680,0.71168240
1750740,0.71168240
1750800,0.71168240
1750860,0.71168240
1750920,0.71168240
1750980,0.71168240
1751040,0.71168240
1751100,0.71168240
1751160,0.71168240
1751220,0.71168240
1751280,0.71168240
1751340,0.71168240
1751400,0.71168240
1751460,0.71168240
1751520,0.71168240
1751580,0.71168240
1751640,0.71168240
1751700,0.71168240
1751760,0.71168240
1751820,0.71168240
1751880,0.71168240
1751940,0.71168240
1752000,0.71168240
1752060,0.71168240
1752120,0.71168240
1752180,0.71168240
1752240,0.71168240
1752300,0.71168240
1752360,0.71168240
1752420,0.71168240
1752480,0.71168240
1752540,0.71168240
1752600,0.71168240
1752660,0.71168240
1752720,0.71168240
1752780,0.71168240
1752840,0.71168240
1752900,0.71168240
1752960,0.71168240
1753020,0.71168240
1753080,0.71168240
1753140,0.71168240
1753200,0.71168240
1753260,0.71168240
1753320,0.71168240
1753380,0.71168240
1753440,0.71168240
1753500,0.71168240
1753560,0.71168240
1753620,0.71168240
1753680,0.71168240
1753740,0.71168240
1753800,0.71168240
1753860,0.71168240
1753920,0.71168240
1753980,0.71168240
1754040,0.71168240
1754100,0.71168240
1754160,0.71168240
1754220,0.71168240
1754280,0.71168240
1754340,0.71168240
1754400,0.71168240
1754460,0.71168240
1754520,0.71168240
1754580,0.71168240
1754640,0.71168240
1754700,0.71168240
1754760,0.71168240
1754820,0.71168240
1754880,0.71168240
1754940,0.71168240
1755000,0.71168240
1755060,0.71168240
1755120,0.71168240
1755180,0.71168240
1755240,0.71168240
1755300,0.71168240
1755360,0.71168240
1755420,0.71168240
1755480,0.71168240
1755540,0.71168240
1755600,0.71168240
1755660,0.71168240
1755720,0.71168240
1755780,0.71168240
1755840,0.71168240
1755900,0.71168240
1755960,0.71168240
1756020,0.71168240
1756080,0.71168240
1756140,0.71168240
1756200,0.71168240
1756260,0.71168240
1756320,0.71168240
1756380,0.71168240
1756440,0.71168240
1756500,0.71168240
1756560,0.71168240
1756620,0.71168240
1756680,0.71168240
1756740,0.71168240
1756800,0.71168240
1756860,0.71168240
1756920,0.71168240
1756980,0.71168240
1757040,0.71168240
1757100,0.71168240
1757160,0.71168240
1757220,0.71168240
1757280,0.71168240
1757340,0.71168240
1757400,0.71168240
1757460,0.71168240
1757520,0.71168240
1757580,0.71168240
1757640,0.71168240
1757700,0.71168240
1757760,0.71168240
1757820,0.71168240
1757880,0.71168240
1757940,0.71168240
1758000,0.71168240
1758060,0.71168240
1758120,0.71168240
1758180,0.71168240
1758240,0.71168240
1758300,0.71168240
1758360,0.71168240
1758420,0.71168240
1758480,0.71168240
1758540,0.71168240
1758600,0.71168240
1758660,0.71168240
1758720,0.71168240
1758780,0.71168240
1758840,0.71168240
1758900,0.71168240
1758960,0.71168240
1759020,0.71168240
1759080,0.71168240
1759140,0.71168240
1759200,0.71168240
1759260,0.71168240
1759320,0.71168240
1759380,0.71168240
1759440,0.71168240
1759500,0.71168240
1759560,0.71168240
1759620,0.71168240
1759680,0.71168240
1759740,0.71168240
1759800,0.71168240
1759860,0.71168240
1759920,0.71168240
1759980,0.71168240
1760040,0.71168240
1760100,0.71168240
1760160,0.71168240
1760220,0.71168240
1760280,0.71168240
1760340,0.71168240
1760400,0.71168240
1760460,0.71168240
1760520,0.71168240
1760580,0.71168240
1760640,0.71168240
1760700,0.71168240
1760760,0.71168240
1760820,0.71168240
1760880,0.71168240
1760940,0.71168240
1761000,0.71168240
1761060,0.71168240
1761120,0.71168240
1761180,0.71168240
1761240,0.71168240
1761300,0.71168240
1761360,0.71168240
1761420,0.71168240
1761480,0.71168240
1761540,0.71168240
1761600,0.71168240
1761660,0.71168240
1761720,0.71168240
1761780,0.71168240
1761840,0.71168240
1761900,0.71168240
1761960,0.71168240
1762020,0.71168240
1762080,0.71168240
1762140,0.71168240
1762200,0.71168240
1762260,0.71168240
1762320,0.71168240
1762380,0.71168240
1762440,0.71168240
1762500,0.71168240
1762560,0.71168240
1762620,0.71168240
1762680,0.71168240
1762740,0.71168240
1762800,0.71168240
1762860,0.71168240
1762920,0.71168240
1762980,0.71168240
1763040,0.71168240
1763100,0.71168240
1763160,0.71168240
1763220,0.71168240
1763280,0.71168240
1763340,0.71168240
1763400,0.71168240
1763460,0.71168240
1763520,0.71168240
1763580,0.71168240
1763640,0.71168240
1763700,0.71168240
1763760,0.71168240
1763820,0.71168240
1763880,0.71168240
1763940,0.71168240
1764000,0.71168240
1764060,0.71168240
1764120,0.71168240
1764180,0.71168240
1764240,0.71168240
1764300,0.71168240
1764360,0.71168240
1764420,0.71168240
1764480,0.71168240
1764540,0.71168240
1764600,0.71168240
1764660,0.71168240
1764720,0.71168240
1764780,0.71168240
1764840,0.71168240
1764900,0.71168240
1764960,0.71168240
1765020,0.71168240
1765080,0.71168240
1765140,0.71168240
1765200,0.71168240
1765260,0.71168240
1765320,0.71168240
1765380,0.71168240
1765440,0.71168240
1765500,0.71168240
1765560,0.71168240
1765620,0.71168240
1765680,0.71168240
1765740,0.71168240
1765800,0.71168240
1765860,0.71168240
1765920,0.71168240
1765980,0.71168240
1766040,0.71168240
1766100,0.71168240
1766160,0.71168240
1766220,0.71168240
1766280,0.71168240
1766340,0.71168240
1766400,0.71168240
1766460,0.71168240
1766520,0.71168240
1766580,0.71168240
1766640,0.71168240
1766700,0.71168240
1766760,0.71168240
1766820,0.71168240
1766880,0.71168240
1766940,0.71168240
1767000,0.71168240
1767060,0.71168240
1767120,0.71168240
1767180,0.71168240
1767240,0.71168240
1767300,0.71168240
1767360,0.71168240
1767420,0.71168240
1767480,0.71168240
1767540,0.71168240
1767600,0.71168240
1767660,0.71168240
1767720,0.71168240
1767780,0.71168240
1767840,0.71168240
1767900,0.71168240
1767960,0.71168240
1768020,0.71168240
1768080,0.71168240
1768140,0.71168240
1768200,0.71168240
1768260,0.71168240
1768320,0.71168240
1768380,0.71168240
1768440,0.71168240
1768500,0.71168240
1768560,0.71168240
1768620,0.71168240
1768680,0.71168240
1768740,0.71168240
1768800,0.71168240
1768860,0.71168240
1768920,0.71168240
1768980,0.71168240
1769040,0.71168240
1769100,0.71168240
1769160,0.71168240
1769220,0.71168240
1769280,0.71168240
1769340,0.71168240
1769400,0.71168240
1769460,0.71168240
1769520,0.71168240
1769580,0.71168240
1769640,0.71168240
1769700,0.71168240
1769760,0.71168240
1769820,0.71168240
1769880,0.71168240
1769940,0.71168240
1770000,0.71168240
1770060,0.71168240
1770120,0.71168240
1770180,0.71168240
1770240,0.71168240
1770300,0.71168240
1770360,0.71168240
1770420,0.71168240
1770480,0.71168240
1770540,0.71168240
1770600,0.71168240
1770660,0.71168240
1770720,0.71168240
1770780,0.71168240
1770840,0.71168240
1770900,0.71168240
1770960,0.71168240
1771020,0.71168240
1771080,0.71168240
1771140,0.71168240
1771200,0.71168240
1771260,0.71168240
1771320,0.71168240
1771380,0.71168240
1771440,0.71168240
1771500,0.71168240
1771560,0.71168240
1771620,0.71168240
1771680,0.71168240
1771740,0.71168240
1771800,0.71168240
1771860,0.71168240
1771920,0.71168240
1771980,0.71168240
1772040,0.71168240
1772100,0.71168240
1772160,0.71168240
1772220,0.71168240
1772280,0.71168240
1772340,0.71168240
1772400,0.71168240
1772460,0.71168240
1772520,0.71168240
1772580,0.71168240
1772640,0.71168240
1772700,0.71168240
1772760,0.71168240
1772820,0.71168240
1772880,0.71168240
1772940,0.71168240
1773000,0.71168240
1773060,0.71168240
1773120,0.71168240
1773180,0.71168240
1773240,0.71168240
1773300,0.71168240
1773360,0.71168240
1773420,0.71168240
1773480,0.71168240
1773540,0.71168240
1773600,0.71168240
1773660,0.71168240
1773720,0.71168240
1773780,0.71168240
1773840,0.71168240
1773900,0.71168240
1773960,0.71168240
1774020,0.71168240
1774080,0.71168240
1774140,0.71168240
1774200,0.71168240
1774260,0.71168240
1774320,0.71168240
1774380,0.71168240
1774440,0.71168240
1774500,0.71168240
1774560,0.71168240
1774620,0.71168240
1774680,0.71168240
1774740,0.71168240
1774800,0.71168240
1774860,0.71168240
1774920,0.71168240
1774980,0.71168240
1775040,0.71168240
1775100,0.71168240
1775160,0.71168240
1775220,0.71168240
1775280,0.71168240
1775340,0.71168240
1775400,0.71168240
1775460,0.71168240
1775520,0.71168240
1775580,0.71168240
1775640,0.71168240
1775700,0.71168240
1775760,0.71168240
1775820,0.71168240
1775880,0.71168240
1775940,0.71168240
1776000,0.71168240
1776060,0.71168240
1776120,0.71168240
1776180,0.71168240
1776240,0.71168240
1776300,0.71168240
1776360,0.71168240
1776420,0.71168240
1776480,0.71168240
1776540,0.71168240
1776600,0.71168240
1776660,0.71168240
1776720,0.71168240
1776780,0.71168240
1776840,0.71168240
1776900,0.71168240
1776960,0.71168240
1777020,0.71168240
1777080,0.71168240
1777140,0.71168240
1777200,0.71168240
1777260,0.71168240
1777320,0.71168240
1777380,0.71168240
1777440,0.71168240
1777500,0.71168240
1777560,0.71168240
1777620,0.71168240
1777680,0.71168240
1777740,0.71168240
1777800,0.71168240
1777860,0.71168240
1777920,0.71168240
1777980,0.71168240
1778040,0.71168240
1778100,0.71168240
1778160,0.71168240
1778220,0.71168240
1778280,0.71168240
1778340,0.71168240
1778400,0.71168240
1778460,0.71168240
1778520,0.71168240
1778580,0.71168240
1778640,0.71168240
1778700,0.71168240
1778760,0.71168240
1778820,0.71168240
1778880,0.71168240
1778940,0.71168240
1779000,0.71168240
1779060,0.71168240
1779120,0.71168240
1779180,0.71168240
1779240,0.71168240
1779300,0.71168240
1779360,0.71168240
1779420,0.71168240
1779480,0.71168240
1779540,0.71168240
1779600,0.71168240
1779660,0.71168240
1779720,0.71168240
1779780,0.71168240
1779840,0.71168240
1779900,0.71168240
1779960,0.71168240
1780020,0.71168240
1780080,0.71168240
1780140,0.71168240
1780200,0.71168240
1780260,0.71168240
1780320,0.71168240
1780380,0.71168240
1780440,0.71168240
1780500,0.71168240
1780560,0.71168240
1780620,0.71168240
1780680,0.71168240
1780740,0.71168240
1780800,0.71168240
1780860,0.71168240
1780920,0.71168240
1780980,0.71168240
1781040,0.71168240
1781100,0.71168240
1781160,0.71168240
1781220,0.71168240
1781280,0.71168240
1781340,0.71168240
1781400,0.71168240
1781460,0.71168240
1781520,0.71168240
1781580,0.71168240
1781640,0.71168240
1781700,0.71168240
1781760,0.71168240
1781820,0.71168240
1781880,0.71168240
1781940,0.71168240
1782000,0.71168240
1782060,0.71168240
1782120,0.71168240
1782180,0.71168240
1782240,0.71168240
1782300,0.71168240
1782360,0.71168240
1782420,0.71168240
1782480,0.71168240
1782540,0.71168240
1782600,0.71168240
1782660,0.71168240
1782720,0.71168240
1782780,0.71168240
1782840,0.71168240
1782900,0.71168240
1782960,0.71168240
1783020,0.71168240
1783080,0.71168240
1783140,0.71168240
1783200,0.71168240
1783260,0.71168240
1783320,0.71168240
1783380,0.71168240
1783440,0.71168240
1783500,0.71168240
1783560,0.71168240
1783620,0.71168240
1783680,0.71168240
1783740,0.71168240
1783800,0.71168240
1783860,0.71168240
1783920,0.71168240
1783980,0.71168240
1784040,0.71168240
1784100,0.71168240
1784160,0.71168240
1784220,0.71168240
1784280,0.71168240
1784340,0.71168240
1784400,0.71168240
1784460,0.71168240
1784520,0.71168240
1784580,0.71168240
1784640,0.71168240
1784700,0.71168240
1784760,0.71168240
1784820,0.71168240
1784880,0.71168240
1784940,0.71168240
1785000,0.71168240
1785060,0.71168240
1785120,0.71168240
1785180,0.71168240
1785240,0.71168240
1785300,0.71168240
1785360,0.71168240
1785420,0.71168240
1785480,0.71168240
1785540,0.71168240
1785600,0.71168240
1785660,0.71168240
1785720,0.71168240
1785780,0.71168240
1785840,0.71168240
1785900,0.71168240
1785960,0.71168240
1786020,0.71168240
1786080,0.71168240
1786140,0.71168240
1786200,0.71168240
1786260,0.71168240
1786320,0.71168240
1786380,0.71168240
1786440,0.71168240
1786500,0.71168240
1786560,0.71168240
1786620,0.71168240
1786680,0.71168240
1786740,0.71168240
1786800,0.71168240
1786860,0.71168240
1786920,0.71168240
1786980,0.71168240
1787040,0.71168240
1787100,0.71168240
1787160,0.71168240
1787220,0.71168240
1787280,0.71168240
1787340,0.71168240
1787400,0.71168240
1787460,0.71168240
1787520,0.71168240
1787580,0.71168240
1787640,0.71168240
1787700,0.71168240
1787760,0.71168240
1787820,0.71168240
1787880,0.71168240
1787940,0.71168240
1788000,0.71168240
1788060,0.71168240
1788120,0.71168240
1788180,0.71168240
1788240,0.71168240
1788300,0.71168240
1788360,0.71168240
1788420,0.71168240
1788480,0.71168240
1788540,0.71168240
1788600,0.71168240
1788660,0.71168240
1788720,0.71168240
1788780,0.71168240
1788840,0.71168240
1788900,0.71168240
1788960,0.71168240
1789020,0.71168240
1789080,0.71168240
1789140,0.71168240
1789200,0.71168240
1789260,0.71168240
1789320,0.71168240
1789380,0.71168240
1789440,0.71168240
1789500,0.71168240
1789560,0.71168240
1789620,0.71168240
1789680,0.71168240
1789740,0.71168240
1789800,0.71168240
1789860,0.71168240
1789920,0.71168240
1789980,0.71168240
1790040,0.71168240
1790100,0.71168240
1790160,0.71168240
1790220,0.71168240
1790280,0.71168240
1790340,0.71168240
1790400,0.71168240
1790460,0.71168240
1790520,0.71168240
1790580,0.71168240
1790640,0.71168240
1790700,0.71168240
1790760,0.71168240
1790820,0.71168240
1790880,0.71168240
1790940,0.71168240
1791000,0.71168240
1791060,0.71168240
1791120,0.71168240
1791180,0.71168240
1791240,0.71168240
1791300,0.71168240
1791360,0.71168240
1791420,0.71168240
1791480,0.71168240
1791540,0.71168240
1791600,0.71168240
1791660,0.71168240
1791720,0.71168240
1791780,0.71168240
1791840,0.71168240
1791900,0.71168240
1791960,0.71168240
1792020,0.71168240
1792080,0.71168240
1792140,0.71168240
1792200,0.71168240
1792260,0.71168240
1792320,0.71168240
1792380,0.71168240
1792440,0.71168240
1792500,0.71168240
1792560,0.71168240
1792620,0.71168240
1792680,0.71168240
1792740,0.71168240
1792800,0.71168240
1792860,0.71168240
1792920,0.71168240
1792980,0.71168240
1793040,0.71168240
1793100,0.71168240
1793160,0.71168240
1793220,0.71168240
1793280,0.71168240
1793340,0.71168240
1793400,0.71168240
1793460,0.71168240
1793520,0.71168240
1793580,0.71168240
1793640,0.71168240
1793700,0.71168240
1793760,0.71168240
1793820,0.71168240
1793880,0.71168240
1793940,0.71168240
1794000,0.71168240
1794060,0.71168240
1794120,0.71168240
1794180,0.71168240
1794240,0.71168240
1794300,0.71168240
1794360,0.71168240
1794420,0.71168240
1794480,0.71168240
1794540,0.71168240
1794600,0.71168240
1794660,0.71168240
1794720,0.71168240
1794780,0.71168240
1794840,0.71168240
1794900,0.71168240
1794960,0.71168240
1795020,0.71168240
1795080,0.71168240
1795140,0.71168240
1795200,0.71168240
1795260,0.71168240
1795320,0.71168240
1795380,0.71168240
1795440,0.71168240
1795500,0.71168240
1795560,0.71168240
1795620,0.71168240
1795680,0.71168240
1795740,0.71168240
1795800,0.71168240
1795860,0.71168240
1795920,0.71168240
1795980,0.71168240
1796040,0.71168240
1796100,0.71168240
1796160,0.71168240
1796220,0.71168240
1796280,0.71168240
1796340,0.71168240
1796400,0.71168240
1796460,0.71168240
1796520,0.71168240
1796580,0.71168240
1796640,0.71168240
1796700,0.71168240
1796760,0.71168240
1796820,0.71168240
1796880,0.71168240
1796940,0.71168240
1797000,0.71168240
1797060,0.71168240
1797120,0.71168240
1797180,0.71168240
1797240,0.71168240
1797300,0.71168240
1797360,0.71168240
1797420,0.71168240
1797480,0.71168240
1797540,0.71168240
1797600,0.71168225
1797660,0.71168225
1797720,0.71168225
1797780,0.71168225
1797840,0.71168225
1797900,0.71168225
1797960,0.71168225
1798020,0.71168225
1798080,0.71168225
1798140,0.71168225
1798200,0.71168225
1798260,0.71168225
1798320,0.71168225
1798380,0.71168225
1798440,0.71168225
1798500,0.71168225
1798560,0.71168225
1798620,0.71168225
1798680,0.71168225
1798740,0.71168225
1798800,0.71168225
1798860,0.71168225
1798920,0.71168225
1798980,0.71168225
1799040,0.71168225
1799100,0.71168223
1799160,0.71168223
1799220,0.71168223
1799280,0.71168223
1799340,0.71168223
1799400,0.71168223
1799460,0.71168223
1799520,0.71168223
1799580,0.71168223
1799640,0.71168223
1799700,0.71168223
1799760,0.71168223
1799820,0.71168223
1799880,0.71168223
1799940,0.71168223
1800000,0.71168223
1800060,0.71168223
1800120,0.71168223
1800180,0.71168223
1800240,0.71168223
1800300,0.71168223
1800360,0.71168223
1800420,0.71168223
1800480,0.71168223
1800540,0.71168223
1800600,0.71168223
1800660,0.71168223
1800720,0.71168223
1800780,0.71168223
1800840,0.71168223
1800900,0.71168223
1800960,0.71168223
1801020,0.71168223
1801080,0.71168223
1801140,0.71168223
1801200,0.71168223
1801260,0.71168223
1801320,0.71168223
1801380,0.71168223
1801440,0.71168223
1801500,0.71168223
1801560,0.71168223
1801620,0.71168223
1801680,0.71168223
1801740,0.71168223
1801800,0.71168223
1801860,0.71168223
1801920,0.71168223
1801980,0.71168223
1802040,0.71168223
1802100,0.71168223
1802160,0.71168223
1802220,0.71168223
1802280,0.71168223
1802340,0.71168223
1802400,0.71168223
1802460,0.71168223
1802520,0.71168223
1802580,0.71168223
1802640,0.71168223
1802700,0.71168223
1802760,0.71168223
1802820,0.71168223
1802880,0.71168223
1802940,0.71168223
1803000,0.71168223
1803060,0.71168223
1803120,0.71168223
1803180,0.71168223
1803240,0.71168223
1803300,0.71168223
1803360,0.71168223
1803420,0.71168223
1803480,0.71168223
1803540,0.71168223
1803600,0.71168223
1803660,0.71168223
1803720,0.71168223
1803780,0.71168223
1803840,0.71168223
1803900,0.71168223
1803960,0.71168223
1804020,0.71168223
1804080,0.71168223
1804140,0.71168223
1804200,0.71168223
1804260,0.71168223
1804320,0.71168223
1804380,0.71168223
1804440,0.71168223
1804500,0.71168223
1804560,0.71168223
1804620,0.71168223
1804680,0.71168223
1804740,0.71168223
1804800,0.71168223
1804860,0.71168223
1804920,0.71168223
1804980,0.71168223
1805040,0.71168223
1805100,0.71168223
1805160,0.71168223
1805220,0.71168223
1805280,0.71168223
1805340,0.71168223
1805400,0.71168223
1805460,0.71168223
1805520,0.71168223
1805580,0.71168223
1805640,0.71168223
1805700,0.71168223
1805760,0.71168223
1805820,0.71168223
1805880,0.71168223
1805940,0.71168223
1806000,0.71168223
1806060,0.71168223
1806120,0.71168223
1806180,0.71168223
1806240,0.71168223
1806300,0.71168223
1806360,0.71168223
1806420,0.71168223
1806480,0.71168223
1806540,0.71168223
1806600,0.71168223
1806660,0.71168223
1806720,0.71168223
1806780,0.71168223
1806840,0.71168223
1806900,0.71168223
1806960,0.71168223
1807020,0.71168223
1807080,0.71168223
1807140,0.71168223
1807200,0.71168223
1807260,0.71168223
1807320,0.71168223
1807380,0.71168223
1807440,0.71168223
1807500,0.71168223
1807560,0.71168223
1807620,0.71168223
1807680,0.71168223
1807740,0.71168223
1807800,0.71168223
1807860,0.71168223
1807920,0.71168223
1807980,0.71168223
1808040,0.71168223
1808100,0.71168223
1808160,0.71168223
1808220,0.71168223
1808280,0.71168223
1808340,0.71168223
1808400,0.71168223
1808460,0.71168223
1808520,0.71168223
1808580,0.71168223
1808640,0.71168222
1808700,0.71168222
1808760,0.71168222
1808820,0.71168222
1808880,0.71168222
1808940,0.71168222
1809000,0.71168222
1809060,0.71168222
1809120,0.71168222
1809180,0.71168222
1809240,0.71168222
1809300,0.71168222
1809360,0.71168222
1809420,0.71168222
1809480,0.71168222
1809540,0.71168222
1809600,0.71168222
1809660,0.71168222
1809720,0.71168222
1809780,0.71168222
1809840,0.71168222
1809900,0.71168222
1809960,0.71168222
1810020,0.71168222
1810080,0.71168222
1810140,0.71168222
1810200,0.71168222
1810260,0.71168222
1810320,0.71168222
1810380,0.71168222
1810440,0.71168222
1810500,0.71168222
1810560,0.71168222
1810620,0.71168222
1810680,0.71168222
1810740,0.71168222
1810800,0.71168222
1810860,0.71168222
1810920,0.71168222
1810980,0.71168222
1811040,0.71168222
1811100,0.71168222
1811160,0.71168222
1811220,0.71168222
1811280,0.71168222
1811340,0.71168222
1811400,0.71168222
1811460,0.71168222
1811520,0.71168222
1811580,0.71168222
1811640,0.71168222
1811700,0.71168222
1811760,0.71168222
1811820,0.71168222
1811880,0.71168222
1811940,0.71168222
1812000,0.71168222
1812060,0.71168222
1812120,0.71168222
1812180,0.71168222
1812240,0.71168222
1812300,0.71168222
1812360,0.71168222
1812420,0.71168222
1812480,0.71168222
1812540,0.71168222
1812600,0.71168222
1812660,0.71168222
1812720,0.71168222
1812780,0.71168222
1812840,0.71168222
1812900,0.71168222
1812960,0.71168222
1813020,0.71168222
1813080,0.71168222
1813140,0.71168222
1813200,0.71168222
1813260,0.71168222
1813320,0.71168222
1813380,0.71168222
1813440,0.71168222
1813500,0.71168222
1813560,0.71168222
1813620,0.71168222
1813680,0.71168222
1813740,0.71168222
1813800,0.71168222
1813860,0.71168222
1813920,0.71168222
1813980,0.71168222
1814040,0.71168222
1814100,0.71168222
1814160,0.71168222
1814220,0.71168222
1814280,0.71168222
1814340,0.71168222
1814400,0.71168222
1814460,0.71168222
1814520,0.71168222
1814580,0.71168222
1814640,0.71168222
1814700,0.71168222
1814760,0.71168222
1814820,0.71168222
1814880,0.71168222
1814940,0.71168222
1815000,0.71168222
1815060,0.71168222
1815120,0.71168222
1815180,0.71168222
1815240,0.71168222
1815300,0.71168222
1815360,0.71168222
1815420,0.71168222
1815480,0.71168222
1815540,0.71168222
1815600,0.71168222
1815660,0.71168222
1815720,0.71168222
1815780,0.71168222
1815840,0.71168222
1815900,0.71168222
1815960,0.71168222
1816020,0.71168222
1816080,0.71168222
1816140,0.71168222
1816200,0.71168222
1816260,0.71168222
1816320,0.71168222
1816380,0.71168222
1816440,0.71168222
1816500,0.71168222
1816560,0.71168222
1816620,0.71168222
1816680,0.71168222
1816740,0.71168222
1816800,0.71168222
1816860,0.71168222
1816920,0.71168222
1816980,0.71168222
1817040,0.71168222
1817100,0.71168222
1817160,0.71168222
1817220,0.71168222
1817280,0.71168222
1817340,0.71168222
1817400,0.71168222
1817460,0.71168222
1817520,0.71168222
1817580,0.71168222
1817640,0.71168222
1817700,0.71168222
1817760,0.71168222
1817820,0.71168222
1817880,0.71168222
1817940,0.71168222
1818000,0.71168222
1818060,0.71168222
1818120,0.71168222
1818180,0.71168222
1818240,0.71168222
1818300,0.71168222
1818360,0.71168222
1818420,0.71168222
1818480,0.71168222
1818540,0.71168222
1818600,0.71168222
1818660,0.71168222
1818720,0.71168222
1818780,0.71168222
1818840,0.71168222
1818900,0.71168222
1818960,0.71168222
1819020,0.71168222
1819080,0.71168222
1819140,0.71168222
1819200,0.71168222
1819260,0.71168222
1819320,0.71168222
1819380,0.71168222
1819440,0.71168222
1819500,0.71168222
1819560,0.71168222
1819620,0.71168222
1819680,0.71168222
1819740,0.71168222
1819800,0.71168222
1819860,0.71168222
1819920,0.71168222
1819980,0.71168222
1820040,0.71168222
1820100,0.71168222
1820160,0.71168222
1820220,0.71168222
1820280,0.71168222
1820340,0.71168222
1820400,0.71168222
1820460,0.71168222
1820520,0.71168222
1820580,0.71168222
1820640,0.71168222
1820700,0.71168222
1820760,0.71168222
1820820,0.71168222
1820880,0.71168222
1820940,0.71168222
1821000,0.71168222
1821060,0.71168222
1821120,0.71168222
1821180,0.71168222
1821240,0.71168222
1821300,0.71168222
1821360,0.71168222
1821420,0.71168222
1821480,0.71168222
1821540,0.71168222
1821600,0.71168222
1821660,0.71168222
1821720,0.71168222
1821780,0.71168222
1821840,0.71168222
1821900,0.71168222
1821960,0.71168222
1822020,0.71168222
1822080,0.71168222
1822140,0.71168222
1822200,0.71168222
1822260,0.71168222
1822320,0.71168222
1822380,0.71168222
1822440,0.71168222
1822500,0.71168222
1822560,0.71168222
1822620,0.71168222
1822680,0.71168222
1822740,0.71168222
1822800,0.71168222
1822860,0.71168222
1822920,0.71168222
1822980,0.71168222
1823040,0.71168222
1823100,0.71168222
1823160,0.71168222
1823220,0.71168222
1823280,0.71168222
1823340,0.71168222
1823400,0.71168222
1823460,0.71168222
1823520,0.71168222
1823580,0.71168222
1823640,0.71168222
1823700,0.71168222
1823760,0.71168222
1823820,0.71168222
1823880,0.71168222
1823940,0.71168222
1824000,0.71168222
1824060,0.71168222
1824120,0.71168222
1824180,0.71168222
1824240,0.71168222
1824300,0.71168222
1824360,0.71168222
1824420,0.71168222
1824480,0.71168222
1824540,0.71168222
1824600,0.71168222
1824660,0.71168222
1824720,0.71168222
1824780,0.71168222
1824840,0.71168222
1824900,0.71168222
1824960,0.71168222
1825020,0.71168222
1825080,0.71168222
1825140,0.71168222
1825200,0.71168222
1825260,0.71168222
1825320,0.71168222
1825380,0.71168222
1825440,0.71168222
1825500,0.71168222
1825560,0.71168222
1825620,0.71168222
1825680,0.71168222
1825740,0.71168222
1825800,0.71168222
1825860,0.71168222
1825920,0.71168222
1825980,0.71168222
1826040,0.71168222
1826100,0.71168222
1826160,0.71168222
1826220,0.71168222
1826280,0.71168222
1826340,0.71168222
1826400,0.71168222
1826460,0.71168222
1826520,0.71168222
1826580,0.71168222
1826640,0.71168222
1826700,0.71168222
1826760,0.71168222
1826820,0.71168222
1826880,0.71168222
1826940,0.71168222
1827000,0.71168222
1827060,0.71168222
1827120,0.71168222
1827180,0.71168222
1827240,0.71168222
1827300,0.71168222
1827360,0.71168222
1827420,0.71168222
1827480,0.71168222
1827540,0.71168222
1827600,0.71168222
1827660,0.71168222
1827720,0.71168222
1827780,0.71168222
1827840,0.71168222
1827900,0.71168222
1827960,0.71168222
1828020,0.71168222
1828080,0.71168222
1828140,0.71168222
1828200,0.71168222
1828260,0.71168222
1828320,0.71168222
1828380,0.71168222
1828440,0.71168222
1828500,0.71168222
1828560,0.71168222
1828620,0.71168222
1828680,0.71168222
1828740,0.71168222
1828800,0.71168222
1828860,0.71168222
1828920,0.71168222
1828980,0.71168222
1829040,0.71168222
1829100,0.71168222
1829160,0.71168222
1829220,0.71168222
1829280,0.71168222
1829340,0.71168222
1829400,0.71168222
1829460,0.71168222
1829520,0.71168222
1829580,0.71168222
1829640,0.71168222
1829700,0.71168222
1829760,0.71168222
1829820,0.71168222
1829880,0.71168222
1829940,0.71168222
1830000,0.71168222
1830060,0.71168222
1830120,0.71168222
1830180,0.71168222
1830240,0.71168222
1830300,0.71168222
1830360,0.71168222
1830420,0.71168222
1830480,0.71168222
1830540,0.71168222
1830600,0.71168222
1830660,0.71168222
1830720,0.71168222
1830780,0.71168222
1830840,0.71168222
1830900,0.71168222
1830960,0.71168222
1831020,0.71168222
1831080,0.71168222
1831140,0.71168222
1831200,0.71168222
1831260,0.71168222
1831320,0.71168222
1831380,0.71168222
1831440,0.71168222
1831500,0.71168222
1831560,0.71168222
1831620,0.71168222
1831680,0.71168222
1831740,0.71168222
1831800,0.71168222
1831860,0.71168222
1831920,0.71168222
1831980,0.71168222
1832040,0.71168222
1832100,0.71168222
1832160,0.71168222
1832220,0.71168222
1832280,0.71168222
1832340,0.71168222
1832400,0.71168222
1832460,0.71168222
1832520,0.71168222
1832580,0.71168222
1832640,0.71168222
1832700,0.71168222
1832760,0.71168222
1832820,0.71168222
1832880,0.71168222
1832940,0.71168222
1833000,0.71168222
1833060,0.71168222
1833120,0.71168222
1833180,0.71168222
1833240,0.71168222
1833300,0.71168222
1833360,0.71168222
1833420,0.71168222
1833480,0.71168222
1833540,0.71168222
1833600,0.71168222
1833660,0.71168222
1833720,0.71168222
1833780,0.71168222
1833840,0.71168222
1833900,0.71168222
1833960,0.71168222
1834020,0.71168222
1834080,0.71168222
1834140,0.71168222
1834200,0.71168222
1834260,0.71168222
1834320,0.71168222
1834380,0.71168222
1834440,0.71168222
1834500,0.71168222
1834560,0.71168222
1834620,0.71168222
1834680,0.71168222
1834740,0.71168222
1834800,0.71168222
1834860,0.71168222
1834920,0.71168222
1834980,0.71168222
1835040,0.71168222
1835100,0.71168222
1835160,0.71168222
1835220,0.71168222
1835280,0.71168222
1835340,0.71168222
1835400,0.71168222
1835460,0.71168222
1835520,0.71168222
1835580,0.71168222
1835640,0.71168222
1835700,0.71168222
1835760,0.71168222
1835820,0.71168222
1835880,0.71168222
1835940,0.71168222
1836000,0.71168222
1836060,0.71168222
1836120,0.71168222
1836180,0.71168222
1836240,0.71168222
1836300,0.71168222
1836360,0.71168222
1836420,0.71168222
1836480,0.71168222
1836540,0.71168222
1836600,0.71168222
1836660,0.71168222
1836720,0.71168222
1836780,0.71168222
1836840,0.71168222
1836900,0.71168222
1836960,0.71168222
1837020,0.71168222
1837080,0.71168222
1837140,0.71168222
1837200,0.71168222
1837260,0.71168222
1837320,0.71168222
1837380,0.71168222
1837440,0.71168222
1837500,0.71168222
1837560,0.71168222
1837620,0.71168222
1837680,0.71168222
1837740,0.71168222
1837800,0.71168222
1837860,0.71168222
1837920,0.71168222
1837980,0.71168222
1838040,0.71168222
1838100,0.71168222
1838160,0.71168222
1838220,0.71168222
1838280,0.71168222
1838340,0.71168222
1838400,0.71168222
1838460,0.71168222
1838520,0.71168222
1838580,0.71168222
1838640,0.71168222
1838700,0.71168222
1838760,0.71168222
1838820,0.71168222
1838880,0.71168222
1838940,0.71168222
1839000,0.71168222
1839060,0.71168222
1839120,0.71168222
1839180,0.71168222
1839240,0.71168222
1839300,0.71168222
1839360,0.71168222
1839420,0.71168222
1839480,0.71168222
1839540,0.71168222
1839600,0.71168222
1839660,0.71168222
1839720,0.71168222
1839780,0.71168222
1839840,0.71168222
1839900,0.71168222
1839960,0.71168222
1840020,0.71168222
1840080,0.71168222
1840140,0.71168222
1840200,0.71168222
1840260,0.71168222
1840320,0.71168222
1840380,0.71168222
1840440,0.71168222
1840500,0.71168222
1840560,0.71168222
1840620,0.71168222
1840680,0.71168222
1840740,0.71168222
1840800,0.71168222
1840860,0.71168222
1840920,0.71168222
1840980,0.71168222
1841040,0.71168222
1841100,0.71168222
1841160,0.71168222
1841220,0.71168222
1841280,0.71168222
1841340,0.71168222
1841400,0.71168222
1841460,0.71168222
1841520,0.71168222
1841580,0.71168222
1841640,0.71168222
1841700,0.71168222
1841760,0.71168222
1841820,0.71168222
1841880,0.71168222
1841940,0.71168222
1842000,0.71168222
1842060,0.71168222
1842120,0.71168222
1842180,0.71168222
1842240,0.71168222
1842300,0.71168222
1842360,0.71168222
1842420,0.71168222
1842480,0.71168222
1842540,0.71168222
1842600,0.71168222
1842660,0.71168222
1842720,0.71168222
1842780,0.71168222
1842840,0.71168222
1842900,0.71168222
1842960,0.71168222
1843020,0.71168222
1843080,0.71168222
1843140,0.71168222
1843200,0.71168222
1843260,0.71168222
1843320,0.71168222
1843380,0.71168222
1843440,0.71168222
1843500,0.71168222
1843560,0.71168222
1843620,0.71168222
1843680,0.71168222
1843740,0.71168222
1843800,0.71168222
1843860,0.71168222
1843920,0.71168222
1843980,0.71168222
1844040,0.71168222
1844100,0.71168222
1844160,0.71168222
1844220,0.71168222
1844280,0.71168222
1844340,0.71168222
1844400,0.71168222
1844460,0.71168222
1844520,0.71168222
1844580,0.71168222
1844640,0.71168222
1844700,0.71168222
1844760,0.71168222
1844820,0.71168222
1844880,0.71168222
1844940,0.71168222
1845000,0.71168222
1845060,0.71168222
1845120,0.71168222
1845180,0.71168222
1845240,0.71168222
1845300,0.71168222
1845360,0.71168222
1845420,0.71168222
1845480,0.71168222
1845540,0.71168222
1845600,0.71168222
1845660,0.71168222
1845720,0.71168222
1845780,0.71168222
1845840,0.71168222
1845900,0.71168222
1845960,0.71168222
1846020,0.71168222
1846080,0.71168222
1846140,0.71168222
1846200,0.71168222
1846260,0.71168222
1846320,0.71168222
1846380,0.71168222
1846440,0.71168222
1846500,0.71168222
1846560,0.71168222
1846620,0.71168222
1846680,0.71168222
1846740,0.71168222
1846800,0.71168222
1846860,0.71168222
1846920,0.71168222
1846980,0.71168222
1847040,0.71168222
1847100,0.71168222
1847160,0.71168222
1847220,0.71168222
1847280,0.71168222
1847340,0.71168222
1847400,0.71168222
1847460,0.71168222
1847520,0.71168222
1847580,0.71168222
1847640,0.71168222
1847700,0.71168222
1847760,0.71168222
1847820,0.71168222
1847880,0.71168222
1847940,0.71168222
1848000,0.71168222
1848060,0.71168222
1848120,0.71168222
1848180,0.71168222
1848240,0.71168222
1848300,0.71168222
1848360,0.71168222
1848420,0.71168222
1848480,0.71168222
1848540,0.71168222
1848600,0.71168222
1848660,0.71168222
1848720,0.71168222
1848780,0.71168222
1848840,0.71168222
1848900,0.71168222
1848960,0.71168222
1849020,0.71168222
1849080,0.71168222
1849140,0.71168222
1849200,0.71168222
1849260,0.71168222
1849320,0.71168222
1849380,0.71168222
1849440,0.71168222
1849500,0.71168222
1849560,0.71168222
1849620,0.71168222
1849680,0.71168222
1849740,0.71168222
1849800,0.71168222
1849860,0.71168222
1849920,0.71168222
1849980,0.71168222
1850040,0.71168222
1850100,0.71168222
1850160,0.71168222
1850220,0.71168222
1850280,0.71168222
1850340,0.71168222
1850400,0.71168222
1850460,0.71168222
1850520,0.71168222
1850580,0.71168222
1850640,0.71168222
1850700,0.71168222
1850760,0.71168222
1850820,0.71168222
1850880,0.71168222
1850940,0.71168222
1851000,0.71168222
1851060,0.71168222
1851120,0.71168222
1851180,0.71168222
1851240,0.71168222
1851300,0.71168222
1851360,0.71168222
1851420,0.71168222
1851480,0.71168222
1851540,0.71168222
1851600,0.71168222
1851660,0.71168222
1851720,0.71168222
1851780,0.71168222
1851840,0.71168222
1851900,0.71168222
1851960,0.71168222
1852020,0.71168222
1852080,0.71168222
1852140,0.71168222
1852200,0.71168222
1852260,0.71168222
1852320,0.71168222
1852380,0.71168222
1852440,0.71168222
1852500,0.71168222
1852560,0.71168222
1852620,0.71168222
1852680,0.71168222
1852740,0.71168222
1852800,0.71168222
1852860,0.71168222
1852920,0.71168222
1852980,0.71168222
1853040,0.71168222
1853100,0.71168222
1853160,0.71168222
1853220,0.71168222
1853280,0.71168222
1853340,0.71168222
1853400,0.71168222
1853460,0.71168220
1853520,0.71168220
1853580,0.71168220
1853640,0.71168220
1853700,0.71168220
1853760,0.71168220
1853820,0.71168220
1853880,0.71168220
1853940,0.71168220
1854000,0.71168220
1854060,0.71168220
1854120,0.71168220
1854180,0.71168220
1854240,0.71168220
1854300,0.71168220
1854360,0.71168220
1854420,0.71168220
1854480,0.71168220
1854540,0.71168220
1854600,0.71168220
1854660,0.71168220
1854720,0.71168220
1854780,0.71168220
1854840,0.71168220
1854900,0.71168220
1854960,0.71168220
1855020,0.71168220
1855080,0.71168220
1855140,0.71168220
1855200,0.71168220
1855260,0.71168220
1855320,0.71168220
1855380,0.71168220
1855440,0.71168220
1855500,0.71168220
1855560,0.71168220
1855620,0.71168220
1855680,0.71168220
1855740,0.71168220
1855800,0.71168220
1855860,0.71168220
1855920,0.71168220
1855980,0.71168220
1856040,0.71168220
1856100,0.71168220
1856160,0.71168220
1856220,0.71168220
1856280,0.71168220
1856340,0.71168220
1856400,0.71168220
1856460,0.71168220
1856520,0.71168220
1856580,0.71168220
1856640,0.71168220
1856700,0.71168220
1856760,0.71168220
1856820,0.71168220
1856880,0.71168220
1856940,0.71168220
1857000,0.71168220
1857060,0.71168220
1857120,0.71168220
1857180,0.71168220
1857240,0.71168220
1857300,0.71168220
1857360,0.71168220
1857420,0.71168220
1857480,0.71168220
1857540,0.71168220
1857600,0.71168220
1857660,0.71168220
1857720,0.71168220
1857780,0.71168220
1857840,0.71168220
1857900,0.71168220
1857960,0.71168220
1858020,0.71168220
1858080,0.71168220
1858140,0.71168220
1858200,0.71168220
1858260,0.71168220
1858320,0.71168220
1858380,0.71168220
1858440,0.71168220
1858500,0.71168220
1858560,0.71168220
1858620,0.71168220
1858680,0.71168220
1858740,0.71168220
1858800,0.71168220
1858860,0.71168220
1858920,0.71168220
1858980,0.71168220
1859040,0.71168220
1859100,0.71168220
1859160,0.71168220
1859220,0.71168220
1859280,0.71168220
1859340,0.71168220
1859400,0.71168220
1859460,0.71168220
1859520,0.71168220
1859580,0.71168220
1859640,0.71168220
1859700,0.71168220
1859760,0.71168220
1859820,0.71168220
1859880,0.71168220
1859940,0.71168220
1860000,0.71168220
1860060,0.71168220
1860120,0.71168220
1860180,0.71168220
1860240,0.71168220
1860300,0.71168220
1860360,0.71168220
1860420,0.71168220
1860480,0.71168220
1860540,0.71168220
1860600,0.71168220
1860660,0.71168220
1860720,0.71168220
1860780,0.71168220
1860840,0.71168220
1860900,0.71168220
1860960,0.71168220
1861020,0.71168220
1861080,0.71168220
1861140,0.71168220
1861200,0.71168220
1861260,0.71168220
1861320,0.71168220
1861380,0.71168220
1861440,0.71168220
1861500,0.71168220
1861560,0.71168220
1861620,0.71168220
1861680,0.71168220
1861740,0.71168220
1861800,0.71168220
1861860,0.71168220
1861920,0.71168220
1861980,0.71168220
1862040,0.71168220
1862100,0.71168220
1862160,0.71168220
1862220,0.71168220
1862280,0.71168220
1862340,0.71168220
1862400,0.71168220
1862460,0.71168220
1862520,0.71168220
1862580,0.71168220
1862640,0.71168220
1862700,0.71168220
1862760,0.71168220
1862820,0.71168220
1862880,0.71168220
1862940,0.71168220
1863000,0.71168220
1863060,0.71168220
1863120,0.71168220
1863180,0.71168220
1863240,0.71168220
1863300,0.71168220
1863360,0.71168220
1863420,0.71168220
1863480,0.71168220
1863540,0.71168220
1863600,0.71168220
1863660,0.71168220
1863720,0.71168220
1863780,0.71168220
1863840,0.71168220
1863900,0.71168220
1863960,0.71168220
1864020,0.71168220
1864080,0.71168220
1864140,0.71168220
1864200,0.71168220
1864260,0.71168220
1864320,0.71168220
1864380,0.71168220
1864440,0.71168220
1864500,0.71168220
1864560,0.71168220
1864620,0.71168220
1864680,0.71168220
1864740,0.71168220
1864800,0.71168220
1864860,0.71168220
1864920,0.71168220
1864980,0.71168220
1865040,0.71168219
1865100,0.71168219
1865160,0.71168219
1865220,0.71168219
1865280,0.71168219
1865340,0.71168219
1865400,0.71168219
1865460,0.71168219
1865520,0.71168219
1865580,0.71168219
1865640,0.71168219
1865700,0.71168219
1865760,0.71168219
1865820,0.71168219
1865880,0.71168219
1865940,0.71168219
1866000,0.71168219
1866060,0.71168219
1866120,0.71168219
1866180,0.71168219
1866240,0.71168219
1866300,0.71168219
1866360,0.71168219
1866420,0.71168219
1866480,0.71168219
1866540,0.71168219
1866600,0.71168219
1866660,0.71168219
1866720,0.71168219
1866780,0.71168219
1866840,0.71168219
1866900,0.71168219
1866960,0.71168219
1867020,0.71168219
1867080,0.71168219
1867140,0.71168219
1867200,0.71168219
1867260,0.71168219
1867320,0.71168219
1867380,0.71168219
1867440,0.71168219
1867500,0.71168219
1867560,0.71168219
1867620,0.71168219
1867680,0.71168219
1867740,0.71168219
1867800,0.71168219
1867860,0.71168219
1867920,0.71168219
1867980,0.71168219
1868040,0.71168219
1868100,0.71168219
1868160,0.71168219
1868220,0.71168219
1868280,0.71168219
1868340,0.71168219
1868400,0.71168219
1868460,0.71168219
1868520,0.71168219
1868580,0.71168219
1868640,0.71168219
1868700,0.71168219
1868760,0.71168219
1868820,0.71168219
1868880,0.71168219
1868940,0.71168219
1869000,0.71168219
1869060,0.71168219
1869120,0.71168219
1869180,0.71168219
1869240,0.71168219
1869300,0.71168219
1869360,0.71168219
1869420,0.71168219
1869480,0.71168219
1869540,0.71168219
1869600,0.71168219
1869660,0.71168219
1869720,0.71168219
1869780,0.71168219
1869840,0.71168219
1869900,0.71168219
1869960,0.71168219
1870020,0.71168219
1870080,0.71168219
1870140,0.71168219
1870200,0.71168219
1870260,0.71168219
1870320,0.71168219
1870380,0.71168219
1870440,0.71168219
1870500,0.71168219
1870560,0.71168219
1870620,0.71168219
1870680,0.71168219
1870740,0.71168219
1870800,0.71168219
1870860,0.71168219
1870920,0.71168219
1870980,0.71168219
1871040,0.71168219
1871100,0.71168219
1871160,0.71168219
1871220,0.71168219
1871280,0.71168219
1871340,0.71168219
1871400,0.71168219
1871460,0.71168219
1871520,0.71168219
1871580,0.71168219
1871640,0.71168219
1871700,0.71168219
1871760,0.71168219
1871820,0.71168219
1871880,0.71168219
1871940,0.71168219
1872000,0.71168219
1872060,0.71168212
1872120,0.71168212
1872180,0.71168212
1872240,0.71168212
1872300,0.71168212
1872360,0.71168212
1872420,0.71168212
1872480,0.71168212
1872540,0.71168212
1872600,0.71168212
1872660,0.71168212
1872720,0.71168212
1872780,0.71168212
1872840,0.71168212
1872900,0.71168212
1872960,0.71168212
1873020,0.71168212
1873080,0.71168212
1873140,0.71168212
1873200,0.71168212
1873260,0.71168212
1873320,0.71168212
1873380,0.71168212
1873440,0.71168212
1873500,0.71168212
1873560,0.71168212
1873620,0.71168212
1873680,0.71168212
1873740,0.71168212
1873800,0.71168212
1873860,0.71168212
1873920,0.71168212
1873980,0.71168212
1874040,0.71168212
1874100,0.71168212
1874160,0.71168212
1874220,0.71168212
1874280,0.71168212
1874340,0.71168212
1874400,0.71168212
1874460,0.71168212
1874520,0.71168212
1874580,0.71168212
1874640,0.71168212
1874700,0.71168212
1874760,0.71168212
1874820,0.71168212
1874880,0.71168212
1874940,0.71168212
1875000,0.71168212
1875060,0.71168212
1875120,0.71168212
1875180,0.71168212
1875240,0.71168212
1875300,0.71168212
1875360,0.71168212
1875420,0.71168212
1875480,0.71168212
1875540,0.71168212
1875600,0.71168212
1875660,0.71168212
1875720,0.71168212
1875780,0.71168212
1875840,0.71168212
1875900,0.71168212
1875960,0.71168212
1876020,0.71168212
1876080,0.71168212
1876140,0.71168212
1876200,0.71168212
1876260,0.71168212
1876320,0.71168212
1876380,0.71168212
1876440,0.71168212
1876500,0.71168212
1876560,0.71168212
1876620,0.71168212
1876680,0.71168212
1876740,0.71168212
1876800,0.71168212
1876860,0.71168212
1876920,0.71168212
1876980,0.71168212
1877040,0.71168212
1877100,0.71168212
1877160,0.71168212
1877220,0.71168212
1877280,0.71168212
1877340,0.71168212
1877400,0.71168212
1877460,0.71168212
1877520,0.71168212
1877580,0.71168212
1877640,0.71168212
1877700,0.71168212
1877760,0.71168212
1877820,0.71168212
1877880,0.71168212
1877940,0.71168212
1878000,0.71168212
1878060,0.71168212
1878120,0.71168212
1878180,0.71168212
1878240,0.71168212
1878300,0.71168212
1878360,0.71168212
1878420,0.71168212
1878480,0.71168212
1878540,0.71168212
1878600,0.71168212
1878660,0.71168212
1878720,0.71168212
1878780,0.71168212
1878840,0.71168212
1878900,0.71168212
1878960,0.71168212
1879020,0.71168212
1879080,0.71168212
1879140,0.71168212
1879200,0.71168212
1879260,0.71168212
1879320,0.71168212
1879380,0.71168212
1879440,0.71168212
1879500,0.71168212
1879560,0.71168212
1879620,0.71168212
1879680,0.71168212
1879740,0.71168212
1879800,0.71168212
1879860,0.71168212
1879920,0.71168212
1879980,0.71168212
1880040,0.71168212
1880100,0.71168212
1880160,0.71168212
1880220,0.71168212
1880280,0.71168212
1880340,0.71168212
1880400,0.71168212
1880460,0.71168212
1880520,0.71168212
1880580,0.71168212
1880640,0.71168212
1880700,0.71168212
1880760,0.71168212
1880820,0.71168212
1880880,0.71168212
1880940,0.71168212
1881000,0.71168212
1881060,0.71168212
1881120,0.71168212
1881180,0.71168212
1881240,0.71168212
1881300,0.71168212
1881360,0.71168212
1881420,0.71168212
1881480,0.71168212
1881540,0.71168212
1881600,0.71168212
1881660,0.71168212
1881720,0.71168212
1881780,0.71168212
1881840,0.71168212
1881900,0.71168212
1881960,0.71168212
1882020,0.71168212
1882080,0.71168212
1882140,0.71168212
1882200,0.71168212
1882260,0.71168212
1882320,0.71168212
1882380,0.71168212
1882440,0.71168212
1882500,0.71168212
1882560,0.71168212
1882620,0.71168212
1882680,0.71168212
1882740,0.71168212
1882800,0.71168212
1882860,0.71168212
1882920,0.71168212
1882980,0.71168212
1883040,0.71168212
1883100,0.71168212
1883160,0.71168212
1883220,0.71168212
1883280,0.71168212
1883340,0.71168212
1883400,0.71168212
1883460,0.71168212
1883520,0.71168212
1883580,0.71168212
1883640,0.71168212
1883700,0.71168212
1883760,0.71168212
1883820,0.71168212
1883880,0.71168212
1883940,0.71168212
1884000,0.71168212
1884060,0.71168212
1884120,0.71168212
1884180,0.71168212
1884240,0.71168212
1884300,0.71168212
1884360,0.71168212
1884420,0.71168212
1884480,0.71168212
1884540,0.71168212
1884600,0.71168212
1884660,0.71168212
1884720,0.71168212
1884780,0.71168212
1884840,0.71168212
1884900,0.71168212
1884960,0.71168212
1885020,0.71168212
1885080,0.71168212
1885140,0.71168212
1885200,0.71168212
1885260,0.71168212
1885320,0.71168212
1885380,0.71168212
1885440,0.71168212
1885500,0.71168212
1885560,0.71168212
1885620,0.71168212
1885680,0.71168212
1885740,0.71168212
1885800,0.71168212
1885860,0.71168212
1885920,0.71168212
1885980,0.71168212
1886040,0.71168212
1886100,0.71168212
1886160,0.71168212
1886220,0.71168212
1886280,0.71168212
1886340,0.71168212
1886400,0.71168212
1886460,0.71168212
1886520,0.71168212
1886580,0.71168212
1886640,0.71168212
1886700,0.71168212
1886760,0.71168212
1886820,0.71168212
1886880,0.71168212
1886940,0.71168212
1887000,0.71168212
1887060,0.71168212
1887120,0.71168212
1887180,0.71168212
1887240,0.71168212
1887300,0.71168212
1887360,0.71168212
1887420,0.71168212
1887480,0.71168212
1887540,0.71168212
1887600,0.71168212
1887660,0.71168212
1887720,0.71168212
1887780,0.71168212
1887840,0.71168212
1887900,0.71168212
1887960,0.71168212
1888020,0.71168212
1888080,0.71168212
1888140,0.71168212
1888200,0.71168212
1888260,0.71168212
1888320,0.71168212
1888380,0.71168212
1888440,0.71168212
1888500,0.71168212
1888560,0.71168212
1888620,0.71168212
1888680,0.71168212
1888740,0.71168212
1888800,0.71168212
1888860,0.71168212
1888920,0.71168212
1888980,0.71168212
1889040,0.71168212
1889100,0.71168212
1889160,0.71168212
1889220,0.71168212
1889280,0.71168212
1889340,0.71168212
1889400,0.71168212
1889460,0.71168212
1889520,0.71168212
1889580,0.71168212
1889640,0.71168212
1889700,0.71168212
1889760,0.71168212
1889820,0.71168212
1889880,0.71168212
1889940,0.71168212
1890000,0.71168212
1890060,0.71168210
1890120,0.71168210
1890180,0.71168210
1890240,0.71168210
1890300,0.71168210
1890360,0.71168210
1890420,0.71168210
1890480,0.71168210
1890540,0.71168210
1890600,0.71168210
1890660,0.71168210
1890720,0.71168210
1890780,0.71168210
1890840,0.71168210
1890900,0.71168210
1890960,0.71168210
1891020,0.71168210
1891080,0.71168210
1891140,0.71168210
1891200,0.71168210
1891260,0.71168210
1891320,0.71168210
1891380,0.71168210
1891440,0.71168210
1891500,0.71168210
1891560,0.71168210
1891620,0.71168210
1891680,0.71168210
1891740,0.71168210
1891800,0.71168210
1891860,0.71168210
1891920,0.71168210
1891980,0.71168210
1892040,0.71168210
1892100,0.71168210
1892160,0.71168210
1892220,0.71168210
1892280,0.71168210
1892340,0.71168207
1892400,0.71168207
1892460,0.71168207
1892520,0.71168207
1892580,0.71168207
1892640,0.71168207
1892700,0.71168207
1892760,0.71168207
1892820,0.71168207
1892880,0.71168207
1892940,0.71168207
1893000,0.71168207
1893060,0.71168207
1893120,0.71168207
1893180,0.71168207
1893240,0.71168207
1893300,0.71168207
1893360,0.71168207
1893420,0.71168207
1893480,0.71168207
1893540,0.71168207
1893600,0.71168207
1893660,0.71168207
1893720,0.71168207
1893780,0.71168207
1893840,0.71168207
1893900,0.71168207
1893960,0.71168207
1894020,0.71168207
1894080,0.71168207
1894140,0.71168207
1894200,0.71168207
1894260,0.71168207
1894320,0.71168207
1894380,0.71168207
1894440,0.71168207
1894500,0.71168207
1894560,0.71168207
1894620,0.71168207
1894680,0.71168207
1894740,0.71168207
1894800,0.71168207
1894860,0.71168207
1894920,0.71168207
1894980,0.71168207
1895040,0.71168207
1895100,0.71168207
1895160,0.71168207
1895220,0.71168207
1895280,0.71168207
1895340,0.71168207
1895400,0.71168207
1895460,0.71168207
1895520,0.71168207
1895580,0.71168207
1895640,0.71168207
1895700,0.71168207
1895760,0.71168207
1895820,0.71168207
1895880,0.71168207
1895940,0.71168207
1896000,0.71168207
1896060,0.71168207
1896120,0.71168207
1896180,0.71168207
1896240,0.71168207
1896300,0.71168207
1896360,0.71168207
1896420,0.71168207
1896480,0.71168207
1896540,0.71168207
1896600,0.71168207
1896660,0.71168207
1896720,0.71168207
1896780,0.71168207
1896840,0.71168207
1896900,0.71168207
1896960,0.71168207
1897020,0.71168207
1897080,0.71168207
1897140,0.71168207
1897200,0.71168207
1897260,0.71168207
1897320,0.71168207
1897380,0.71168207
1897440,0.71168207
1897500,0.71168207
1897560,0.71168207
1897620,0.71168207
1897680,0.71168207
1897740,0.71168207
1897800,0.71168207
1897860,0.71168207
1897920,0.71168207
1897980,0.71168207
1898040,0.71168207
1898100,0.71168207
1898160,0.71168207
1898220,0.71168207
1898280,0.71168207
1898340,0.71168207
1898400,0.71168207
1898460,0.71168207
1898520,0.71168207
1898580,0.71168207
1898640,0.71168207
1898700,0.71168207
1898760,0.71168207
1898820,0.71168207
1898880,0.71168207
1898940,0.71168207
1899000,0.71168207
1899060,0.71168207
1899120,0.71168207
1899180,0.71168207
1899240,0.71168207
1899300,0.71168207
1899360,0.71168207
1899420,0.71168207
1899480,0.71168207
1899540,0.71168207
1899600,0.71168207
1899660,0.71168207
1899720,0.71168207
1899780,0.71168207
1899840,0.71168207
1899900,0.71168207
1899960,0.71168207
1900020,0.71168207
1900080,0.71168207
1900140,0.71168207
1900200,0.71168207
1900260,0.71168207
1900320,0.71168207
1900380,0.71168207
1900440,0.71168207
1900500,0.71168207
1900560,0.71168207
1900620,0.71168207
1900680,0.71168207
1900740,0.71168207
1900800,0.71168207
1900860,0.71168207
1900920,0.71168207
1900980,0.71168207
1901040,0.71168207
1901100,0.71168207
1901160,0.71168207
1901220,0.71168207
1901280,0.71168207
1901340,0.71168207
1901400,0.71168207
1901460,0.71168207
1901520,0.71168207
1901580,0.71168207
1901640,0.71168207
1901700,0.71168207
1901760,0.71168207
1901820,0.71168207
1901880,0.71168207
1901940,0.71168207
1902000,0.71168207
1902060,0.71168207
1902120,0.71168207
1902180,0.71168207
1902240,0.71168207
1902300,0.71168207
1902360,0.71168207
1902420,0.71168207
1902480,0.71168207
1902540,0.71168207
1902600,0.71168207
1902660,0.71168207
1902720,0.71168207
1902780,0.71168207
1902840,0.71168207
1902900,0.71168207
1902960,0.71168207
1903020,0.71168207
1903080,0.71168207
1903140,0.71168207
1903200,0.71168207
1903260,0.71168207
1903320,0.71168207
1903380,0.71168207
1903440,0.71168207
1903500,0.71168207
1903560,0.71168207
1903620,0.71168207
1903680,0.71168205
1903740,0.71168205
1903800,0.71168205
1903860,0.71168205
1903920,0.71168205
1903980,0.71168205
1904040,0.71168205
1904100,0.71168205
1904160,0.71168205
1904220,0.71168205
1904280,0.71168205
1904340,0.71168205
1904400,0.71168205
1904460,0.71168205
1904520,0.71168205
1904580,0.71168205
1904640,0.71168205
1904700,0.71168205
1904760,0.71168205
1904820,0.71168205
1904880,0.71168205
1904940,0.71168205
1905000,0.71168205
1905060,0.71168205
1905120,0.71168205
1905180,0.71168205
1905240,0.71168205
1905300,0.71168205
1905360,0.71168205
1905420,0.71168205
1905480,0.71168205
1905540,0.71168205
1905600,0.71168205
1905660,0.71168205
1905720,0.71168205
1905780,0.71168205
1905840,0.71168205
1905900,0.71168205
1905960,0.71168205
1906020,0.71168205
1906080,0.71168205
1906140,0.71168205
1906200,0.71168205
1906260,0.71168205
1906320,0.71168205
1906380,0.71168205
1906440,0.71168205
1906500,0.71168205
1906560,0.71168205
1906620,0.71168205
1906680,0.71168205
1906740,0.71168205
1906800,0.71168205
1906860,0.71168205
1906920,0.71168205
1906980,0.71168205
1907040,0.71168205
1907100,0.71168205
1907160,0.71168205
1907220,0.71168205
1907280,0.71168205
1907340,0.71168205
1907400,0.71168205
1907460,0.71168205
1907520,0.71168205
1907580,0.71168205
1907640,0.71168205
1907700,0.71168205
1907760,0.71168205
1907820,0.71168205
1907880,0.71168205
1907940,0.71168205
1908000,0.71168205
1908060,0.71168205
1908120,0.71168205
1908180,0.71168205
1908240,0.71168205
1908300,0.71168205
1908360,0.71168205
1908420,0.71168205
1908480,0.71168205
1908540,0.71168205
1908600,0.71168205
1908660,0.71168205
1908720,0.71168205
1908780,0.71168205
1908840,0.71168205
1908900,0.71168205
1908960,0.71168205
1909020,0.71168205
1909080,0.71168205
1909140,0.71168205
1909200,0.71168205
1909260,0.71168205
1909320,0.71168205
1909380,0.71168205
1909440,0.71168205
1909500,0.71168205
1909560,0.71168205
1909620,0.71168205
1909680,0.71168205
1909740,0.71168205
1909800,0.71168205
1909860,0.71168205
1909920,0.71168205
1909980,0.71168205
1910040,0.71168205
1910100,0.71168205
1910160,0.71168205
1910220,0.71168205
1910280,0.71168205
1910340,0.71168205
1910400,0.71168205
1910460,0.71168205
1910520,0.71168205
1910580,0.71168205
1910640,0.71168205
1910700,0.71168205
1910760,0.71168205
1910820,0.71168205
1910880,0.71168205
1910940,0.71168205
1911000,0.71168205
1911060,0.71168205
1911120,0.71168205
1911180,0.71168205
1911240,0.71168205
1911300,0.71168205
1911360,0.71168205
1911420,0.71168205
1911480,0.71168205
1911540,0.71168205
1911600,0.71168205
1911660,0.71168205
1911720,0.71168205
1911780,0.71168205
1911840,0.71168205
1911900,0.71168205
1911960,0.71168205
1912020,0.71168205
1912080,0.71168205
1912140,0.71168205
1912200,0.71168205
1912260,0.71168205
1912320,0.71168205
1912380,0.71168205
1912440,0.71168205
1912500,0.71168205
1912560,0.71168205
1912620,0.71168205
1912680,0.71168205
1912740,0.71168205
1912800,0.71168205
1912860,0.71168205
1912920,0.71168205
1912980,0.71168205
1913040,0.71168205
1913100,0.71168205
1913160,0.71168205
1913220,0.71168205
1913280,0.71168205
1913340,0.71168205
1913400,0.71168205
1913460,0.71168205
1913520,0.71168205
1913580,0.71168205
1913640,0.71168205
1913700,0.71168205
1913760,0.71168205
1913820,0.71168205
1913880,0.71168205
1913940,0.71168205
1914000,0.71168205
1914060,0.71168205
1914120,0.71168205
1914180,0.71168205
1914240,0.71168205
1914300,0.71168205
1914360,0.71168205
1914420,0.71168205
1914480,0.71168205
1914540,0.71168205
1914600,0.71168205
1914660,0.71168205
1914720,0.71168205
1914780,0.71168205
1914840,0.71168205
1914900,0.71168205
1914960,0.71168205
1915020,0.71168205
1915080,0.71168205
1915140,0.71168205
1915200,0.71168205
1915260,0.71168205
1915320,0.71168205
1915380,0.71168205
1915440,0.71168205
1915500,0.71168205
1915560,0.71168205
1915620,0.71168205
1915680,0.71168205
1915740,0.71168205
1915800,0.71168205
1915860,0.71168205
1915920,0.71168205
1915980,0.71168205
1916040,0.71168205
1916100,0.71168205
1916160,0.71168205
1916220,0.71168205
1916280,0.71168205
1916340,0.71168205
1916400,0.71168205
1916460,0.71168205
1916520,0.71168205
1916580,0.71168205
1916640,0.71168205
1916700,0.71168205
1916760,0.71168205
1916820,0.71168205
1916880,0.71168205
1916940,0.71168205
1917000,0.71168205
1917060,0.71168205
1917120,0.71168205
1917180,0.71168205
1917240,0.71168205
1917300,0.71168205
1917360,0.71168205
1917420,0.71168205
1917480,0.71168205
1917540,0.71168205
1917600,0.71168205
1917660,0.71168205
1917720,0.71168205
1917780,0.71168205
1917840,0.71168205
1917900,0.71168205
1917960,0.71168205
1918020,0.71168205
1918080,0.71168205
1918140,0.71168205
1918200,0.71168205
1918260,0.71168205
1918320,0.71168205
1918380,0.71168205
1918440,0.71168205
1918500,0.71168205
1918560,0.71168205
1918620,0.71168205
1918680,0.71168205
1918740,0.71168205
1918800,0.71168205
1918860,0.71168205
1918920,0.71168205
1918980,0.71168205
1919040,0.71168205
1919100,0.71168205
1919160,0.71168205
1919220,0.71168205
1919280,0.71168205
1919340,0.71168205
1919400,0.71168205
1919460,0.71168205
1919520,0.71168205
1919580,0.71168205
1919640,0.71168205
1919700,0.71168205
1919760,0.71168205
1919820,0.71168205
1919880,0.71168205
1919940,0.71168205
1920000,0.71168205
1920060,0.71168205
1920120,0.71168205
1920180,0.71168205
1920240,0.71168205
1920300,0.71168205
1920360,0.71168205
1920420,0.71168205
1920480,0.71168205
1920540,0.71168205
1920600,0.71168205
1920660,0.71168205
1920720,0.71168205
1920780,0.71168205
1920840,0.71168205
1920900,0.71168205
1920960,0.71168205
1921020,0.71168205
1921080,0.71168205
1921140,0.71168205
1921200,0.71168205
1921260,0.71168205
1921320,0.71168205
1921380,0.71168205
1921440,0.71168205
1921500,0.71168205
1921560,0.71168205
1921620,0.71168205
1921680,0.71168205
1921740,0.71168205
1921800,0.71168205
1921860,0.71168205
1921920,0.71168205
1921980,0.71168205
1922040,0.71168205
1922100,0.71168205
1922160,0.71168205
1922220,0.71168205
1922280,0.71168205
1922340,0.71168205
1922400,0.71168205
1922460,0.71168205
1922520,0.71168205
1922580,0.71168205
1922640,0.71168205
1922700,0.71168205
1922760,0.71168205
1922820,0.71168205
1922880,0.71168205
1922940,0.71168205
1923000,0.71168205
1923060,0.71168205
1923120,0.71168205
1923180,0.71168205
1923240,0.71168205
1923300,0.71168205
1923360,0.71168205
1923420,0.71168205
1923480,0.71168205
1923540,0.71168205
1923600,0.71168205
1923660,0.71168205
1923720,0.71168205
1923780,0.71168205
1923840,0.71168205
1923900,0.71168205
1923960,0.71168205
1924020,0.71168205
1924080,0.71168205
1924140,0.71168205
1924200,0.71168205
1924260,0.71168205
1924320,0.71168205
1924380,0.71168205
1924440,0.71168205
1924500,0.71168205
1924560,0.71168205
1924620,0.71168205
1924680,0.71168205
1924740,0.71168205
1924800,0.71168205
1924860,0.71168205
1924920,0.71168205
1924980,0.71168205
1925040,0.71168205
1925100,0.71168205
1925160,0.71168205
1925220,0.71168205
1925280,0.71168205
1925340,0.71168205
1925400,0.71168205
1925460,0.71168205
1925520,0.71168205
1925580,0.71168205
1925640,0.71168205
1925700,0.71168205
1925760,0.71168205
1925820,0.71168205
1925880,0.71168205
1925940,0.71168205
1926000,0.71168205
1926060,0.71168205
1926120,0.71168205
1926180,0.71168205
1926240,0.71168205
1926300,0.71168205
1926360,0.71168205
1926420,0.71168205
1926480,0.71168205
1926540,0.71168205
1926600,0.71168205
1926660,0.71168205
1926720,0.71168205
1926780,0.71168205
1926840,0.71168205
1926900,0.71168205
1926960,0.71168205
1927020,0.71168205
1927080,0.71168205
1927140,0.71168205
1927200,0.71168205
1927260,0.71168205
1927320,0.71168205
1927380,0.71168205
1927440,0.71168205
1927500,0.71168205
1927560,0.71168205
1927620,0.71168205
1927680,0.71168205
1927740,0.71168205
1927800,0.71168205
1927860,0.71168205
1927920,0.71168205
1927980,0.71168205
1928040,0.71168205
1928100,0.71168205
1928160,0.71168205
1928220,0.71168205
1928280,0.71168205
1928340,0.71168205
1928400,0.71168205
1928460,0.71168205
1928520,0.71168205
1928580,0.71168205
1928640,0.71168205
1928700,0.71168205
1928760,0.71168205
1928820,0.71168205
1928880,0.71168205
1928940,0.71168205
1929000,0.71168205
1929060,0.71168205
1929120,0.71168205
1929180,0.71168205
1929240,0.71168205
1929300,0.71168205
1929360,0.71168205
1929420,0.71168205
1929480,0.71168205
1929540,0.71168205
1929600,0.71168205
1929660,0.71168205
1929720,0.71168205
1929780,0.71168205
1929840,0.71168205
1929900,0.71168205
1929960,0.71168205
1930020,0.71168205
1930080,0.71168205
1930140,0.71168205
1930200,0.71168205
1930260,0.71168205
1930320,0.71168205
1930380,0.71168205
1930440,0.71168205
1930500,0.71168205
1930560,0.71168205
1930620,0.71168205
1930680,0.71168205
1930740,0.71168205
1930800,0.71168205
1930860,0.71168205
1930920,0.71168205
1930980,0.71168205
1931040,0.71168205
1931100,0.71168205
1931160,0.71168205
1931220,0.71168205
1931280,0.71168205
1931340,0.71168205
1931400,0.71168205
1931460,0.71168205
1931520,0.71168205
1931580,0.71168205
1931640,0.71168205
1931700,0.71168205
1931760,0.71168205
1931820,0.71168205
1931880,0.71168205
1931940,0.71168205
1932000,0.71168205
1932060,0.71168205
1932120,0.71168205
1932180,0.71168205
1932240,0.71168205
1932300,0.71168205
1932360,0.71168205
1932420,0.71168205
1932480,0.71168205
1932540,0.71168205
1932600,0.71168205
1932660,0.71168205
1932720,0.71168205
1932780,0.71168205
1932840,0.71168205
1932900,0.71168205
1932960,0.71168205
1933020,0.71168205
1933080,0.71168205
1933140,0.71168205
1933200,0.71168205
1933260,0.71168205
1933320,0.71168205
1933380,0.71168205
1933440,0.71168205
1933500,0.71168205
1933560,0.71168205
1933620,0.71168205
1933680,0.71168205
1933740,0.71168205
1933800,0.71168205
1933860,0.71168205
1933920,0.71168205
1933980,0.71168205
1934040,0.71168205
1934100,0.71168205
1934160,0.71168205
1934220,0.71168205
1934280,0.71168205
1934340,0.71168205
1934400,0.71168205
1934460,0.71168205
1934520,0.71168205
1934580,0.71168205
1934640,0.71168205
1934700,0.71168205
1934760,0.71168205
1934820,0.71168205
1934880,0.71168205
1934940,0.71168205
1935000,0.71168205
1935060,0.71168205
1935120,0.71168205
1935180,0.71168205
1935240,0.71168205
1935300,0.71168205
1935360,0.71168205
1935420,0.71168205
1935480,0.71168205
1935540,0.71168205
1935600,0.71168205
1935660,0.71168205
1935720,0.71168205
1935780,0.71168205
1935840,0.71168205
1935900,0.71168205
1935960,0.71168205
1936020,0.71168205
1936080,0.71168205
1936140,0.71168205
1936200,0.71168205
1936260,0.71168205
1936320,0.71168205
1936380,0.71168205
1936440,0.71168205
1936500,0.71168205
1936560,0.71168205
1936620,0.71168205
1936680,0.71168205
1936740,0.71168205
1936800,0.71168205
1936860,0.71168205
1936920,0.71168205
1936980,0.71168205
1937040,0.71168205
1937100,0.71168205
1937160,0.71168205
1937220,0.71168205
1937280,0.71168205
1937340,0.71168205
1937400,0.71168205
1937460,0.71168205
1937520,0.71168205
1937580,0.71168205
1937640,0.71168205
1937700,0.71168205
1937760,0.71168205
1937820,0.71168205
1937880,0.71168205
1937940,0.71168205
1938000,0.71168205
1938060,0.71168205
1938120,0.71168205
1938180,0.71168205
1938240,0.71168205
1938300,0.71168205
1938360,0.71168205
1938420,0.71168205
1938480,0.71168205
1938540,0.71168205
1938600,0.71168205
1938660,0.71168205
1938720,0.71168205
1938780,0.71168205
1938840,0.71168205
1938900,0.71168205
1938960,0.71168205
1939020,0.71168205
1939080,0.71168205
1939140,0.71168205
1939200,0.71168205
1939260,0.71168205
1939320,0.71168205
1939380,0.71168205
1939440,0.71168205
1939500,0.71168205
1939560,0.71168205
1939620,0.71168205
1939680,0.71168205
1939740,0.71168205
1939800,0.71168205
1939860,0.71168205
1939920,0.71168205
1939980,0.71168205
1940040,0.71168205
1940100,0.71168205
1940160,0.71168205
1940220,0.71168205
1940280,0.71168205
1940340,0.71168205
1940400,0.71168205
1940460,0.71168205
1940520,0.71168205
1940580,0.71168205
1940640,0.71168205
1940700,0.71168205
1940760,0.71168205
1940820,0.71168205
1940880,0.71168205
1940940,0.71168205
1941000,0.71168205
1941060,0.71168205
1941120,0.71168205
1941180,0.71168205
1941240,0.71168205
1941300,0.71168205
1941360,0.71168205
1941420,0.71168205
1941480,0.71168205
1941540,0.71168205
1941600,0.71168205
1941660,0.71168205
1941720,0.71168205
1941780,0.71168205
1941840,0.71168205
1941900,0.71168205
1941960,0.71168205
1942020,0.71168205
1942080,0.71168205
1942140,0.71168205
1942200,0.71168205
1942260,0.71168205
1942320,0.71168205
1942380,0.71168205
1942440,0.71168205
1942500,0.71168205
1942560,0.71168205
1942620,0.71168205
1942680,0.71168205
1942740,0.71168205
1942800,0.71168205
1942860,0.71168205
1942920,0.71168205
1942980,0.71168205
1943040,0.71168205
1943100,0.71168205
1943160,0.71168205
1943220,0.71168205
1943280,0.71168205
1943340,0.71168205
1943400,0.71168205
1943460,0.71168205
1943520,0.71168205
1943580,0.71168205
1943640,0.71168205
1943700,0.71168205
1943760,0.71168205
1943820,0.71168205
1943880,0.71168205
1943940,0.71168205
1944000,0.71168205
1944060,0.71168205
1944120,0.71168205
1944180,0.71168205
1944240,0.71168205
1944300,0.71168205
1944360,0.71168205
1944420,0.71168205
1944480,0.71168205
1944540,0.71168205
1944600,0.71168205
1944660,0.71168205
1944720,0.71168205
1944780,0.71168205
1944840,0.71168205
1944900,0.71168205
1944960,0.71168205
1945020,0.71168205
1945080,0.71168205
1945140,0.71168205
1945200,0.71168205
1945260,0.71168205
1945320,0.71168205
1945380,0.71168205
1945440,0.71168205
1945500,0.71168205
1945560,0.71168205
1945620,0.71168205
1945680,0.71168205
1945740,0.71168205
1945800,0.71168205
1945860,0.71168205
1945920,0.71168205
1945980,0.71168205
1946040,0.71168205
1946100,0.71168205
1946160,0.71168205
1946220,0.71168205
1946280,0.71168205
1946340,0.71168205
1946400,0.71168205
1946460,0.71168205
1946520,0.71168205
1946580,0.71168205
1946640,0.71168205
1946700,0.71168205
1946760,0.71168205
1946820,0.71168205
1946880,0.71168205
1946940,0.71168205
1947000,0.71168205
1947060,0.71168205
1947120,0.71168205
1947180,0.71168205
1947240,0.71168205
1947300,0.71168205
1947360,0.71168205
1947420,0.71168205
1947480,0.71168205
1947540,0.71168205
1947600,0.71168205
1947660,0.71168205
1947720,0.71168205
1947780,0.71168205
1947840,0.71168205
1947900,0.71168205
1947960,0.71168205
1948020,0.71168205
1948080,0.71168205
1948140,0.71168205
1948200,0.71168205
1948260,0.71168205
1948320,0.71168205
1948380,0.71168205
1948440,0.71168205
1948500,0.71168205
1948560,0.71168205
1948620,0.71168205
1948680,0.71168205
1948740,0.71168205
1948800,0.71168205
1948860,0.71168205
1948920,0.71168205
1948980,0.71168205
1949040,0.71168205
1949100,0.71168205
1949160,0.71168205
1949220,0.71168205
1949280,0.71168205
1949340,0.71168205
1949400,0.71168205
1949460,0.71168205
1949520,0.71168205
1949580,0.71168205
1949640,0.71168205
1949700,0.71168205
1949760,0.71168205
1949820,0.71168205
1949880,0.71168205
1949940,0.71168205
1950000,0.71168205
1950060,0.71168205
1950120,0.71168205
1950180,0.71168205
1950240,0.71168205
1950300,0.71168205
1950360,0.71168205
1950420,0.71168205
1950480,0.71168205
1950540,0.71168205
1950600,0.71168205
1950660,0.71168205
1950720,0.71168205
1950780,0.71168205
1950840,0.71168205
1950900,0.71168205
1950960,0.71168205
1951020,0.71168205
1951080,0.71168205
1951140,0.71168205
1951200,0.71168205
1951260,0.71168205
1951320,0.71168205
1951380,0.71168205
1951440,0.71168205
1951500,0.71168205
1951560,0.71168205
1951620,0.71168205
1951680,0.71168205
1951740,0.71168205
1951800,0.71168205
1951860,0.71168205
1951920,0.71168205
1951980,0.71168205
1952040,0.71168205
1952100,0.71168205
1952160,0.71168205
1952220,0.71168205
1952280,0.71168205
1952340,0.71168205
1952400,0.71168205
1952460,0.71168205
1952520,0.71168205
1952580,0.71168205
1952640,0.71168205
1952700,0.71168205
1952760,0.71168205
1952820,0.71168205
1952880,0.71168205
1952940,0.71168205
1953000,0.71168205
1953060,0.71168205
1953120,0.71168205
1953180,0.71168205
1953240,0.71168205
1953300,0.71168205
1953360,0.71168205
1953420,0.71168205
1953480,0.71168205
1953540,0.71168205
1953600,0.71168205
1953660,0.71168205
1953720,0.71168205
1953780,0.71168205
1953840,0.71168205
1953900,0.71168205
1953960,0.71168205
1954020,0.71168205
1954080,0.71168205
1954140,0.71168205
1954200,0.71168205
1954260,0.71168205
1954320,0.71168205
1954380,0.71168205
1954440,0.71168205
1954500,0.71168205
1954560,0.71168205
1954620,0.71168205
1954680,0.71168205
1954740,0.71168205
1954800,0.71168205
1954860,0.71168205
1954920,0.71168205
1954980,0.71168205
1955040,0.71168205
1955100,0.71168205
1955160,0.71168205
1955220,0.71168205
1955280,0.71168205
1955340,0.71168205
1955400,0.71168205
1955460,0.71168205
1955520,0.71168205
1955580,0.71168205
1955640,0.71168205
1955700,0.71168205
1955760,0.71168205
1955820,0.71168205
1955880,0.71168205
1955940,0.71168205
1956000,0.71168205
1956060,0.71168205
1956120,0.71168205
1956180,0.71168205
1956240,0.71168205
1956300,0.71168205
1956360,0.71168205
1956420,0.71168205
1956480,0.71168205
1956540,0.71168205
1956600,0.71168205
1956660,0.71168205
1956720,0.71168205
1956780,0.71168205
1956840,0.71168205
1956900,0.71168205
1956960,0.71168205
1957020,0.71168205
1957080,0.71168205
1957140,0.71168205
1957200,0.71168205
1957260,0.71168205
1957320,0.71168205
1957380,0.71168205
1957440,0.71168205
1957500,0.71168205
1957560,0.71168205
1957620,0.71168205
1957680,0.71168205
1957740,0.71168205
1957800,0.71168205
1957860,0.71168205
1957920,0.71168205
1957980,0.71168205
1958040,0.71168205
1958100,0.71168205
1958160,0.71168205
1958220,0.71168205
1958280,0.71168205
1958340,0.71168205
1958400,0.71168205
1958460,0.71168205
1958520,0.71168205
1958580,0.71168205
1958640,0.71168205
1958700,0.71168205
1958760,0.71168205
1958820,0.71168205
1958880,0.71168205
1958940,0.71168205
1959000,0.71168205
1959060,0.71168205
1959120,0.71168205
1959180,0.71168205
1959240,0.71168205
1959300,0.71168205
1959360,0.71168205
1959420,0.71168205
1959480,0.71168205
1959540,0.71168205
1959600,0.71168205
1959660,0.71168205
1959720,0.71168205
1959780,0.71168205
1959840,0.71168205
1959900,0.71168205
1959960,0.71168205
1960020,0.71168205
1960080,0.71168205
1960140,0.71168205
1960200,0.71168205
1960260,0.71168205
1960320,0.71168205
1960380,0.71168205
1960440,0.71168205
1960500,0.71168205
1960560,0.71168205
1960620,0.71168205
1960680,0.71168205
1960740,0.71168205
1960800,0.71168205
1960860,0.71168205
1960920,0.71168205
1960980,0.71168205
1961040,0.71168205
1961100,0.71168205
1961160,0.71168205
1961220,0.71168205
1961280,0.71168205
1961340,0.71168205
1961400,0.71168205
1961460,0.71168205
1961520,0.71168205
1961580,0.71168205
1961640,0.71168205
1961700,0.71168205
1961760,0.71168205
1961820,0.71168205
1961880,0.71168205
1961940,0.71168205
1962000,0.71168205
1962060,0.71168205
1962120,0.71168205
1962180,0.71168205
1962240,0.71168205
1962300,0.71168205
1962360,0.71168205
1962420,0.71168205
1962480,0.71168205
1962540,0.71168205
1962600,0.71168205
1962660,0.71168205
1962720,0.71168205
1962780,0.71168205
1962840,0.71168205
1962900,0.71168205
1962960,0.71168205
1963020,0.71168205
1963080,0.71168205
1963140,0.71168205
1963200,0.71168205
1963260,0.71168205
1963320,0.71168205
1963380,0.71168205
1963440,0.71168205
1963500,0.71168205
1963560,0.71168205
1963620,0.71168205
1963680,0.71168205
1963740,0.71168205
1963800,0.71168205
1963860,0.71168205
1963920,0.71168205
1963980,0.71168205
1964040,0.71168205
1964100,0.71168205
1964160,0.71168205
1964220,0.71168205
1964280,0.71168205
1964340,0.71168205
1964400,0.71168205
1964460,0.71168205
1964520,0.71168205
1964580,0.71168205
1964640,0.71168205
1964700,0.71168205
1964760,0.71168205
1964820,0.71168205
1964880,0.71168205
1964940,0.71168205
1965000,0.71168205
1965060,0.71168205
1965120,0.71168205
1965180,0.71168205
1965240,0.71168205
1965300,0.71168205
1965360,0.71168205
1965420,0.71168205
1965480,0.71168205
1965540,0.71168205
1965600,0.71168205
1965660,0.71168205
1965720,0.71168205
1965780,0.71168205
1965840,0.71168205
1965900,0.71168205
1965960,0.71168205
1966020,0.71168205
1966080,0.71168205
1966140,0.71168205
1966200,0.71168205
1966260,0.71168205
1966320,0.71168205
1966380,0.71168205
1966440,0.71168205
1966500,0.71168205
1966560,0.71168205
1966620,0.71168205
1966680,0.71168205
1966740,0.71168205
1966800,0.71168205
1966860,0.71168205
1966920,0.71168205
1966980,0.71168205
1967040,0.71168205
1967100,0.71168205
1967160,0.71168205
1967220,0.71168205
1967280,0.71168205
1967340,0.71168205
1967400,0.71168205
1967460,0.71168205
1967520,0.71168205
1967580,0.71168205
1967640,0.71168205
1967700,0.71168205
1967760,0.71168205
1967820,0.71168205
1967880,0.71168205
1967940,0.71168205
1968000,0.71168205
1968060,0.71168205
1968120,0.71168205
1968180,0.71168205
1968240,0.71168205
1968300,0.71168205
1968360,0.71168205
1968420,0.71168205
1968480,0.71168205
1968540,0.71168205
1968600,0.71168205
1968660,0.71168205
1968720,0.71168205
1968780,0.71168205
1968840,0.71168205
1968900,0.71168205
1968960,0.71168205
1969020,0.71168205
1969080,0.71168205
1969140,0.71168205
1969200,0.71168205
1969260,0.71168205
1969320,0.71168205
1969380,0.71168205
1969440,0.71168205
1969500,0.71168205
1969560,0.71168205
1969620,0.71168205
1969680,0.71168205
1969740,0.71168205
1969800,0.71168205
1969860,0.71168205
1969920,0.71168205
1969980,0.71168205
1970040,0.71168205
1970100,0.71168205
1970160,0.71168205
1970220,0.71168205
1970280,0.71168205
1970340,0.71168205
1970400,0.71168205
1970460,0.71168205
1970520,0.71168205
1970580,0.71168205
1970640,0.71168205
1970700,0.71168205
1970760,0.71168205
1970820,0.71168205
1970880,0.71168205
1970940,0.71168205
1971000,0.71168205
1971060,0.71168205
1971120,0.71168205
1971180,0.71168205
1971240,0.71168205
1971300,0.71168205
1971360,0.71168205
1971420,0.71168205
1971480,0.71168205
1971540,0.71168205
1971600,0.71168205
1971660,0.71168205
1971720,0.71168205
1971780,0.71168205
1971840,0.71168205
1971900,0.71168205
1971960,0.71168205
1972020,0.71168205
1972080,0.71168205
1972140,0.71168205
1972200,0.71168205
1972260,0.71168205
1972320,0.71168205
1972380,0.71168205
1972440,0.71168205
1972500,0.71168205
1972560,0.71168205
1972620,0.71168205
1972680,0.71168205
1972740,0.71168205
1972800,0.71168205
1972860,0.71168205
1972920,0.71168205
1972980,0.71168205
1973040,0.71168205
1973100,0.71168205
1973160,0.71168205
1973220,0.71168205
1973280,0.71168205
1973340,0.71168205
1973400,0.71168205
1973460,0.71168205
1973520,0.71168205
1973580,0.71168205
1973640,0.71168205
1973700,0.71168205
1973760,0.71168205
1973820,0.71168205
1973880,0.71168205
1973940,0.71168205
1974000,0.71168205
1974060,0.71168205
1974120,0.71168205
1974180,0.71168205
1974240,0.71168205
1974300,0.71168205
1974360,0.71168205
1974420,0.71168205
1974480,0.71168205
1974540,0.71168205
1974600,0.71168205
1974660,0.71168205
1974720,0.71168205
1974780,0.71168205
1974840,0.71168205
1974900,0.71168205
1974960,0.71168205
1975020,0.71168205
1975080,0.71168205
1975140,0.71168205
1975200,0.71168205
1975260,0.71168205
1975320,0.71168205
1975380,0.71168205
1975440,0.71168205
1975500,0.71168205
1975560,0.71168205
1975620,0.71168205
1975680,0.71168205
1975740,0.71168205
1975800,0.71168205
1975860,0.71168205
1975920,0.71168205
1975980,0.71168205
1976040,0.71168205
1976100,0.71168205
1976160,0.71168205
1976220,0.71168205
1976280,0.71168205
1976340,0.71168205
1976400,0.71168205
1976460,0.71168205
1976520,0.71168205
1976580,0.71168205
1976640,0.71168205
1976700,0.71168205
1976760,0.71168205
1976820,0.71168205
1976880,0.71168205
1976940,0.71168205
1977000,0.71168205
1977060,0.71168205
1977120,0.71168205
1977180,0.71168205
1977240,0.71168205
1977300,0.71168205
1977360,0.71168205
1977420,0.71168205
1977480,0.71168205
1977540,0.71168205
1977600,0.71168205
1977660,0.71168205
1977720,0.71168205
1977780,0.71168205
1977840,0.71168205
1977900,0.71168205
1977960,0.71168205
1978020,0.71168205
1978080,0.71168205
1978140,0.71168205
1978200,0.71168205
1978260,0.71168205
1978320,0.71168205
1978380,0.71168205
1978440,0.71168205
1978500,0.71168205
1978560,0.71168205
1978620,0.71168205
1978680,0.71168205
1978740,0.71168205
1978800,0.71168205
1978860,0.71168205
1978920,0.71168205
1978980,0.71168205
1979040,0.71168205
1979100,0.71168205
1979160,0.71168205
1979220,0.71168205
1979280,0.71168205
1979340,0.71168205
1979400,0.71168205
1979460,0.71168205
1979520,0.71168205
1979580,0.71168205
1979640,0.71168205
1979700,0.71168205
1979760,0.71168205
1979820,0.71168205
1979880,0.71168205
1979940,0.71168205
1980000,0.71168205
1980060,0.71168205
1980120,0.71168205
1980180,0.71168205
1980240,0.71168205
1980300,0.71168205
1980360,0.71168205
1980420,0.71168205
1980480,0.71168205
1980540,0.71168205
1980600,0.71168205
1980660,0.71168205
1980720,0.71168205
1980780,0.71168205
1980840,0.71168205
1980900,0.71168205
1980960,0.71168205
1981020,0.71168205
1981080,0.71168186
1981140,0.71168186
1981200,0.71168186
1981260,0.71168186
1981320,0.71168186
1981380,0.71168186
1981440,0.71168186
1981500,0.71168186
1981560,0.71168186
1981620,0.71168186
1981680,0.71168186
1981740,0.71168186
1981800,0.71168186
1981860,0.71168186
1981920,0.71168186
1981980,0.71168186
1982040,0.71168186
1982100,0.71168186
1982160,0.71168186
1982220,0.71168186
1982280,0.71168186
1982340,0.71168186
1982400,0.71168186
1982460,0.71168186
1982520,0.71168186
1982580,0.71168186
1982640,0.71168186
1982700,0.71168186
1982760,0.71168186
1982820,0.71168186
1982880,0.71168186
1982940,0.71168186
1983000,0.71168186
1983060,0.71168186
1983120,0.71168186
1983180,0.71168186
1983240,0.71168186
1983300,0.71168186
1983360,0.71168186
1983420,0.71168186
1983480,0.71168186
1983540,0.71168186
1983600,0.71168186
1983660,0.71168186
1983720,0.71168186
1983780,0.71168186
1983840,0.71168186
1983900,0.71168186
1983960,0.71168186
1984020,0.71168186
1984080,0.71168186
1984140,0.71168186
1984200,0.71168186
1984260,0.71168186
1984320,0.71168186
1984380,0.71168186
1984440,0.71168186
1984500,0.71168186
1984560,0.71168186
1984620,0.71168186
1984680,0.71168186
1984740,0.71168186
1984800,0.71168186
1984860,0.71168186
1984920,0.71168186
1984980,0.71168186
1985040,0.71168186
1985100,0.71168186
1985160,0.71168186
1985220,0.71168186
1985280,0.71168186
1985340,0.71168186
1985400,0.71168186
1985460,0.71168186
1985520,0.71168186
1985580,0.71168186
1985640,0.71168186
1985700,0.71168186
1985760,0.71168186
1985820,0.71168186
1985880,0.71168186
1985940,0.71168186
1986000,0.71168186
1986060,0.71168186
1986120,0.71168186
1986180,0.71168186
1986240,0.71168186
1986300,0.71168186
1986360,0.71168186
1986420,0.71168186
1986480,0.71168186
1986540,0.71168186
1986600,0.71168186
1986660,0.71168186
1986720,0.71168186
1986780,0.71168186
1986840,0.71168186
1986900,0.71168186
1986960,0.71168186
1987020,0.71168186
1987080,0.71168186
1987140,0.71168186
1987200,0.71168186
1987260,0.71168186
1987320,0.71168186
1987380,0.71168186
1987440,0.71168186
1987500,0.71168186
1987560,0.71168186
1987620,0.71168186
1987680,0.71168186
1987740,0.71168186
1987800,0.71168186
1987860,0.71168186
1987920,0.71168186
1987980,0.71168186
1988040,0.71168186
1988100,0.71168186
1988160,0.71168186
1988220,0.71168186
1988280,0.71168186
1988340,0.71168185
1988400,0.71168185
1988460,0.71168185
1988520,0.71168185
1988580,0.71168185
1988640,0.71168185
1988700,0.71168185
1988760,0.71168185
1988820,0.71168185
1988880,0.71168185
1988940,0.71168185
1989000,0.71168185
1989060,0.71168185
1989120,0.71168185
1989180,0.71168185
1989240,0.71168185
1989300,0.71168185
1989360,0.71168185
1989420,0.71168185
1989480,0.71168185
1989540,0.71168185
1989600,0.71168185
1989660,0.71168185
1989720,0.71168185
1989780,0.71168185
1989840,0.71168185
1989900,0.71168185
1989960,0.71168185
1990020,0.71168185
1990080,0.71168185
1990140,0.71168185
1990200,0.71168185
1990260,0.71168185
1990320,0.71168185
1990380,0.71168185
1990440,0.71168185
1990500,0.71168185
1990560,0.71168185
1990620,0.71168185
1990680,0.71168185
1990740,0.71168185
1990800,0.71168185
1990860,0.71168185
1990920,0.71168185
1990980,0.71168185
1991040,0.71168185
1991100,0.71168185
1991160,0.71168185
1991220,0.71168185
1991280,0.71168185
1991340,0.71168185
1991400,0.71168185
1991460,0.71168185
1991520,0.71168185
1991580,0.71168185
1991640,0.71168185
1991700,0.71168185
1991760,0.71168185
1991820,0.71168185
1991880,0.71168185
1991940,0.71168185
1992000,0.71168185
1992060,0.71168185
1992120,0.71168185
1992180,0.71168185
1992240,0.71168185
1992300,0.71168185
1992360,0.71168185
1992420,0.71168185
1992480,0.71168185
1992540,0.71168185
1992600,0.71168185
1992660,0.71168185
1992720,0.71168185
1992780,0.71168185
1992840,0.71168185
1992900,0.71168185
1992960,0.71168185
1993020,0.71168185
1993080,0.71168185
1993140,0.71168185
1993200,0.71168185
1993260,0.71168185
1993320,0.71168185
1993380,0.71168185
1993440,0.71168185
1993500,0.71168185
1993560,0.71168185
1993620,0.71168185
1993680,0.71168185
1993740,0.71168185
1993800,0.71168185
1993860,0.71168185
1993920,0.71168185
1993980,0.71168185
1994040,0.71168185
1994100,0.71168185
1994160,0.71168185
1994220,0.71168185
1994280,0.71168185
1994340,0.71168185
1994400,0.71168185
1994460,0.71168185
1994520,0.71168185
1994580,0.71168185
1994640,0.71168185
1994700,0.71168185
1994760,0.71168185
1994820,0.71168185
1994880,0.71168185
1994940,0.71168185
1995000,0.71168185
1995060,0.71168185
1995120,0.71168185
1995180,0.71168185
1995240,0.71168185
1995300,0.71168185
1995360,0.71168185
1995420,0.71168185
1995480,0.71168185
1995540,0.71168185
1995600,0.71168185
1995660,0.71168185
1995720,0.71168185
1995780,0.71168185
1995840,0.71168185
1995900,0.71168185
1995960,0.71168185
1996020,0.71168185
1996080,0.71168185
1996140,0.71168185
1996200,0.71168185
1996260,0.71168185
1996320,0.71168185
1996380,0.71168185
1996440,0.71168185
1996500,0.71168185
1996560,0.71168185
1996620,0.71168185
1996680,0.71168185
1996740,0.71168185
1996800,0.71168185
1996860,0.71168185
1996920,0.71168185
1996980,0.71168185
1997040,0.71168185
1997100,0.71168185
1997160,0.71168185
1997220,0.71168185
1997280,0.71168185
1997340,0.71168185
1997400,0.71168185
1997460,0.71168185
1997520,0.71168185
1997580,0.71168185
1997640,0.71168185
1997700,0.71168185
1997760,0.71168185
1997820,0.71168185
1997880,0.71168185
1997940,0.71168185
1998000,0.71168185
1998060,0.71168185
1998120,0.71168185
1998180,0.71168185
1998240,0.71168185
1998300,0.71168185
1998360,0.71168185
1998420,0.71168185
1998480,0.71168185
1998540,0.71168185
1998600,0.71168185
1998660,0.71168185
1998720,0.71168185
1998780,0.71168185
1998840,0.71168185
1998900,0.71168185
1998960,0.71168185
1999020,0.71168185
1999080,0.71168185
1999140,0.71168185
1999200,0.71168185
1999260,0.71168185
1999320,0.71168185
1999380,0.71168185
1999440,0.71168185
1999500,0.71168185
1999560,0.71168185
1999620,0.71168185
1999680,0.71168185
1999740,0.71168185
1999800,0.71168185
1999860,0.71168185
1999920,0.71168185
1999980,0.71168185
2000040,0.71168185
2000100,0.71168185
2000160,0.71168185
2000220,0.71168185
2000280,0.71168185
2000340,0.71168185
2000400,0.71168185
2000460,0.71168185
2000520,0.71168185
2000580,0.71168185
2000640,0.71168185
2000700,0.71168185
2000760,0.71168185
2000820,0.71168185
2000880,0.71168185
2000940,0.71168185
2001000,0.71168185
2001060,0.71168185
2001120,0.71168185
2001180,0.71168185
2001240,0.71168185
2001300,0.71168185
2001360,0.71168185
2001420,0.71168185
2001480,0.71168185
2001540,0.71168185
2001600,0.71168185
2001660,0.71168185
2001720,0.71168185
2001780,0.71168185
2001840,0.71168185
2001900,0.71168185
2001960,0.71168185
2002020,0.71168185
2002080,0.71168185
2002140,0.71168185
2002200,0.71168185
2002260,0.71168185
2002320,0.71168185
2002380,0.71168185
2002440,0.71168185
2002500,0.71168185
2002560,0.71168185
2002620,0.71168185
2002680,0.71168185
2002740,0.71168185
2002800,0.71168185
2002860,0.71168185
2002920,0.71168185
2002980,0.71168185
2003040,0.71168185
2003100,0.71168185
2003160,0.71168185
2003220,0.71168185
2003280,0.71168185
2003340,0.71168185
2003400,0.71168185
2003460,0.71168185
2003520,0.71168185
2003580,0.71168185
2003640,0.71168185
2003700,0.71168185
2003760,0.71168185
2003820,0.71168185
2003880,0.71168185
2003940,0.71168185
2004000,0.71168185
2004060,0.71168185
2004120,0.71168185
2004180,0.71168185
2004240,0.71168185
2004300,0.71168185
2004360,0.71168185
2004420,0.71168185
2004480,0.71168185
2004540,0.71168185
2004600,0.71168185
2004660,0.71168185
2004720,0.71168185
2004780,0.71168185
2004840,0.71168185
2004900,0.71168185
2004960,0.71168185
2005020,0.71168185
2005080,0.71168185
2005140,0.71168185
2005200,0.71168185
2005260,0.71168185
2005320,0.71168185
2005380,0.71168185
2005440,0.71168185
2005500,0.71168185
2005560,0.71168185
2005620,0.71168185
2005680,0.71168185
2005740,0.71168185
2005800,0.71168185
2005860,0.71168185
2005920,0.71168185
2005980,0.71168185
2006040,0.71168185
2006100,0.71168185
2006160,0.71168185
2006220,0.71168185
2006280,0.71168185
2006340,0.71168185
2006400,0.71168185
2006460,0.71168185
2006520,0.71168185
2006580,0.71168185
2006640,0.71168185
2006700,0.71168185
2006760,0.71168185
2006820,0.71168185
2006880,0.71168185
2006940,0.71168185
2007000,0.71168185
2007060,0.71168185
2007120,0.71168185
2007180,0.71168185
2007240,0.71168185
2007300,0.71168185
2007360,0.71168185
2007420,0.71168185
2007480,0.71168185
2007540,0.71168185
2007600,0.71168185
2007660,0.71168185
2007720,0.71168185
2007780,0.71168185
2007840,0.71168185
2007900,0.71168185
2007960,0.71168185
2008020,0.71168185
2008080,0.71168185
2008140,0.71168185
2008200,0.71168185
2008260,0.71168185
2008320,0.71168185
2008380,0.71168185
2008440,0.71168185
2008500,0.71168185
2008560,0.71168185
2008620,0.71168185
2008680,0.71168185
2008740,0.71168185
2008800,0.71168185
2008860,0.71168185
2008920,0.71168185
2008980,0.71168185
2009040,0.71168185
2009100,0.71168185
2009160,0.71168185
2009220,0.71168185
2009280,0.71168185
2009340,0.71168185
2009400,0.71168185
2009460,0.71168185
2009520,0.71168185
2009580,0.71168185
2009640,0.71168185
2009700,0.71168185
2009760,0.71168185
2009820,0.71168185
2009880,0.71168185
2009940,0.71168185
2010000,0.71168185
2010060,0.71168185
2010120,0.71168185
2010180,0.71168185
2010240,0.71168185
2010300,0.71168185
2010360,0.71168185
2010420,0.71168185
2010480,0.71168185
2010540,0.71168185
2010600,0.71168185
2010660,0.71168185
2010720,0.71168185
2010780,0.71168185
2010840,0.71168185
2010900,0.71168185
2010960,0.71168185
2011020,0.71168185
2011080,0.71168185
2011140,0.71168185
2011200,0.71168185
2011260,0.71168185
2011320,0.71168185
2011380,0.71168185
2011440,0.71168185
2011500,0.71168185
2011560,0.71168185
2011620,0.71168185
2011680,0.71168185
2011740,0.71168185
2011800,0.71168185
2011860,0.71168185
2011920,0.71168185
2011980,0.71168185
2012040,0.71168185
2012100,0.71168185
2012160,0.71168185
2012220,0.71168185
2012280,0.71168185
2012340,0.71168185
2012400,0.71168185
2012460,0.71168185
2012520,0.71168185
2012580,0.71168185
2012640,0.71168185
2012700,0.71168185
2012760,0.71168185
2012820,0.71168185
2012880,0.71168185
2012940,0.71168185
2013000,0.71168185
2013060,0.71168185
2013120,0.71168185
2013180,0.71168185
2013240,0.71168185
2013300,0.71168185
2013360,0.71168185
2013420,0.71168185
2013480,0.71168185
2013540,0.71168185
2013600,0.71168185
2013660,0.71168185
2013720,0.71168185
2013780,0.71168185
2013840,0.71168185
2013900,0.71168185
2013960,0.71168185
2014020,0.71168185
2014080,0.71168185
2014140,0.71168185
2014200,0.71168185
2014260,0.71168185
2014320,0.71168185
2014380,0.71168185
2014440,0.71168185
2014500,0.71168185
2014560,0.71168185
2014620,0.71168185
2014680,0.71168185
2014740,0.71168185
2014800,0.71168185
2014860,0.71168185
2014920,0.71168185
2014980,0.71168185
2015040,0.71168185
2015100,0.71168185
2015160,0.71168185
2015220,0.71168185
2015280,0.71168185
2015340,0.71168185
2015400,0.71168185
2015460,0.71168185
2015520,0.71168185
2015580,0.71168185
2015640,0.71168185
2015700,0.71168185
2015760,0.71168185
2015820,0.71168185
2015880,0.71168185
2015940,0.71168185
2016000,0.71168185
2016060,0.71168185
2016120,0.71168185
2016180,0.71168185
2016240,0.71168185
2016300,0.71168185
2016360,0.71168185
2016420,0.71168185
2016480,0.71168185
2016540,0.71168185
2016600,0.71168185
2016660,0.71168185
2016720,0.71168185
2016780,0.71168185
2016840,0.71168185
2016900,0.71168185
2016960,0.71168185
2017020,0.71168185
2017080,0.71168185
2017140,0.71168185
2017200,0.71168185
2017260,0.71168185
2017320,0.71168185
2017380,0.71168185
2017440,0.71168185
2017500,0.71168185
2017560,0.71168185
2017620,0.71168185
2017680,0.71168185
2017740,0.71168185
2017800,0.71168185
2017860,0.71168185
2017920,0.71168185
2017980,0.71168185
2018040,0.71168185
2018100,0.71168185
2018160,0.71168185
2018220,0.71168185
2018280,0.71168185
2018340,0.71168185
2018400,0.71168185
2018460,0.71168185
2018520,0.71168185
2018580,0.71168185
2018640,0.71168185
2018700,0.71168185
2018760,0.71168185
2018820,0.71168185
2018880,0.71168185
2018940,0.71168185
2019000,0.71168185
2019060,0.71168185
2019120,0.71168185
2019180,0.71168185
2019240,0.71168185
2019300,0.71168185
2019360,0.71168185
2019420,0.71168185
2019480,0.71168185
2019540,0.71168185
2019600,0.71168185
2019660,0.71168185
2019720,0.71168185
2019780,0.71168185
2019840,0.71168185
2019900,0.71168185
2019960,0.71168185
2020020,0.71168185
2020080,0.71168185
2020140,0.71168185
2020200,0.71168185
2020260,0.71168185
2020320,0.71168185
2020380,0.71168185
2020440,0.71168185
2020500,0.71168185
2020560,0.71168185
2020620,0.71168185
2020680,0.71168185
2020740,0.71168185
2020800,0.71168185
2020860,0.71168185
2020920,0.71168185
2020980,0.71168185
2021040,0.71168185
2021100,0.71168185
2021160,0.71168185
2021220,0.71168185
2021280,0.71168185
2021340,0.71168185
2021400,0.71168185
2021460,0.71168185
2021520,0.71168185
2021580,0.71168185
2021640,0.71168185
2021700,0.71168185
2021760,0.71168185
2021820,0.71168185
2021880,0.71168185
2021940,0.71168185
2022000,0.71168185
2022060,0.71168185
2022120,0.71168185
2022180,0.71168185
2022240,0.71168185
2022300,0.71168185
2022360,0.71168185
2022420,0.71168185
2022480,0.71168185
2022540,0.71168185
2022600,0.71168185
2022660,0.71168185
2022720,0.71168185
2022780,0.71168185
2022840,0.71168185
2022900,0.71168185
2022960,0.71168185
2023020,0.71168185
2023080,0.71168185
2023140,0.71168185
2023200,0.71168185
2023260,0.71168185
2023320,0.71168185
2023380,0.71168185
2023440,0.71168185
2023500,0.71168185
2023560,0.71168185
2023620,0.71168185
2023680,0.71168185
2023740,0.71168185
2023800,0.71168185
2023860,0.71168185
2023920,0.71168185
2023980,0.71168185
2024040,0.71168185
2024100,0.71168185
2024160,0.71168185
2024220,0.71168185
2024280,0.71168185
2024340,0.71168185
2024400,0.71168185
2024460,0.71168185
2024520,0.71168185
2024580,0.71168185
2024640,0.71168185
2024700,0.71168185
2024760,0.71168185
2024820,0.71168185
2024880,0.71168185
2024940,0.71168185
2025000,0.71168185
2025060,0.71168185
2025120,0.71168185
2025180,0.71168185
2025240,0.71168185
2025300,0.71168185
2025360,0.71168185
2025420,0.71168185
2025480,0.71168185
2025540,0.71168185
2025600,0.71168185
2025660,0.71168185
2025720,0.71168185
2025780,0.71168185
2025840,0.71168185
2025900,0.71168185
2025960,0.71168185
2026020,0.71168185
2026080,0.71168185
2026140,0.71168185
2026200,0.71168185
2026260,0.71168185
2026320,0.71168185
2026380,0.71168185
2026440,0.71168185
2026500,0.71168185
2026560,0.71168185
2026620,0.71168185
2026680,0.71168185
2026740,0.71168185
2026800,0.71168185
2026860,0.71168185
2026920,0.71168185
2026980,0.71168185
2027040,0.71168185
2027100,0.71168185
2027160,0.71168185
2027220,0.71168185
2027280,0.71168185
2027340,0.71168185
2027400,0.71168185
2027460,0.71168185
2027520,0.71168185
2027580,0.71168185
2027640,0.71168185
2027700,0.71168185
2027760,0.71168185
2027820,0.71168185
2027880,0.71168185
2027940,0.71168185
2028000,0.71168185
2028060,0.71168185
2028120,0.71168185
2028180,0.71168185
2028240,0.71168185
2028300,0.71168185
2028360,0.71168185
2028420,0.71168185
2028480,0.71168185
2028540,0.71168185
2028600,0.71168185
2028660,0.71168185
2028720,0.71168185
2028780,0.71168185
2028840,0.71168185
2028900,0.71168185
2028960,0.71168185
2029020,0.71168185
2029080,0.71168185
2029140,0.71168185
2029200,0.71168185
2029260,0.71168185
2029320,0.71168185
2029380,0.71168185
2029440,0.71168185
2029500,0.71168185
2029560,0.71168185
2029620,0.71168185
2029680,0.71168185
2029740,0.71168185
2029800,0.71168185
2029860,0.71168185
2029920,0.71168185
2029980,0.71168185
2030040,0.71168185
2030100,0.71168185
2030160,0.71168185
2030220,0.71168185
2030280,0.71168185
2030340,0.71168185
2030400,0.71168185
2030460,0.71168185
2030520,0.71168185
2030580,0.71168185
2030640,0.71168185
2030700,0.71168185
2030760,0.71168185
2030820,0.71168185
2030880,0.71168185
2030940,0.71168185
2031000,0.71168185
2031060,0.71168185
2031120,0.71168185
2031180,0.71168185
2031240,0.71168185
2031300,0.71168185
2031360,0.71168185
2031420,0.71168185
2031480,0.71168185
2031540,0.71168185
2031600,0.71168185
2031660,0.71168185
2031720,0.71168185
2031780,0.71168185
2031840,0.71168185
2031900,0.71168185
2031960,0.71168185
2032020,0.71168185
2032080,0.71168185
2032140,0.71168185
2032200,0.71168185
2032260,0.71168185
2032320,0.71168185
2032380,0.71168185
2032440,0.71168185
2032500,0.71168185
2032560,0.71168185
2032620,0.71168185
2032680,0.71168185
2032740,0.71168185
2032800,0.71168185
2032860,0.71168185
2032920,0.71168185
2032980,0.71168185
2033040,0.71168185
2033100,0.71168185
2033160,0.71168185
2033220,0.71168185
2033280,0.71168185
2033340,0.71168185
2033400,0.71168185
2033460,0.71168185
2033520,0.71168185
2033580,0.71168185
2033640,0.71168185
2033700,0.71168185
2033760,0.71168185
2033820,0.71168185
2033880,0.71168185
2033940,0.71168185
2034000,0.71168185
2034060,0.71168185
2034120,0.71168185
2034180,0.71168185
2034240,0.71168185
2034300,0.71168185
2034360,0.71168185
2034420,0.71168185
2034480,0.71168185
2034540,0.71168185
2034600,0.71168185
2034660,0.71168185
2034720,0.71168185
2034780,0.71168185
2034840,0.71168185
2034900,0.71168185
2034960,0.71168185
2035020,0.71168185
2035080,0.71168185
2035140,0.71168185
2035200,0.71168185
2035260,0.71168185
2035320,0.71168185
2035380,0.71168185
2035440,0.71168185
2035500,0.71168185
2035560,0.71168185
2035620,0.71168185
2035680,0.71168185
2035740,0.71168185
2035800,0.71168185
2035860,0.71168185
2035920,0.71168185
2035980,0.71168185
2036040,0.71168185
2036100,0.71168185
2036160,0.71168185
2036220,0.71168185
2036280,0.71168185
2036340,0.71168185
2036400,0.71168185
2036460,0.71168185
2036520,0.71168185
2036580,0.71168185
2036640,0.71168185
2036700,0.71168185
2036760,0.71168185
2036820,0.71168185
2036880,0.71168185
2036940,0.71168185
2037000,0.71168185
2037060,0.71168185
2037120,0.71168185
2037180,0.71168185
2037240,0.71168185
2037300,0.71168185
2037360,0.71168185
2037420,0.71168185
2037480,0.71168185
2037540,0.71168185
2037600,0.71168185
2037660,0.71168185
2037720,0.71168185
2037780,0.71168185
2037840,0.71168185
2037900,0.71168185
2037960,0.71168185
2038020,0.71168185
2038080,0.71168185
2038140,0.71168185
2038200,0.71168185
2038260,0.71168185
2038320,0.71168185
2038380,0.71168185
2038440,0.71168185
2038500,0.71168185
2038560,0.71168185
2038620,0.71168185
2038680,0.71168185
2038740,0.71168185
2038800,0.71168185
2038860,0.71168185
2038920,0.71168185
2038980,0.71168185
2039040,0.71168185
2039100,0.71168185
2039160,0.71168185
2039220,0.71168185
2039280,0.71168185
2039340,0.71168185
2039400,0.71168185
2039460,0.71168185
2039520,0.71168185
2039580,0.71168185
2039640,0.71168185
2039700,0.71168185
2039760,0.71168185
2039820,0.71168185
2039880,0.71168185
2039940,0.71168185
2040000,0.71168185
2040060,0.71168185
2040120,0.71168185
2040180,0.71168185
2040240,0.71168185
2040300,0.71168185
2040360,0.71168185
2040420,0.71168185
2040480,0.71168185
2040540,0.71168185
2040600,0.71168185
2040660,0.71168185
2040720,0.71168185
2040780,0.71168185
2040840,0.71168185
2040900,0.71168185
2040960,0.71168185
2041020,0.71168185
2041080,0.71168185
2041140,0.71168185
2041200,0.71168185
2041260,0.71168185
2041320,0.71168185
2041380,0.71168185
2041440,0.71168185
2041500,0.71168185
2041560,0.71168185
2041620,0.71168185
2041680,0.71168185
2041740,0.71168185
2041800,0.71168185
2041860,0.71168185
2041920,0.71168185
2041980,0.71168185
2042040,0.71168185
2042100,0.71168185
2042160,0.71168185
2042220,0.71168185
2042280,0.71168185
2042340,0.71168185
2042400,0.71168185
2042460,0.71168185
2042520,0.71168185
2042580,0.71168185
2042640,0.71168185
2042700,0.71168185
2042760,0.71168185
2042820,0.71168185
2042880,0.71168185
2042940,0.71168185
2043000,0.71168185
2043060,0.71168185
2043120,0.71168185
2043180,0.71168185
2043240,0.71168185
2043300,0.71168185
2043360,0.71168185
2043420,0.71168185
2043480,0.71168185
2043540,0.71168185
2043600,0.71168185
2043660,0.71168185
2043720,0.71168185
2043780,0.71168185
2043840,0.71168185
2043900,0.71168185
2043960,0.71168185
2044020,0.71168185
2044080,0.71168185
2044140,0.71168185
2044200,0.71168185
2044260,0.71168185
2044320,0.71168185
2044380,0.71168185
2044440,0.71168185
2044500,0.71168185
2044560,0.71168185
2044620,0.71168185
2044680,0.71168185
2044740,0.71168185
2044800,0.71168185
2044860,0.71168185
2044920,0.71168185
2044980,0.71168185
2045040,0.71168185
2045100,0.71168185
2045160,0.71168185
2045220,0.71168185
2045280,0.71168185
2045340,0.71168185
2045400,0.71168185
2045460,0.71168185
2045520,0.71168185
2045580,0.71168185
2045640,0.71168185
2045700,0.71168185
2045760,0.71168185
2045820,0.71168185
2045880,0.71168185
2045940,0.71168185
2046000,0.71168185
2046060,0.71168185
2046120,0.71168185
2046180,0.71168185
2046240,0.71168185
2046300,0.71168185
2046360,0.71168185
2046420,0.71168185
2046480,0.71168185
2046540,0.71168185
2046600,0.71168185
2046660,0.71168185
2046720,0.71168185
2046780,0.71168185
2046840,0.71168185
2046900,0.71168185
2046960,0.71168185
2047020,0.71168185
2047080,0.71168185
2047140,0.71168185
2047200,0.71168185
2047260,0.71168185
2047320,0.71168185
2047380,0.71168185
2047440,0.71168185
2047500,0.71168185
2047560,0.71168185
2047620,0.71168185
2047680,0.71168185
2047740,0.71168185
2047800,0.71168185
2047860,0.71168185
2047920,0.71168185
2047980,0.71168185
2048040,0.71168185
2048100,0.71168185
2048160,0.71168185
2048220,0.71168185
2048280,0.71168185
2048340,0.71168185
2048400,0.71168185
2048460,0.71168185
2048520,0.71168185
2048580,0.71168185
2048640,0.71168185
2048700,0.71168185
2048760,0.71168185
2048820,0.71168185
2048880,0.71168185
2048940,0.71168185
2049000,0.71168185
2049060,0.71168185
2049120,0.71168185
2049180,0.71168185
2049240,0.71168185
2049300,0.71168185
2049360,0.71168185
2049420,0.71168185
2049480,0.71168185
2049540,0.71168185
2049600,0.71168185
2049660,0.71168185
2049720,0.71168185
2049780,0.71168185
2049840,0.71168185
2049900,0.71168185
2049960,0.71168185
2050020,0.71168185
2050080,0.71168185
2050140,0.71168185
2050200,0.71168185
2050260,0.71168185
2050320,0.71168185
2050380,0.71168185
2050440,0.71168185
2050500,0.71168185
2050560,0.71168185
2050620,0.71168185
2050680,0.71168185
2050740,0.71168185
2050800,0.71168185
2050860,0.71168185
2050920,0.71168185
2050980,0.71168185
2051040,0.71168185
2051100,0.71168185
2051160,0.71168185
2051220,0.71168185
2051280,0.71168185
2051340,0.71168185
2051400,0.71168185
2051460,0.71168185
2051520,0.71168185
2051580,0.71168185
2051640,0.71168185
2051700,0.71168185
2051760,0.71168185
2051820,0.71168185
2051880,0.71168185
2051940,0.71168185
2052000,0.71168185
2052060,0.71168185
2052120,0.71168185
2052180,0.71168185
2052240,0.71168185
2052300,0.71168185
2052360,0.71168185
2052420,0.71168185
2052480,0.71168185
2052540,0.71168185
2052600,0.71168185
2052660,0.71168185
2052720,0.71168185
2052780,0.71168185
2052840,0.71168185
2052900,0.71168185
2052960,0.71168185
2053020,0.71168185
2053080,0.71168185
2053140,0.71168185
2053200,0.71168185
2053260,0.71168185
2053320,0.71168185
2053380,0.71168185
2053440,0.71168185
2053500,0.71168185
2053560,0.71168185
2053620,0.71168185
2053680,0.71168185
2053740,0.71168185
2053800,0.71168185
2053860,0.71168185
2053920,0.71168185
2053980,0.71168185
2054040,0.71168185
2054100,0.71168185
2054160,0.71168185
2054220,0.71168185
2054280,0.71168185
2054340,0.71168185
2054400,0.71168185
2054460,0.71168185
2054520,0.71168185
2054580,0.71168185
2054640,0.71168185
2054700,0.71168185
2054760,0.71168185
2054820,0.71168185
2054880,0.71168185
2054940,0.71168185
2055000,0.71168185
2055060,0.71168185
2055120,0.71168185
2055180,0.71168185
2055240,0.71168185
2055300,0.71168185
2055360,0.71168185
2055420,0.71168185
2055480,0.71168185
2055540,0.71168185
2055600,0.71168185
2055660,0.71168185
2055720,0.71168185
2055780,0.71168185
2055840,0.71168185
2055900,0.71168185
2055960,0.71168185
2056020,0.71168185
2056080,0.71168185
2056140,0.71168185
2056200,0.71168185
2056260,0.71168185
2056320,0.71168185
2056380,0.71168185
2056440,0.71168185
2056500,0.71168185
2056560,0.71168185
2056620,0.71168185
2056680,0.71168185
2056740,0.71168185
2056800,0.71168185
2056860,0.71168185
2056920,0.71168185
2056980,0.71168185
2057040,0.71168185
2057100,0.71168185
2057160,0.71168185
2057220,0.71168185
2057280,0.71168185
2057340,0.71168185
2057400,0.71168185
2057460,0.71168185
2057520,0.71168185
2057580,0.71168185
2057640,0.71168185
2057700,0.71168185
2057760,0.71168185
2057820,0.71168185
2057880,0.71168185
2057940,0.71168185
2058000,0.71168185
2058060,0.71168185
2058120,0.71168185
2058180,0.71168185
2058240,0.71168185
2058300,0.71168185
2058360,0.71168185
2058420,0.71168185
2058480,0.71168185
2058540,0.71168185
2058600,0.71168185
2058660,0.71168185
2058720,0.71168185
2058780,0.71168185
2058840,0.71168185
2058900,0.71168185
2058960,0.71168185
2059020,0.71168185
2059080,0.71168185
2059140,0.71168185
2059200,0.71168185
2059260,0.71168185
2059320,0.71168185
2059380,0.71168185
2059440,0.71168185
2059500,0.71168185
2059560,0.71168185
2059620,0.71168185
2059680,0.71168185
2059740,0.71168185
2059800,0.71168185
2059860,0.71168185
2059920,0.71168185
2059980,0.71168185
2060040,0.71168185
2060100,0.71168185
2060160,0.71168185
2060220,0.71168185
2060280,0.71168185
2060340,0.71168185
2060400,0.71168185
2060460,0.71168185
2060520,0.71168185
2060580,0.71168185
2060640,0.71168185
2060700,0.71168185
2060760,0.71168185
2060820,0.71168185
2060880,0.71168185
2060940,0.71168185
2061000,0.71168185
2061060,0.71168185
2061120,0.71168185
2061180,0.71168185
2061240,0.71168185
2061300,0.71168185
2061360,0.71168185
2061420,0.71168185
2061480,0.71168185
2061540,0.71168185
2061600,0.71168185
2061660,0.71168185
2061720,0.71168185
2061780,0.71168185
2061840,0.71168185
2061900,0.71168185
2061960,0.71168185
2062020,0.71168185
2062080,0.71168185
2062140,0.71168185
2062200,0.71168185
2062260,0.71168185
2062320,0.71168185
2062380,0.71168185
2062440,0.71168185
2062500,0.71168185
2062560,0.71168185
2062620,0.71168185
2062680,0.71168185
2062740,0.71168185
2062800,0.71168185
2062860,0.71168185
2062920,0.71168185
2062980,0.71168185
2063040,0.71168185
2063100,0.71168185
2063160,0.71168185
2063220,0.71168185
2063280,0.71168185
2063340,0.71168185
2063400,0.71168185
2063460,0.71168185
2063520,0.71168185
2063580,0.71168185
2063640,0.71168185
2063700,0.71168185
2063760,0.71168185
2063820,0.71168185
2063880,0.71168185
2063940,0.71168185
2064000,0.71168185
2064060,0.71168185
2064120,0.71168185
2064180,0.71168185
2064240,0.71168185
2064300,0.71168185
2064360,0.71168185
2064420,0.71168185
2064480,0.71168185
2064540,0.71168185
2064600,0.71168185
2064660,0.71168185
2064720,0.71168185
2064780,0.71168185
2064840,0.71168185
2064900,0.71168185
2064960,0.71168185
2065020,0.71168185
2065080,0.71168185
2065140,0.71168185
2065200,0.71168185
2065260,0.71168185
2065320,0.71168185
2065380,0.71168185
2065440,0.71168185
2065500,0.71168185
2065560,0.71168185
2065620,0.71168185
2065680,0.71168185
2065740,0.71168185
2065800,0.71168185
2065860,0.71168185
2065920,0.71168185
2065980,0.71168185
2066040,0.71168185
2066100,0.71168185
2066160,0.71168185
2066220,0.71168185
2066280,0.71168185
2066340,0.71168185
2066400,0.71168185
2066460,0.71168185
2066520,0.71168185
2066580,0.71168185
2066640,0.71168185
2066700,0.71168185
2066760,0.71168185
2066820,0.71168185
2066880,0.71168185
2066940,0.71168185
2067000,0.71168185
2067060,0.71168185
2067120,0.71168185
2067180,0.71168185
2067240,0.71168185
2067300,0.71168185
2067360,0.71168185
2067420,0.71168185
2067480,0.71168185
2067540,0.71168185
2067600,0.71168185
2067660,0.71168185
2067720,0.71168185
2067780,0.71168185
2067840,0.71168185
2067900,0.71168185
2067960,0.71168185
2068020,0.71168185
2068080,0.71168185
2068140,0.71168185
2068200,0.71168185
2068260,0.71168185
2068320,0.71168185
2068380,0.71168185
2068440,0.71168185
2068500,0.71168185
2068560,0.71168185
2068620,0.71168185
2068680,0.71168185
2068740,0.71168185
2068800,0.71168185
2068860,0.71168185
2068920,0.71168185
2068980,0.71168185
2069040,0.71168185
2069100,0.71168185
2069160,0.71168185
2069220,0.71168185
2069280,0.71168185
2069340,0.71168185
2069400,0.71168185
2069460,0.71168185
2069520,0.71168185
2069580,0.71168185
2069640,0.71168185
2069700,0.71168185
2069760,0.71168185
2069820,0.71168185
2069880,0.71168185
2069940,0.71168185
2070000,0.71168185
2070060,0.71168185
2070120,0.71168185
2070180,0.71168185
2070240,0.71168185
2070300,0.71168185
2070360,0.71168185
2070420,0.71168185
2070480,0.71168185
2070540,0.71168185
2070600,0.71168185
2070660,0.71168185
2070720,0.71168185
2070780,0.71168185
2070840,0.71168185
2070900,0.71168185
2070960,0.71168185
2071020,0.71168185
2071080,0.71168185
2071140,0.71168185
2071200,0.71168185
2071260,0.71168185
2071320,0.71168185
2071380,0.71168185
2071440,0.71168185
2071500,0.71168185
2071560,0.71168185
2071620,0.71168185
2071680,0.71168185
2071740,0.71168185
2071800,0.71168185
2071860,0.71168185
2071920,0.71168185
2071980,0.71168185
2072040,0.71168185
2072100,0.71168185
2072160,0.71168185
2072220,0.71168185
2072280,0.71168185
2072340,0.71168185
2072400,0.71168185
2072460,0.71168185
2072520,0.71168185
2072580,0.71168185
2072640,0.71168185
2072700,0.71168185
2072760,0.71168185
2072820,0.71168185
2072880,0.71168185
2072940,0.71168185
2073000,0.71168185
2073060,0.71168185
2073120,0.71168185
2073180,0.71168185
2073240,0.71168185
2073300,0.71168185
2073360,0.71168185
2073420,0.71168185
2073480,0.71168185
2073540,0.71168185
2073600,0.71168185
2073660,0.71168185
2073720,0.71168185
2073780,0.71168185
2073840,0.71168185
2073900,0.71168185
2073960,0.71168185
2074020,0.71168185
2074080,0.71168185
2074140,0.71168185
2074200,0.71168185
2074260,0.71168185
2074320,0.71168185
2074380,0.71168185
2074440,0.71168185
2074500,0.71168185
2074560,0.71168185
2074620,0.71168185
2074680,0.71168185
2074740,0.71168185
2074800,0.71168185
2074860,0.71168185
2074920,0.71168185
2074980,0.71168185
2075040,0.71168185
2075100,0.71168185
2075160,0.71168185
2075220,0.71168185
2075280,0.71168185
2075340,0.71168185
2075400,0.71168185
2075460,0.71168185
2075520,0.71168185
2075580,0.71168185
2075640,0.71168185
2075700,0.71168185
2075760,0.71168185
2075820,0.71168185
2075880,0.71168185
2075940,0.71168185
2076000,0.71168185
2076060,0.71168185
2076120,0.71168185
2076180,0.71168185
2076240,0.71168185
2076300,0.71168185
2076360,0.71168185
2076420,0.71168185
2076480,0.71168185
2076540,0.71168185
2076600,0.71168185
2076660,0.71168185
2076720,0.71168185
2076780,0.71168185
2076840,0.71168185
2076900,0.71168185
2076960,0.71168185
2077020,0.71168185
2077080,0.71168185
2077140,0.71168185
2077200,0.71168185
2077260,0.71168185
2077320,0.71168185
2077380,0.71168185
2077440,0.71168185
2077500,0.71168185
2077560,0.71168185
2077620,0.71168185
2077680,0.71168185
2077740,0.71168185
2077800,0.71168185
2077860,0.71168185
2077920,0.71168185
2077980,0.71168185
2078040,0.71168185
2078100,0.71168185
2078160,0.71168185
2078220,0.71168185
2078280,0.71168185
2078340,0.71168185
2078400,0.71168185
2078460,0.71168185
2078520,0.71168185
2078580,0.71168185
2078640,0.71168185
2078700,0.71168185
2078760,0.71168185
2078820,0.71168185
2078880,0.71168185
2078940,0.71168185
2079000,0.71168185
2079060,0.71168185
2079120,0.71168185
2079180,0.71168185
2079240,0.71168185
2079300,0.71168185
2079360,0.71168185
2079420,0.71168185
2079480,0.71168185
2079540,0.71168185
2079600,0.71168185
2079660,0.71168185
2079720,0.71168185
2079780,0.71168185
2079840,0.71168185
2079900,0.71168185
2079960,0.71168185
2080020,0.71168185
2080080,0.71168185
2080140,0.71168185
2080200,0.71168185
2080260,0.71168185
2080320,0.71168185
2080380,0.71168185
2080440,0.71168185
2080500,0.71168185
2080560,0.71168185
2080620,0.71168185
2080680,0.71168185
2080740,0.71168185
2080800,0.71168185
2080860,0.71168185
2080920,0.71168185
2080980,0.71168185
2081040,0.71168185
2081100,0.71168185
2081160,0.71168185
2081220,0.71168185
2081280,0.71168185
2081340,0.71168185
2081400,0.71168185
2081460,0.71168185
2081520,0.71168185
2081580,0.71168185
2081640,0.71168185
2081700,0.71168185
2081760,0.71168185
2081820,0.71168185
2081880,0.71168185
2081940,0.71168185
2082000,0.71168185
2082060,0.71168185
2082120,0.71168185
2082180,0.71168185
2082240,0.71168185
2082300,0.71168185
2082360,0.71168185
2082420,0.71168185
2082480,0.71168185
2082540,0.71168185
2082600,0.71168185
2082660,0.71168185
2082720,0.71168185
2082780,0.71168185
2082840,0.71168185
2082900,0.71168185
2082960,0.71168185
2083020,0.71168185
2083080,0.71168185
2083140,0.71168185
2083200,0.71168185
2083260,0.71168176
2083320,0.71168176
2083380,0.71168176
2083440,0.71168176
2083500,0.71168176
2083560,0.71168176
2083620,0.71168176
2083680,0.71168176
2083740,0.71168176
2083800,0.71168176
2083860,0.71168176
2083920,0.71168176
2083980,0.71168176
2084040,0.71168176
2084100,0.71168176
2084160,0.71168176
2084220,0.71168176
2084280,0.71168176
2084340,0.71168176
2084400,0.71168176
2084460,0.71168176
2084520,0.71168176
2084580,0.71168176
2084640,0.71168176
2084700,0.71168176
2084760,0.71168176
2084820,0.71168176
2084880,0.71168176
2084940,0.71168176
2085000,0.71168176
2085060,0.71168176
2085120,0.71168176
2085180,0.71168176
2085240,0.71168176
2085300,0.71168176
2085360,0.71168176
2085420,0.71168176
2085480,0.71168176
2085540,0.71168176
2085600,0.71168176
2085660,0.71168176
2085720,0.71168176
2085780,0.71168176
2085840,0.71168176
2085900,0.71168176
2085960,0.71168176
2086020,0.71168176
2086080,0.71168176
2086140,0.71168176
2086200,0.71168176
2086260,0.71168176
2086320,0.71168176
2086380,0.71168176
2086440,0.71168176
2086500,0.71168176
2086560,0.71168176
2086620,0.71168176
2086680,0.71168176
2086740,0.71168176
2086800,0.71168176
2086860,0.71168176
2086920,0.71168176
2086980,0.71168176
2087040,0.71168176
2087100,0.71168176
2087160,0.71168176
2087220,0.71168176
2087280,0.71168176
2087340,0.71168176
2087400,0.71168176
2087460,0.71168176
2087520,0.71168176
2087580,0.71168176
2087640,0.71168176
2087700,0.71168176
2087760,0.71168176
2087820,0.71168176
2087880,0.71168176
2087940,0.71168176
2088000,0.71168176
2088060,0.71168176
2088120,0.71168176
2088180,0.71168176
2088240,0.71168176
2088300,0.71168176
2088360,0.71168176
2088420,0.71168176
2088480,0.71168176
2088540,0.71168176
2088600,0.71168176
2088660,0.71168176
2088720,0.71168176
2088780,0.71168176
2088840,0.71168176
2088900,0.71168176
2088960,0.71168176
2089020,0.71168176
2089080,0.71168176
2089140,0.71168176
2089200,0.71168176
2089260,0.71168176
2089320,0.71168176
2089380,0.71168176
2089440,0.71168176
2089500,0.71168176
2089560,0.71168176
2089620,0.71168176
2089680,0.71168176
2089740,0.71168176
2089800,0.71168176
2089860,0.71168176
2089920,0.71168176
2089980,0.71168176
2090040,0.71168176
2090100,0.71168176
2090160,0.71168176
2090220,0.71168176
2090280,0.71168176
2090340,0.71168176
2090400,0.71168176
2090460,0.71168176
2090520,0.71168176
2090580,0.71168176
2090640,0.71168176
2090700,0.71168176
2090760,0.71168176
2090820,0.71168176
2090880,0.71168176
2090940,0.71168176
2091000,0.71168176
2091060,0.71168176
2091120,0.71168176
2091180,0.71168176
2091240,0.71168176
2091300,0.71168176
2091360,0.71168176
2091420,0.71168176
2091480,0.71168176
2091540,0.71168176
2091600,0.71168176
2091660,0.71168176
2091720,0.71168176
2091780,0.71168176
2091840,0.71168176
2091900,0.71168176
2091960,0.71168176
2092020,0.71168176
2092080,0.71168176
2092140,0.71168176
2092200,0.71168176
2092260,0.71168176
2092320,0.71168176
2092380,0.71168176
2092440,0.71168176
2092500,0.71168176
2092560,0.71168176
2092620,0.71168176
2092680,0.71168176
2092740,0.71168176
2092800,0.71168176
2092860,0.71168176
2092920,0.71168176
2092980,0.71168176
2093040,0.71168176
2093100,0.71168176
2093160,0.71168176
2093220,0.71168176
2093280,0.71168176
2093340,0.71168176
2093400,0.71168176
2093460,0.71168176
2093520,0.71168176
2093580,0.71168176
2093640,0.71168176
2093700,0.71168176
2093760,0.71168176
2093820,0.71168176
2093880,0.71168176
2093940,0.71168176
2094000,0.71168176
2094060,0.71168176
2094120,0.71168176
2094180,0.71168176
2094240,0.71168176
2094300,0.71168176
2094360,0.71168176
2094420,0.71168176
2094480,0.71168176
2094540,0.71168176
2094600,0.71168176
2094660,0.71168176
2094720,0.71168176
2094780,0.71168176
2094840,0.71168176
2094900,0.71168176
2094960,0.71168176
2095020,0.71168176
2095080,0.71168176
2095140,0.71168176
2095200,0.71168176
2095260,0.71168176
2095320,0.71168176
2095380,0.71168176
2095440,0.71168176
2095500,0.71168176
2095560,0.71168176
2095620,0.71168176
2095680,0.71168176
2095740,0.71168176
2095800,0.71168176
2095860,0.71168176
2095920,0.71168176
2095980,0.71168176
2096040,0.71168176
2096100,0.71168176
2096160,0.71168176
2096220,0.71168176
2096280,0.71168176
2096340,0.71168176
2096400,0.71168176
2096460,0.71168176
2096520,0.71168176
2096580,0.71168176
2096640,0.71168176
2096700,0.71168176
2096760,0.71168176
2096820,0.71168176
2096880,0.71168176
2096940,0.71168176
2097000,0.71168176
2097060,0.71168176
2097120,0.71168176
2097180,0.71168176
2097240,0.71168176
2097300,0.71168176
2097360,0.71168176
2097420,0.71168176
2097480,0.71168176
2097540,0.71168176
2097600,0.71168176
2097660,0.71168176
2097720,0.71168176
2097780,0.71168176
2097840,0.71168176
2097900,0.71168176
2097960,0.71168176
2098020,0.71168176
2098080,0.71168176
2098140,0.71168176
2098200,0.71168176
2098260,0.71168176
2098320,0.71168176
2098380,0.71168176
2098440,0.71168176
2098500,0.71168176
2098560,0.71168176
2098620,0.71168176
2098680,0.71168176
2098740,0.71168176
2098800,0.71168176
2098860,0.71168176
2098920,0.71168176
2098980,0.71168176
2099040,0.71168176
2099100,0.71168176
2099160,0.71168176
2099220,0.71168176
2099280,0.71168176
2099340,0.71168176
2099400,0.71168176
2099460,0.71168176
2099520,0.71168176
2099580,0.71168176
2099640,0.71168176
2099700,0.71168176
2099760,0.71168176
2099820,0.71168176
2099880,0.71168176
2099940,0.71168176
2100000,0.71168176
2100060,0.71168176
2100120,0.71168176
2100180,0.71168176
2100240,0.71168176
2100300,0.71168176
2100360,0.71168176
2100420,0.71168176
2100480,0.71168176
2100540,0.71168176
2100600,0.71168176
2100660,0.71168176
2100720,0.71168176
2100780,0.71168176
2100840,0.71168176
2100900,0.71168176
2100960,0.71168176
2101020,0.71168176
2101080,0.71168176
2101140,0.71168176
2101200,0.71168176
2101260,0.71168176
2101320,0.71168176
2101380,0.71168176
2101440,0.71168176
2101500,0.71168176
2101560,0.71168176
2101620,0.71168176
2101680,0.71168176
2101740,0.71168176
2101800,0.71168176
2101860,0.71168176
2101920,0.71168176
2101980,0.71168176
2102040,0.71168176
2102100,0.71168176
2102160,0.71168176
2102220,0.71168176
2102280,0.71168176
2102340,0.71168176
2102400,0.71168176
2102460,0.71168176
2102520,0.71168176
2102580,0.71168176
2102640,0.71168176
2102700,0.71168176
2102760,0.71168176
2102820,0.71168176
2102880,0.71168176
2102940,0.71168176
2103000,0.71168176
2103060,0.71168176
2103120,0.71168176
2103180,0.71168176
2103240,0.71168176
2103300,0.71168176
2103360,0.71168176
2103420,0.71168176
2103480,0.71168176
2103540,0.71168176
2103600,0.71168176
2103660,0.71168176
2103720,0.71168176
2103780,0.71168176
2103840,0.71168176
2103900,0.71168176
2103960,0.71168176
2104020,0.71168176
2104080,0.71168176
2104140,0.71168176
2104200,0.71168176
2104260,0.71168176
2104320,0.71168176
2104380,0.71168176
2104440,0.71168176
2104500,0.71168176
2104560,0.71168176
2104620,0.71168176
2104680,0.71168176
2104740,0.71168176
2104800,0.71168176
2104860,0.71168176
2104920,0.71168176
2104980,0.71168176
2105040,0.71168176
2105100,0.71168176
2105160,0.71168176
2105220,0.71168176
2105280,0.71168176
2105340,0.71168176
2105400,0.71168176
2105460,0.71168176
2105520,0.71168176
2105580,0.71168176
2105640,0.71168176
2105700,0.71168176
2105760,0.71168176
2105820,0.71168176
2105880,0.71168176
2105940,0.71168176
2106000,0.71168176
2106060,0.71168176
2106120,0.71168176
2106180,0.71168176
2106240,0.71168176
2106300,0.71168176
2106360,0.71168176
2106420,0.71168176
2106480,0.71168176
2106540,0.71168176
2106600,0.71168176
2106660,0.71168176
2106720,0.71168176
2106780,0.71168176
2106840,0.71168176
2106900,0.71168176
2106960,0.71168176
2107020,0.71168176
2107080,0.71168176
2107140,0.71168176
2107200,0.71168176
2107260,0.71168176
2107320,0.71168176
2107380,0.71168176
2107440,0.71168176
2107500,0.71168176
2107560,0.71168176
2107620,0.71168176
2107680,0.71168176
2107740,0.71168176
2107800,0.71168176
2107860,0.71168176
2107920,0.71168176
2107980,0.71168176
2108040,0.71168176
2108100,0.71168176
2108160,0.71168176
2108220,0.71168176
2108280,0.71168176
2108340,0.71168176
2108400,0.71168176
2108460,0.71168176
2108520,0.71168176
2108580,0.71168176
2108640,0.71168176
2108700,0.71168176
2108760,0.71168176
2108820,0.71168176
2108880,0.71168176
2108940,0.71168176
2109000,0.71168176
2109060,0.71168176
2109120,0.71168176
2109180,0.71168176
2109240,0.71168176
2109300,0.71168176
2109360,0.71168176
2109420,0.71168176
2109480,0.71168176
2109540,0.71168176
2109600,0.71168176
2109660,0.71168176
2109720,0.71168176
2109780,0.71168176
2109840,0.71168176
2109900,0.71168176
2109960,0.71168176
2110020,0.71168176
2110080,0.71168176
2110140,0.71168176
2110200,0.71168176
2110260,0.71168176
2110320,0.71168176
2110380,0.71168176
2110440,0.71168176
2110500,0.71168176
2110560,0.71168176
2110620,0.71168176
2110680,0.71168176
2110740,0.71168176
2110800,0.71168176
2110860,0.71168176
2110920,0.71168176
2110980,0.71168176
2111040,0.71168176
2111100,0.71168176
2111160,0.71168176
2111220,0.71168176
2111280,0.71168176
2111340,0.71168176
2111400,0.71168176
2111460,0.71168176
2111520,0.71168176
2111580,0.71168176
2111640,0.71168176
2111700,0.71168176
2111760,0.71168176
2111820,0.71168176
2111880,0.71168176
2111940,0.71168176
2112000,0.71168176
2112060,0.71168176
2112120,0.71168176
2112180,0.71168176
2112240,0.71168176
2112300,0.71168176
2112360,0.71168176
2112420,0.71168176
2112480,0.71168176
2112540,0.71168176
2112600,0.71168176
2112660,0.71168176
2112720,0.71168176
2112780,0.71168176
2112840,0.71168176
2112900,0.71168176
2112960,0.71168176
2113020,0.71168176
2113080,0.71168176
2113140,0.71168176
2113200,0.71168176
2113260,0.71168176
2113320,0.71168176
2113380,0.71168176
2113440,0.71168176
2113500,0.71168176
2113560,0.71168176
2113620,0.71168176
2113680,0.71168176
2113740,0.71168176
2113800,0.71168176
2113860,0.71168176
2113920,0.71168176
2113980,0.71168176
2114040,0.71168176
2114100,0.71168176
2114160,0.71168176
2114220,0.71168176
2114280,0.71168176
2114340,0.71168176
2114400,0.71168176
2114460,0.71168176
2114520,0.71168176
2114580,0.71168176
2114640,0.71168176
2114700,0.71168176
2114760,0.71168176
2114820,0.71168176
2114880,0.71168176
2114940,0.71168176
2115000,0.71168176
2115060,0.71168176
2115120,0.71168176
2115180,0.71168176
2115240,0.71168176
2115300,0.71168176
2115360,0.71168176
2115420,0.71168176
2115480,0.71168176
2115540,0.71168176
2115600,0.71168176
2115660,0.71168176
2115720,0.71168176
2115780,0.71168176
2115840,0.71168176
2115900,0.71168176
2115960,0.71168176
2116020,0.71168176
2116080,0.71168176
2116140,0.71168176
2116200,0.71168176
2116260,0.71168176
2116320,0.71168176
2116380,0.71168176
2116440,0.71168176
2116500,0.71168176
2116560,0.71168176
2116620,0.71168176
2116680,0.71168176
2116740,0.71168176
2116800,0.71168176
2116860,0.71168176
2116920,0.71168176
2116980,0.71168176
2117040,0.71168176
2117100,0.71168176
2117160,0.71168176
2117220,0.71168176
2117280,0.71168176
2117340,0.71168176
2117400,0.71168176
2117460,0.71168176
2117520,0.71168176
2117580,0.71168176
2117640,0.71168176
2117700,0.71168176
2117760,0.71168176
2117820,0.71168176
2117880,0.71168176
2117940,0.71168176
2118000,0.71168176
2118060,0.71168176
2118120,0.71168176
2118180,0.71168176
2118240,0.71168176
2118300,0.71168176
2118360,0.71168176
2118420,0.71168176
2118480,0.71168176
2118540,0.71168176
2118600,0.71168176
2118660,0.71168176
2118720,0.71168176
2118780,0.71168176
2118840,0.71168176
2118900,0.71168176
2118960,0.71168176
2119020,0.71168176
2119080,0.71168176
2119140,0.71168176
2119200,0.71168176
2119260,0.71168176
2119320,0.71168176
2119380,0.71168176
2119440,0.71168176
2119500,0.71168176
2119560,0.71168176
2119620,0.71168176
2119680,0.71168176
2119740,0.71168176
2119800,0.71168176
2119860,0.71168176
2119920,0.71168176
2119980,0.71168176
2120040,0.71168176
2120100,0.71168176
2120160,0.71168176
2120220,0.71168176
2120280,0.71168176
2120340,0.71168176
2120400,0.71168176
2120460,0.71168176
2120520,0.71168176
2120580,0.71168176
2120640,0.71168176
2120700,0.71168176
2120760,0.71168176
2120820,0.71168176
2120880,0.71168176
2120940,0.71168176
2121000,0.71168176
2121060,0.71168176
2121120,0.71168176
2121180,0.71168176
2121240,0.71168176
2121300,0.71168176
2121360,0.71168176
2121420,0.71168176
2121480,0.71168176
2121540,0.71168176
2121600,0.71168176
2121660,0.71168176
2121720,0.71168176
2121780,0.71168176
2121840,0.71168176
2121900,0.71168176
2121960,0.71168176
2122020,0.71168176
2122080,0.71168176
2122140,0.71168176
2122200,0.71168176
2122260,0.71168176
2122320,0.71168176
2122380,0.71168176
2122440,0.71168176
2122500,0.71168176
2122560,0.71168176
2122620,0.71168176
2122680,0.71168176
2122740,0.71168176
2122800,0.71168176
2122860,0.71168176
2122920,0.71168176
2122980,0.71168176
2123040,0.71168176
2123100,0.71168176
2123160,0.71168176
2123220,0.71168176
2123280,0.71168176
2123340,0.71168176
2123400,0.71168176
2123460,0.71168176
2123520,0.71168176
2123580,0.71168176
2123640,0.71168176
2123700,0.71168176
2123760,0.71168176
2123820,0.71168176
2123880,0.71168176
2123940,0.71168176
2124000,0.71168176
2124060,0.71168176
2124120,0.71168176
2124180,0.71168176
2124240,0.71168176
2124300,0.71168176
2124360,0.71168176
2124420,0.71168176
2124480,0.71168176
2124540,0.71168176
2124600,0.71168176
2124660,0.71168176
2124720,0.71168176
2124780,0.71168176
2124840,0.71168176
2124900,0.71168176
2124960,0.71168176
2125020,0.71168176
2125080,0.71168176
2125140,0.71168176
2125200,0.71168176
2125260,0.71168176
2125320,0.71168176
2125380,0.71168176
2125440,0.71168176
2125500,0.71168176
2125560,0.71168176
2125620,0.71168176
2125680,0.71168176
2125740,0.71168176
2125800,0.71168176
2125860,0.71168176
2125920,0.71168176
2125980,0.71168176
2126040,0.71168176
2126100,0.71168176
2126160,0.71168176
2126220,0.71168176
2126280,0.71168176
2126340,0.71168176
2126400,0.71168176
2126460,0.71168176
2126520,0.71168176
2126580,0.71168176
2126640,0.71168176
2126700,0.71168176
2126760,0.71168176
2126820,0.71168176
2126880,0.71168176
2126940,0.71168176
2127000,0.71168176
2127060,0.71168176
2127120,0.71168176
2127180,0.71168176
2127240,0.71168176
2127300,0.71168176
2127360,0.71168176
2127420,0.71168176
2127480,0.71168176
2127540,0.71168176
2127600,0.71168176
2127660,0.71168176
2127720,0.71168176
2127780,0.71168176
2127840,0.71168176
2127900,0.71168176
2127960,0.71168176
2128020,0.71168176
2128080,0.71168176
2128140,0.71168176
2128200,0.71168176
2128260,0.71168176
2128320,0.71168176
2128380,0.71168176
2128440,0.71168176
2128500,0.71168176
2128560,0.71168176
2128620,0.71168176
2128680,0.71168176
2128740,0.71168176
2128800,0.71168176
2128860,0.71168176
2128920,0.71168176
2128980,0.71168176
2129040,0.71168176
2129100,0.71168176
2129160,0.71168176
2129220,0.71168176
2129280,0.71168176
2129340,0.71168176
2129400,0.71168176
2129460,0.71168176
2129520,0.71168176
2129580,0.71168176
2129640,0.71168176
2129700,0.71168176
2129760,0.71168176
2129820,0.71168176
2129880,0.71168176
2129940,0.71168176
2130000,0.71168176
2130060,0.71168176
2130120,0.71168176
2130180,0.71168176
2130240,0.71168176
2130300,0.71168176
2130360,0.71168176
2130420,0.71168176
2130480,0.71168176
2130540,0.71168176
2130600,0.71168176
2130660,0.71168176
2130720,0.71168176
2130780,0.71168176
2130840,0.71168176
2130900,0.71168176
2130960,0.71168176
2131020,0.71168176
2131080,0.71168176
2131140,0.71168176
2131200,0.71168176
2131260,0.71168176
2131320,0.71168176
2131380,0.71168176
2131440,0.71168176
2131500,0.71168176
2131560,0.71168176
2131620,0.71168176
2131680,0.71168176
2131740,0.71168176
2131800,0.71168176
2131860,0.71168176
2131920,0.71168176
2131980,0.71168176
2132040,0.71168176
2132100,0.71168176
2132160,0.71168176
2132220,0.71168176
2132280,0.71168176
2132340,0.71168176
2132400,0.71168176
2132460,0.71168176
2132520,0.71168176
2132580,0.71168176
2132640,0.71168176
2132700,0.71168176
2132760,0.71168176
2132820,0.71168176
2132880,0.71168176
2132940,0.71168176
2133000,0.71168176
2133060,0.71168176
2133120,0.71168176
2133180,0.71168176
2133240,0.71168176
2133300,0.71168176
2133360,0.71168176
2133420,0.71168176
2133480,0.71168176
2133540,0.71168176
2133600,0.71168176
2133660,0.71168176
2133720,0.71168176
2133780,0.71168176
2133840,0.71168176
2133900,0.71168176
2133960,0.71168176
2134020,0.71168176
2134080,0.71168176
2134140,0.71168176
2134200,0.71168176
2134260,0.71168176
2134320,0.71168176
2134380,0.71168176
2134440,0.71168176
2134500,0.71168176
2134560,0.71168176
2134620,0.71168176
2134680,0.71168176
2134740,0.71168176
2134800,0.71168176
2134860,0.71168176
2134920,0.71168176
2134980,0.71168176
2135040,0.71168176
2135100,0.71168176
2135160,0.71168176
2135220,0.71168176
2135280,0.71168176
2135340,0.71168176
2135400,0.71168176
2135460,0.71168176
2135520,0.71168176
2135580,0.71168176
2135640,0.71168176
2135700,0.71168176
2135760,0.71168176
2135820,0.71168176
2135880,0.71168176
2135940,0.71168176
2136000,0.71168176
2136060,0.71168176
2136120,0.71168176
2136180,0.71168176
2136240,0.71168176
2136300,0.71168176
2136360,0.71168176
2136420,0.71168176
2136480,0.71168176
2136540,0.71168176
2136600,0.71168176
2136660,0.71168176
2136720,0.71168176
2136780,0.71168176
2136840,0.71168176
2136900,0.71168176
2136960,0.71168176
2137020,0.71168176
2137080,0.71168176
2137140,0.71168176
2137200,0.71168176
2137260,0.71168176
2137320,0.71168176
2137380,0.71168176
2137440,0.71168176
2137500,0.71168176
2137560,0.71168176
2137620,0.71168176
2137680,0.71168176
2137740,0.71168176
2137800,0.71168176
2137860,0.71168176
2137920,0.71168176
2137980,0.71168176
2138040,0.71168176
2138100,0.71168176
2138160,0.71168176
2138220,0.71168176
2138280,0.71168176
2138340,0.71168176
2138400,0.71168176
2138460,0.71168176
2138520,0.71168176
2138580,0.71168176
2138640,0.71168176
2138700,0.71168176
2138760,0.71168176
2138820,0.71168176
2138880,0.71168176
2138940,0.71168176
2139000,0.71168176
2139060,0.71168176
2139120,0.71168176
2139180,0.71168176
2139240,0.71168176
2139300,0.71168176
2139360,0.71168176
2139420,0.71168176
2139480,0.71168176
2139540,0.71168176
2139600,0.71168176
2139660,0.71168176
2139720,0.71168176
2139780,0.71168176
2139840,0.71168176
2139900,0.71168176
2139960,0.71168176
2140020,0.71168176
2140080,0.71168176
2140140,0.71168176
2140200,0.71168176
2140260,0.71168176
2140320,0.71168176
2140380,0.71168176
2140440,0.71168176
2140500,0.71168176
2140560,0.71168176
2140620,0.71168176
2140680,0.71168176
2140740,0.71168176
2140800,0.71168176
2140860,0.71168176
2140920,0.71168176
2140980,0.71168176
2141040,0.71168176
2141100,0.71168176
2141160,0.71168176
2141220,0.71168176
2141280,0.71168176
2141340,0.71168176
2141400,0.71168176
2141460,0.71168176
2141520,0.71168176
2141580,0.71168176
2141640,0.71168176
2141700,0.71168176
2141760,0.71168176
2141820,0.71168176
2141880,0.71168176
2141940,0.71168176
2142000,0.71168176
2142060,0.71168176
2142120,0.71168176
2142180,0.71168176
2142240,0.71168176
2142300,0.71168176
2142360,0.71168176
2142420,0.71168176
2142480,0.71168176
2142540,0.71168176
2142600,0.71168176
2142660,0.71168176
2142720,0.71168176
2142780,0.71168176
2142840,0.71168176
2142900,0.71168176
2142960,0.71168176
2143020,0.71168176
2143080,0.71168176
2143140,0.71168176
2143200,0.71168176
2143260,0.71168176
2143320,0.71168176
2143380,0.71168176
2143440,0.71168176
2143500,0.71168176
2143560,0.71168176
2143620,0.71168176
2143680,0.71168176
2143740,0.71168176
2143800,0.71168176
2143860,0.71168176
2143920,0.71168176
2143980,0.71168176
2144040,0.71168176
2144100,0.71168176
2144160,0.71168176
2144220,0.71168176
2144280,0.71168176
2144340,0.71168176
2144400,0.71168176
2144460,0.71168176
2144520,0.71168176
2144580,0.71168176
2144640,0.71168176
2144700,0.71168176
2144760,0.71168176
2144820,0.71168176
2144880,0.71168176
2144940,0.71168176
2145000,0.71168176
2145060,0.71168176
2145120,0.71168176
2145180,0.71168176
2145240,0.71168176
2145300,0.71168176
2145360,0.71168176
2145420,0.71168176
2145480,0.71168176
2145540,0.71168176
2145600,0.71168176
2145660,0.71168176
2145720,0.71168176
2145780,0.71168176
2145840,0.71168176
2145900,0.71168176
2145960,0.71168176
2146020,0.71168176
2146080,0.71168176
2146140,0.71168176
2146200,0.71168176
2146260,0.71168176
2146320,0.71168176
2146380,0.71168176
2146440,0.71168176
2146500,0.71168176
2146560,0.71168176
2146620,0.71168176
2146680,0.71168176
2146740,0.71168176
2146800,0.71168176
2146860,0.71168176
2146920,0.71168176
2146980,0.71168176
2147040,0.71168176
2147100,0.71168176
2147160,0.71168176
2147220,0.71168176
2147280,0.71168176
2147340,0.71168176
2147400,0.71168176
2147460,0.71168176
2147520,0.71168176
2147580,0.71168176
2147640,0.71168176
2147700,0.71168176
2147760,0.71168176
2147820,0.71168176
2147880,0.71168176
2147940,0.71168176
2148000,0.71168176
2148060,0.71168176
2148120,0.71168176
2148180,0.71168176
2148240,0.71168176
2148300,0.71168176
2148360,0.71168176
2148420,0.71168176
2148480,0.71168176
2148540,0.71168176
2148600,0.71168176
2148660,0.71168176
2148720,0.71168176
2148780,0.71168176
2148840,0.71168176
2148900,0.71168176
2148960,0.71168176
2149020,0.71168176
2149080,0.71168176
2149140,0.71168176
2149200,0.71168176
2149260,0.71168176
2149320,0.71168176
2149380,0.71168176
2149440,0.71168176
2149500,0.71168176
2149560,0.71168176
2149620,0.71168176
2149680,0.71168176
2149740,0.71168176
2149800,0.71168176
2149860,0.71168176
2149920,0.71168176
2149980,0.71168176
2150040,0.71168176
2150100,0.71168176
2150160,0.71168176
2150220,0.71168176
2150280,0.71168176
2150340,0.71168176
2150400,0.71168176
2150460,0.71168176
2150520,0.71168176
2150580,0.71168176
2150640,0.71168176
2150700,0.71168176
2150760,0.71168176
2150820,0.71168176
2150880,0.71168176
2150940,0.71168176
2151000,0.71168176
2151060,0.71168176
2151120,0.71168176
2151180,0.71168176
2151240,0.71168176
2151300,0.71168176
2151360,0.71168176
2151420,0.71168176
2151480,0.71168176
2151540,0.71168176
2151600,0.71168176
2151660,0.71168176
2151720,0.71168176
2151780,0.71168176
2151840,0.71168176
2151900,0.71168176
2151960,0.71168176
2152020,0.71168176
2152080,0.71168176
2152140,0.71168176
2152200,0.71168176
2152260,0.71168176
2152320,0.71168176
2152380,0.71168176
2152440,0.71168176
2152500,0.71168176
2152560,0.71168176
2152620,0.71168176
2152680,0.71168176
2152740,0.71168176
2152800,0.71168176
2152860,0.71168176
2152920,0.71168176
2152980,0.71168176
2153040,0.71168176
2153100,0.71168176
2153160,0.71168176
2153220,0.71168176
2153280,0.71168176
2153340,0.71168176
2153400,0.71168176
2153460,0.71168176
2153520,0.71168176
2153580,0.71168176
2153640,0.71168176
2153700,0.71168176
2153760,0.71168176
2153820,0.71168176
2153880,0.71168176
2153940,0.71168176
2154000,0.71168176
2154060,0.71168176
2154120,0.71168176
2154180,0.71168176
2154240,0.71168176
2154300,0.71168176
2154360,0.71168176
2154420,0.71168176
2154480,0.71168176
2154540,0.71168176
2154600,0.71168176
2154660,0.71168176
2154720,0.71168176
2154780,0.71168176
2154840,0.71168176
2154900,0.71168176
2154960,0.71168176
2155020,0.71168176
2155080,0.71168176
2155140,0.71168176
2155200,0.71168176
2155260,0.71168176
2155320,0.71168176
2155380,0.71168176
2155440,0.71168176
2155500,0.71168176
2155560,0.71168176
2155620,0.71168176
2155680,0.71168176
2155740,0.71168176
2155800,0.71168176
2155860,0.71168176
2155920,0.71168176
2155980,0.71168176
2156040,0.71168176
2156100,0.71168176
2156160,0.71168176
2156220,0.71168176
2156280,0.71168176
2156340,0.71168176
2156400,0.71168176
2156460,0.71168176
2156520,0.71168176
2156580,0.71168176
2156640,0.71168176
2156700,0.71168176
2156760,0.71168176
2156820,0.71168176
2156880,0.71168176
2156940,0.71168176
2157000,0.71168176
2157060,0.71168176
2157120,0.71168176
2157180,0.71168176
2157240,0.71168176
2157300,0.71168176
2157360,0.71168176
2157420,0.71168176
2157480,0.71168176
2157540,0.71168176
2157600,0.71168176
2157660,0.71168176
2157720,0.71168176
2157780,0.71168176
2157840,0.71168176
2157900,0.71168176
2157960,0.71168176
2158020,0.71168176
2158080,0.71168176
2158140,0.71168176
2158200,0.71168176
2158260,0.71168176
2158320,0.71168159
2158380,0.71167642
2158440,0.71167642
2158500,0.71167642
2158560,0.71167642
2158620,0.71167642
2158680,0.71167642
2158740,0.71167642
2158800,0.71167642
2158860,0.71167642
2158920,0.71167642
2158980,0.71167642
2159040,0.71167642
2159100,0.71167642
2159160,0.71167642
2159220,0.71167642
2159280,0.71167642
2159340,0.71167642
2159400,0.71167642
2159460,0.71167642
2159520,0.71167642
2159580,0.71167642
2159640,0.71167642
2159700,0.71167642
2159760,0.71167642
2159820,0.71167642
2159880,0.71167642
2159940,0.71167642
2160000,0.71167642
2160060,0.71167642
2160120,0.71167642
2160180,0.71167642
2160240,0.71167642
2160300,0.71167642
2160360,0.71167642
2160420,0.71167642
2160480,0.71167642
2160540,0.71167642
2160600,0.71167642
2160660,0.71167642
2160720,0.71167642
2160780,0.71167642
2160840,0.71167642
2160900,0.71167642
2160960,0.71167642
2161020,0.71167642
2161080,0.71167642
2161140,0.71167642
2161200,0.71167642
2161260,0.71167642
2161320,0.71167642
2161380,0.71167642
2161440,0.71167642
2161500,0.71167642
2161560,0.71167642
2161620,0.71167642
2161680,0.71167642
2161740,0.71167642
2161800,0.71167642
2161860,0.71167642
2161920,0.71167642
2161980,0.71167642
2162040,0.71167642
2162100,0.71167642
2162160,0.71167642
2162220,0.71167642
2162280,0.71167642
2162340,0.71167642
2162400,0.71167642
2162460,0.71167642
2162520,0.71167642
2162580,0.71167642
2162640,0.71167642
2162700,0.71167642
2162760,0.71167642
2162820,0.71167642
2162880,0.71167642
2162940,0.71167642
2163000,0.71167642
2163060,0.71167642
2163120,0.71167642
2163180,0.71167642
2163240,0.71167642
2163300,0.71167642
2163360,0.71167642
2163420,0.71167642
2163480,0.71167642
2163540,0.71167642
2163600,0.71167642
2163660,0.71167642
2163720,0.71167642
2163780,0.71167642
2163840,0.71167642
2163900,0.71167642
2163960,0.71167642
2164020,0.71167642
2164080,0.71167642
2164140,0.71167642
2164200,0.71167642
2164260,0.71167642
2164320,0.71167642
2164380,0.71167642
2164440,0.71167642
2164500,0.71167642
2164560,0.71167642
2164620,0.71167642
2164680,0.71167642
2164740,0.71167642
2164800,0.71167642
2164860,0.71167642
2164920,0.71167642
2164980,0.71167642
2165040,0.71167642
2165100,0.71167642
2165160,0.71167642
2165220,0.71167642
2165280,0.71167642
2165340,0.71167642
2165400,0.71167642
2165460,0.71167642
2165520,0.71167642
2165580,0.71167642
2165640,0.71167642
2165700,0.71167642
2165760,0.71167642
2165820,0.71167642
2165880,0.71167642
2165940,0.71167642
2166000,0.71167642
2166060,0.71167642
2166120,0.71167642
2166180,0.71167642
2166240,0.71167642
2166300,0.71167642
2166360,0.71167642
2166420,0.71167642
2166480,0.71167642
2166540,0.71167642
2166600,0.71167642
2166660,0.71167642
2166720,0.71167642
2166780,0.71167642
2166840,0.71167642
2166900,0.71167642
2166960,0.71167642
2167020,0.71167642
2167080,0.71167642
2167140,0.71167642
2167200,0.71167642
2167260,0.71167642
2167320,0.71167642
2167380,0.71167642
2167440,0.71167642
2167500,0.71167642
2167560,0.71167642
2167620,0.71167642
2167680,0.71167642
2167740,0.71167642
2167800,0.71167642
2167860,0.71167642
2167920,0.71167642
2167980,0.71167642
2168040,0.71167642
2168100,0.71167642
2168160,0.71167642
2168220,0.71167642
2168280,0.71167642
2168340,0.71167642
2168400,0.71167642
2168460,0.71167642
2168520,0.71167642
2168580,0.71167642
2168640,0.71167642
2168700,0.71167642
2168760,0.71167642
2168820,0.71167642
2168880,0.71167642
2168940,0.71167642
2169000,0.71167642
2169060,0.71167642
2169120,0.71167642
2169180,0.71167642
2169240,0.71167642
2169300,0.71167642
2169360,0.71167642
2169420,0.71167642
2169480,0.71167642
2169540,0.71167642
2169600,0.71167642
2169660,0.71167642
2169720,0.71167642
2169780,0.71167642
2169840,0.71167642
2169900,0.71167642
2169960,0.71167642
2170020,0.71167642
2170080,0.71167642
2170140,0.71167642
2170200,0.71167642
2170260,0.71167642
2170320,0.71167642
2170380,0.71167642
2170440,0.71167642
2170500,0.71167642
2170560,0.71167642
2170620,0.71167642
2170680,0.71167642
2170740,0.71167642
2170800,0.71167642
2170860,0.71167642
2170920,0.71167642
2170980,0.71167642
2171040,0.71167642
2171100,0.71167642
2171160,0.71167642
2171220,0.71167642
2171280,0.71167642
2171340,0.71167642
2171400,0.71167642
2171460,0.71167642
2171520,0.71167642
2171580,0.71167642
2171640,0.71167642
2171700,0.71167642
2171760,0.71167642
2171820,0.71167642
2171880,0.71167642
2171940,0.71167642
2172000,0.71167642
2172060,0.71167642
2172120,0.71167642
2172180,0.71167642
2172240,0.71167642
2172300,0.71167642
2172360,0.71167642
2172420,0.71167642
2172480,0.71167642
2172540,0.71167642
2172600,0.71167642
2172660,0.71167642
2172720,0.71167642
2172780,0.71167642
2172840,0.71167642
2172900,0.71167642
2172960,0.71167642
2173020,0.71167642
2173080,0.71167642
2173140,0.71167642
2173200,0.71167642
2173260,0.71167642
2173320,0.71167642
2173380,0.71167642
2173440,0.71167642
2173500,0.71167642
2173560,0.71167642
2173620,0.71167642
2173680,0.71167642
2173740,0.71167642
2173800,0.71167642
2173860,0.71167642
2173920,0.71167642
2173980,0.71167642
2174040,0.71167642
2174100,0.71167642
2174160,0.71167642
2174220,0.71167642
2174280,0.71167642
2174340,0.71167642
2174400,0.71167642
2174460,0.71167642
2174520,0.71167642
2174580,0.71167642
2174640,0.71167642
2174700,0.71167642
2174760,0.71167642
2174820,0.71167642
2174880,0.71167642
2174940,0.71167642
2175000,0.71167642
2175060,0.71167642
2175120,0.71167642
2175180,0.71167642
2175240,0.71167642
2175300,0.71167642
2175360,0.71167642
2175420,0.71167642
2175480,0.71167642
2175540,0.71167642
2175600,0.71167642
2175660,0.71167642
2175720,0.71167642
2175780,0.71167642
2175840,0.71167642
2175900,0.71167642
2175960,0.71167642
2176020,0.71167642
2176080,0.71167642
2176140,0.71167642
2176200,0.71167642
2176260,0.71167642
2176320,0.71167642
2176380,0.71167642
2176440,0.71167642
2176500,0.71167642
2176560,0.71167642
2176620,0.71167642
2176680,0.71167642
2176740,0.71167642
2176800,0.71167642
2176860,0.71167642
2176920,0.71167642
2176980,0.71167642
2177040,0.71167642
2177100,0.71167642
2177160,0.71167642
2177220,0.71167642
2177280,0.71167642
2177340,0.71167642
2177400,0.71167642
2177460,0.71167642
2177520,0.71167642
2177580,0.71167642
2177640,0.71167642
2177700,0.71167642
2177760,0.71167642
2177820,0.71167642
2177880,0.71167642
2177940,0.71167642
2178000,0.71167642
2178060,0.71167642
2178120,0.71167642
2178180,0.71167642
2178240,0.71167642
2178300,0.71167642
2178360,0.71167642
2178420,0.71167642
2178480,0.71167642
2178540,0.71167642
2178600,0.71167642
2178660,0.71167642
2178720,0.71167642
2178780,0.71167642
2178840,0.71167642
2178900,0.71167642
2178960,0.71167642
2179020,0.71167642
2179080,0.71167642
2179140,0.71167642
2179200,0.71167642
2179260,0.71167642
2179320,0.71167642
2179380,0.71167642
2179440,0.71167642
2179500,0.71167642
2179560,0.71167642
2179620,0.71167642
2179680,0.71167642
2179740,0.71167642
2179800,0.71167642
2179860,0.71167642
2179920,0.71167642
2179980,0.71167642
2180040,0.71167642
2180100,0.71167642
2180160,0.71167642
2180220,0.71167642
2180280,0.71167642
2180340,0.71167642
2180400,0.71167642
2180460,0.71167642
2180520,0.71167642
2180580,0.71167642
2180640,0.71167642
2180700,0.71167642
2180760,0.71167642
2180820,0.71167642
2180880,0.71167642
2180940,0.71167642
2181000,0.71167642
2181060,0.71167642
2181120,0.71167642
2181180,0.71167642
2181240,0.71167642
2181300,0.71167642
2181360,0.71167642
2181420,0.71167642
2181480,0.71167642
2181540,0.71167642
2181600,0.71167642
2181660,0.71167642
2181720,0.71167642
2181780,0.71167642
2181840,0.71167642
2181900,0.71167642
2181960,0.71167642
2182020,0.71167642
2182080,0.71167642
2182140,0.71167642
2182200,0.71167642
2182260,0.71167642
2182320,0.71167642
2182380,0.71167642
2182440,0.71167642
2182500,0.71167642
2182560,0.71167642
2182620,0.71167642
2182680,0.71167642
2182740,0.71167642
2182800,0.71167642
2182860,0.71167642
2182920,0.71167642
2182980,0.71167642
2183040,0.71167642
2183100,0.71167642
2183160,0.71167642
2183220,0.71167642
2183280,0.71167642
2183340,0.71167642
2183400,0.71167642
2183460,0.71167642
2183520,0.71167642
2183580,0.71167642
2183640,0.71167642
2183700,0.71167642
2183760,0.71167642
2183820,0.71167642
2183880,0.71167642
2183940,0.71167642
2184000,0.71167642
2184060,0.71167642
2184120,0.71167642
2184180,0.71167642
2184240,0.71167642
2184300,0.71167642
2184360,0.71167642
2184420,0.71167642
2184480,0.71167642
2184540,0.71167642
2184600,0.71167642
2184660,0.71167642
2184720,0.71167642
2184780,0.71167642
2184840,0.71167642
2184900,0.71167642
2184960,0.71167642
2185020,0.71167642
2185080,0.71167642
2185140,0.71167642
2185200,0.71167642
2185260,0.71167642
2185320,0.71167642
2185380,0.71167642
2185440,0.71167642
2185500,0.71167642
2185560,0.71167642
2185620,0.71167642
2185680,0.71167642
2185740,0.71167642
2185800,0.71167642
2185860,0.71167642
2185920,0.71167642
2185980,0.71167642
2186040,0.71167642
2186100,0.71167642
2186160,0.71167642
2186220,0.71167642
2186280,0.71167642
2186340,0.71167642
2186400,0.71167642
2186460,0.71167642
2186520,0.71167642
2186580,0.71167642
2186640,0.71167642
2186700,0.71167642
2186760,0.71167642
2186820,0.71167642
2186880,0.71167642
2186940,0.71167642
2187000,0.71167642
2187060,0.71167642
2187120,0.71167642
2187180,0.71167642
2187240,0.71167642
2187300,0.71167642
2187360,0.71167642
2187420,0.71167642
2187480,0.71167642
2187540,0.71167642
2187600,0.71167642
2187660,0.71167642
2187720,0.71167642
2187780,0.71167642
2187840,0.71167642
2187900,0.71167642
2187960,0.71167642
2188020,0.71167642
2188080,0.71167642
2188140,0.71167642
2188200,0.71167642
2188260,0.71167642
2188320,0.71167642
2188380,0.71167642
2188440,0.71167642
2188500,0.71167642
2188560,0.71167642
2188620,0.71167642
2188680,0.71167642
2188740,0.71167642
2188800,0.71167642
2188860,0.71167642
2188920,0.71167642
2188980,0.71167642
2189040,0.71167642
2189100,0.71167642
2189160,0.71167642
2189220,0.71167642
2189280,0.71167642
2189340,0.71167642
2189400,0.71167642
2189460,0.71167642
2189520,0.71167642
2189580,0.71167642
2189640,0.71167642
2189700,0.71167642
2189760,0.71167642
2189820,0.71167642
2189880,0.71167642
2189940,0.71167642
2190000,0.71167642
2190060,0.71167642
2190120,0.71167642
2190180,0.71167642
2190240,0.71167642
2190300,0.71167642
2190360,0.71167642
2190420,0.71167642
2190480,0.71167642
2190540,0.71167642
2190600,0.71167642
2190660,0.71167642
2190720,0.71167642
2190780,0.71167642
2190840,0.71167642
2190900,0.71167642
2190960,0.71167642
2191020,0.71167642
2191080,0.71167642
2191140,0.71167642
2191200,0.71167642
2191260,0.71167642
2191320,0.71167642
2191380,0.71167642
2191440,0.71167642
2191500,0.71167642
2191560,0.71167642
2191620,0.71167642
2191680,0.71167642
2191740,0.71167642
2191800,0.71167642
2191860,0.71167642
2191920,0.71167642
2191980,0.71167642
2192040,0.71167642
2192100,0.71167642
2192160,0.71167642
2192220,0.71167642
2192280,0.71167642
2192340,0.71167642
2192400,0.71167642
2192460,0.71167642
2192520,0.71167642
2192580,0.71167642
2192640,0.71167642
2192700,0.71167642
2192760,0.71167642
2192820,0.71167642
2192880,0.71167642
2192940,0.71167642
2193000,0.71167642
2193060,0.71167642
2193120,0.71167642
2193180,0.71167642
2193240,0.71167642
2193300,0.71167642
2193360,0.71167642
2193420,0.71167642
2193480,0.71167642
2193540,0.71167642
2193600,0.71167642
2193660,0.71167642
2193720,0.71167642
2193780,0.71167642
2193840,0.71167642
2193900,0.71167642
2193960,0.71167642
2194020,0.71167642
2194080,0.71167642
2194140,0.71167642
2194200,0.71167642
2194260,0.71167642
2194320,0.71167642
2194380,0.71167642
2194440,0.71167642
2194500,0.71167642
2194560,0.71167642
2194620,0.71167642
2194680,0.71167642
2194740,0.71167642
2194800,0.71167642
2194860,0.71167642
2194920,0.71167642
2194980,0.71167642
2195040,0.71167642
2195100,0.71167642
2195160,0.71167642
2195220,0.71167642
2195280,0.71167642
2195340,0.71167642
2195400,0.71167642
2195460,0.71167642
2195520,0.71167642
2195580,0.71167642
2195640,0.71167642
2195700,0.71167642
2195760,0.71167642
2195820,0.71167642
2195880,0.71167642
2195940,0.71167642
2196000,0.71167642
2196060,0.71167642
2196120,0.71167642
2196180,0.71167642
2196240,0.71167642
2196300,0.71167642
2196360,0.71167642
2196420,0.71167642
2196480,0.71167642
2196540,0.71167642
2196600,0.71167642
2196660,0.71167642
2196720,0.71167642
2196780,0.71167642
2196840,0.71167642
2196900,0.71167642
2196960,0.71167642
2197020,0.71167642
2197080,0.71167642
2197140,0.71167642
2197200,0.71167642
2197260,0.71167642
2197320,0.71167642
2197380,0.71167642
2197440,0.71167642
2197500,0.71167642
2197560,0.71167642
2197620,0.71167642
2197680,0.71167642
2197740,0.71167642
2197800,0.71167642
2197860,0.71167642
2197920,0.71167642
2197980,0.71167642
2198040,0.71167642
2198100,0.71167642
2198160,0.71167642
2198220,0.71167642
2198280,0.71167642
2198340,0.71167642
2198400,0.71167642
2198460,0.71167642
2198520,0.71167642
2198580,0.71167642
2198640,0.71167642
2198700,0.71167642
2198760,0.71167642
2198820,0.71167642
2198880,0.71167642
2198940,0.71167642
2199000,0.71167642
2199060,0.71167642
2199120,0.71167642
2199180,0.71167642
2199240,0.71167642
2199300,0.71167642
2199360,0.71167642
2199420,0.71167642
2199480,0.71167642
2199540,0.71167642
2199600,0.71167642
2199660,0.71167642
2199720,0.71167642
2199780,0.71167642
2199840,0.71167642
2199900,0.71167642
2199960,0.71167642
2200020,0.71167642
2200080,0.71167642
2200140,0.71167642
2200200,0.71167642
2200260,0.71167642
2200320,0.71167642
2200380,0.71167642
2200440,0.71167642
2200500,0.71167642
2200560,0.71167642
2200620,0.71167642
2200680,0.71167642
2200740,0.71167642
2200800,0.71167642
2200860,0.71167642
2200920,0.71167642
2200980,0.71167642
2201040,0.71167642
2201100,0.71167642
2201160,0.71167642
2201220,0.71167642
2201280,0.71167642
2201340,0.71167642
2201400,0.71167642
2201460,0.71167642
2201520,0.71167642
2201580,0.71167642
2201640,0.71167642
2201700,0.71167642
2201760,0.71167642
2201820,0.71167642
2201880,0.71167642
2201940,0.71167642
2202000,0.71167642
2202060,0.71167642
2202120,0.71167642
2202180,0.71167642
2202240,0.71167642
2202300,0.71167642
2202360,0.71167642
2202420,0.71167642
2202480,0.71167642
2202540,0.71167642
2202600,0.71167642
2202660,0.71167642
2202720,0.71167642
2202780,0.71167642
2202840,0.71167642
2202900,0.71167642
2202960,0.71167642
2203020,0.71167642
2203080,0.71167642
2203140,0.71167642
2203200,0.71167642
2203260,0.71167642
2203320,0.71167642
2203380,0.71167642
2203440,0.71167642
2203500,0.71167642
2203560,0.71167642
2203620,0.71167642
2203680,0.71167642
2203740,0.71167642
2203800,0.71167642
2203860,0.71167642
2203920,0.71167642
2203980,0.71167642
2204040,0.71167642
2204100,0.71167642
2204160,0.71167642
2204220,0.71167642
2204280,0.71167642
2204340,0.71167642
2204400,0.71167642
2204460,0.71167642
2204520,0.71167642
2204580,0.71167642
2204640,0.71167642
2204700,0.71167642
2204760,0.71167642
2204820,0.71167642
2204880,0.71167642
2204940,0.71167642
2205000,0.71167642
2205060,0.71167642
2205120,0.71167642
2205180,0.71167642
2205240,0.71167642
2205300,0.71167642
2205360,0.71167642
2205420,0.71167642
2205480,0.71167642
2205540,0.71167642
2205600,0.71167642
2205660,0.71167642
2205720,0.71167642
2205780,0.71167642
2205840,0.71167642
2205900,0.71167642
2205960,0.71167642
2206020,0.71167642
2206080,0.71167642
2206140,0.71167642
2206200,0.71167642
2206260,0.71167642
2206320,0.71167642
2206380,0.71167642
2206440,0.71167642
2206500,0.71167642
2206560,0.71167642
2206620,0.71167642
2206680,0.71167642
2206740,0.71167642
2206800,0.71167642
2206860,0.71167642
2206920,0.71167642
2206980,0.71167642
2207040,0.71167642
2207100,0.71167642
2207160,0.71167642
2207220,0.71167642
2207280,0.71167642
2207340,0.71167642
2207400,0.71167642
2207460,0.71167642
2207520,0.71167642
2207580,0.71167642
2207640,0.71167642
2207700,0.71167642
2207760,0.71167642
2207820,0.71167642
2207880,0.71167642
2207940,0.71167642
2208000,0.71167642
2208060,0.71167642
2208120,0.71167642
2208180,0.71167642
2208240,0.71167642
2208300,0.71167642
2208360,0.71167642
2208420,0.71167642
2208480,0.71167642
2208540,0.71167642
2208600,0.71167642
2208660,0.71167642
2208720,0.71167642
2208780,0.71167642
2208840,0.71167642
2208900,0.71167642
2208960,0.71167642
2209020,0.71167642
2209080,0.71167642
2209140,0.71167642
2209200,0.71167642
2209260,0.71167642
2209320,0.71167642
2209380,0.71167642
2209440,0.71167642
2209500,0.71167642
2209560,0.71167642
2209620,0.71167642
2209680,0.71167642
2209740,0.71167642
2209800,0.71167642
2209860,0.71167642
2209920,0.71167642
2209980,0.71167642
2210040,0.71167642
2210100,0.71167642
2210160,0.71167642
2210220,0.71167642
2210280,0.71167642
2210340,0.71167642
2210400,0.71167642
2210460,0.71167642
2210520,0.71167642
2210580,0.71167642
2210640,0.71167642
2210700,0.71167642
2210760,0.71167642
2210820,0.71167642
2210880,0.71167642
2210940,0.71167642
2211000,0.71167642
2211060,0.71167642
2211120,0.71167642
2211180,0.71167642
2211240,0.71167642
2211300,0.71167642
2211360,0.71167642
2211420,0.71167642
2211480,0.71167642
2211540,0.71167642
2211600,0.71167642
2211660,0.71167642
2211720,0.71167642
2211780,0.71167642
2211840,0.71167642
2211900,0.71167642
2211960,0.71167642
2212020,0.71167642
2212080,0.71167642
2212140,0.71167642
2212200,0.71167642
2212260,0.71167642
2212320,0.71167642
2212380,0.71167642
2212440,0.71167642
2212500,0.71167642
2212560,0.71167642
2212620,0.71167642
2212680,0.71167642
2212740,0.71167642
2212800,0.71167642
2212860,0.71167642
2212920,0.71167642
2212980,0.71167642
2213040,0.71167642
2213100,0.71167642
2213160,0.71167642
2213220,0.71167642
2213280,0.71167642
2213340,0.71167642
2213400,0.71167642
2213460,0.71167642
2213520,0.71167642
2213580,0.71167642
2213640,0.71167642
2213700,0.71167642
2213760,0.71167642
2213820,0.71167642
2213880,0.71167642
2213940,0.71167642
2214000,0.71167642
2214060,0.71167642
2214120,0.71167642
2214180,0.71167642
2214240,0.71167642
2214300,0.71167642
2214360,0.71167642
2214420,0.71167642
2214480,0.71167642
2214540,0.71167642
2214600,0.71167642
2214660,0.71167642
2214720,0.71167642
2214780,0.71167642
2214840,0.71167642
2214900,0.71167642
2214960,0.71167642
2215020,0.71167642
2215080,0.71167642
2215140,0.71167642
2215200,0.71167642
2215260,0.71167642
2215320,0.71167642
2215380,0.71167642
2215440,0.71167642
2215500,0.71167642
2215560,0.71167642
2215620,0.71167642
2215680,0.71167642
2215740,0.71167642
2215800,0.71167642
2215860,0.71167642
2215920,0.71167642
2215980,0.71167642
2216040,0.71167642
2216100,0.71167642
2216160,0.71167642
2216220,0.71167642
2216280,0.71167642
2216340,0.71167642
2216400,0.71167642
2216460,0.71167642
2216520,0.71167642
2216580,0.71167642
2216640,0.71167642
2216700,0.71167642
2216760,0.71167642
2216820,0.71167642
2216880,0.71167642
2216940,0.71167642
2217000,0.71167642
2217060,0.71167642
2217120,0.71167642
2217180,0.71167642
2217240,0.71167642
2217300,0.71167642
2217360,0.71167642
2217420,0.71167642
2217480,0.71167642
2217540,0.71167642
2217600,0.71167642
2217660,0.71167642
2217720,0.71167642
2217780,0.71167642
2217840,0.71167642
2217900,0.71167642
2217960,0.71167642
2218020,0.71167642
2218080,0.71167642
2218140,0.71167642
2218200,0.71167642
2218260,0.71167642
2218320,0.71167642
2218380,0.71167642
2218440,0.71167642
2218500,0.71167642
2218560,0.71167642
2218620,0.71167642
2218680,0.71167642
2218740,0.71167642
2218800,0.71167642
2218860,0.71167642
2218920,0.71167642
2218980,0.71167642
2219040,0.71167642
2219100,0.71167642
2219160,0.71167642
2219220,0.71167642
2219280,0.71167642
2219340,0.71167642
2219400,0.71167642
2219460,0.71167642
2219520,0.71167642
2219580,0.71167642
2219640,0.71167642
2219700,0.71167642
2219760,0.71167642
2219820,0.71167642
2219880,0.71167642
2219940,0.71167642
2220000,0.71167642
2220060,0.71167642
2220120,0.71167642
2220180,0.71167642
2220240,0.71167642
2220300,0.71167642
2220360,0.71167642
2220420,0.71167642
2220480,0.71167642
2220540,0.71167642
2220600,0.71167642
2220660,0.71167642
2220720,0.71167642
2220780,0.71167642
2220840,0.71167642
2220900,0.71167642
2220960,0.71167642
2221020,0.71167642
2221080,0.71167642
2221140,0.71167642
2221200,0.71167642
2221260,0.71167642
2221320,0.71167642
2221380,0.71167642
2221440,0.71167642
2221500,0.71167642
2221560,0.71167642
2221620,0.71167642
2221680,0.71167642
2221740,0.71167642
2221800,0.71167642
2221860,0.71167642
2221920,0.71167642
2221980,0.71167642
2222040,0.71167642
2222100,0.71167642
2222160,0.71167642
2222220,0.71167642
2222280,0.71167642
2222340,0.71167642
2222400,0.71167642
2222460,0.71167642
2222520,0.71167642
2222580,0.71167642
2222640,0.71167642
2222700,0.71167642
2222760,0.71167642
2222820,0.71167642
2222880,0.71167642
2222940,0.71167642
2223000,0.71167642
2223060,0.71167642
2223120,0.71167642
2223180,0.71167642
2223240,0.71167642
2223300,0.71167642
2223360,0.71167642
2223420,0.71167642
2223480,0.71167642
2223540,0.71167642
2223600,0.71167642
2223660,0.71167642
2223720,0.71167642
2223780,0.71167642
2223840,0.71167642
2223900,0.71167642
2223960,0.71167642
2224020,0.71167642
2224080,0.71167642
2224140,0.71167642
2224200,0.71167642
2224260,0.71167642
2224320,0.71167642
2224380,0.71167642
2224440,0.71167642
2224500,0.71167642
2224560,0.71167642
2224620,0.71167642
2224680,0.71167642
2224740,0.71167642
2224800,0.71167642
2224860,0.71167642
2224920,0.71167642
2224980,0.71167642
2225040,0.71167642
2225100,0.71167642
2225160,0.71167642
2225220,0.71167642
2225280,0.71167642
2225340,0.71167642
2225400,0.71167642
2225460,0.71167642
2225520,0.71167642
2225580,0.71167642
2225640,0.71167642
2225700,0.71167642
2225760,0.71167642
2225820,0.71167642
2225880,0.71167642
2225940,0.71167642
2226000,0.71167642
2226060,0.71167642
2226120,0.71167642
2226180,0.71167642
2226240,0.71167642
2226300,0.71167642
2226360,0.71167642
2226420,0.71167642
2226480,0.71167642
2226540,0.71167642
2226600,0.71167642
2226660,0.71167642
2226720,0.71167642
2226780,0.71167642
2226840,0.71167642
2226900,0.71167642
2226960,0.71167642
2227020,0.71167642
2227080,0.71167642
2227140,0.71167642
2227200,0.71167642
2227260,0.71167642
2227320,0.71167642
2227380,0.71167642
2227440,0.71167642
2227500,0.71167642
2227560,0.71167642
2227620,0.71167642
2227680,0.71167642
2227740,0.71167642
2227800,0.71167642
2227860,0.71167642
2227920,0.71167642
2227980,0.71167642
2228040,0.71167642
2228100,0.71167642
2228160,0.71167642
2228220,0.71167642
2228280,0.71167642
2228340,0.71167642
2228400,0.71167642
2228460,0.71167642
2228520,0.71167642
2228580,0.71167642
2228640,0.71167642
2228700,0.71167642
2228760,0.71167642
2228820,0.71167642
2228880,0.71167642
2228940,0.71167642
2229000,0.71167642
2229060,0.71167642
2229120,0.71167642
2229180,0.71167642
2229240,0.71167642
2229300,0.71167642
2229360,0.71167642
2229420,0.71167642
2229480,0.71167642
2229540,0.71167642
2229600,0.71167642
2229660,0.71167642
2229720,0.71167642
2229780,0.71167642
2229840,0.71167642
2229900,0.71167642
2229960,0.71167642
2230020,0.71167642
2230080,0.71167642
2230140,0.71167642
2230200,0.71167642
2230260,0.71167642
2230320,0.71167642
2230380,0.71167642
2230440,0.71167642
2230500,0.71167642
2230560,0.71167642
2230620,0.71167642
2230680,0.71167642
2230740,0.71167642
2230800,0.71167642
2230860,0.71167642
2230920,0.71167642
2230980,0.71167642
2231040,0.71167642
2231100,0.71167642
2231160,0.71167642
2231220,0.71167642
2231280,0.71167642
2231340,0.71167642
2231400,0.71167642
2231460,0.71167642
2231520,0.71167642
2231580,0.71167642
2231640,0.71167642
2231700,0.71167642
2231760,0.71167642
2231820,0.71167642
2231880,0.71167642
2231940,0.71167642
2232000,0.71167642
2232060,0.71167642
2232120,0.71167642
2232180,0.71167642
2232240,0.71167642
2232300,0.71167642
2232360,0.71167642
2232420,0.71167642
2232480,0.71167642
2232540,0.71167642
2232600,0.71167642
2232660,0.71167642
2232720,0.71167642
2232780,0.71167642
2232840,0.71167642
2232900,0.71167642
2232960,0.71167642
2233020,0.71167642
2233080,0.71167642
2233140,0.71167642
2233200,0.71167642
2233260,0.71167642
2233320,0.71167642
2233380,0.71167642
2233440,0.71167642
2233500,0.71167642
2233560,0.71167642
2233620,0.71167642
2233680,0.71167642
2233740,0.71167642
2233800,0.71167642
2233860,0.71167642
2233920,0.71167642
2233980,0.71167642
2234040,0.71167642
2234100,0.71167642
2234160,0.71167642
2234220,0.71167642
2234280,0.71167642
2234340,0.71167642
2234400,0.71167642
2234460,0.71167642
2234520,0.71167642
2234580,0.71167642
2234640,0.71167642
2234700,0.71167642
2234760,0.71167642
2234820,0.71167642
2234880,0.71167642
2234940,0.71167642
2235000,0.71167642
2235060,0.71167642
2235120,0.71167642
2235180,0.71167642
2235240,0.71167642
2235300,0.71167642
2235360,0.71167642
2235420,0.71167642
2235480,0.71167642
2235540,0.71167642
2235600,0.71167642
2235660,0.71167642
2235720,0.71167642
2235780,0.71167642
2235840,0.71167642
2235900,0.71167642
2235960,0.71167642
2236020,0.71167642
2236080,0.71167642
2236140,0.71167642
2236200,0.71167642
2236260,0.71167642
2236320,0.71167642
2236380,0.71167642
2236440,0.71167642
2236500,0.71167642
2236560,0.71167642
2236620,0.71167642
2236680,0.71167642
2236740,0.71167642
2236800,0.71167642
2236860,0.71167642
2236920,0.71167642
2236980,0.71167642
2237040,0.71167642
2237100,0.71167642
2237160,0.71167642
2237220,0.71167642
2237280,0.71167642
2237340,0.71167642
2237400,0.71167642
2237460,0.71167642
2237520,0.71167642
2237580,0.71167642
2237640,0.71167642
2237700,0.71167642
2237760,0.71167642
2237820,0.71167642
2237880,0.71167642
2237940,0.71167642
2238000,0.71167642
2238060,0.71167642
2238120,0.71167642
2238180,0.71167642
2238240,0.71167642
2238300,0.71167642
2238360,0.71167642
2238420,0.71167642
2238480,0.71167642
2238540,0.71167642
2238600,0.71167642
2238660,0.71167642
2238720,0.71167642
2238780,0.71167642
2238840,0.71167642
2238900,0.71167642
2238960,0.71167642
2239020,0.71167642
2239080,0.71167642
2239140,0.71167642
2239200,0.71167642
2239260,0.71167642
2239320,0.71167642
2239380,0.71167642
2239440,0.71167642
2239500,0.71167642
2239560,0.71167642
2239620,0.71167642
2239680,0.71167642
2239740,0.71167642
2239800,0.71167642
2239860,0.71167642
2239920,0.71167642
2239980,0.71167642
2240040,0.71167642
2240100,0.71167642
2240160,0.71167642
2240220,0.71167642
2240280,0.71167642
2240340,0.71167642
2240400,0.71167642
2240460,0.71167642
2240520,0.71167642
2240580,0.71167642
2240640,0.71167642
2240700,0.71167642
2240760,0.71167642
2240820,0.71167642
2240880,0.71167642
2240940,0.71167642
2241000,0.71167642
2241060,0.71167642
2241120,0.71167642
2241180,0.71167642
2241240,0.71167642
2241300,0.71167642
2241360,0.71167642
2241420,0.71167642
2241480,0.71167642
2241540,0.71167642
2241600,0.71167642
2241660,0.71167642
2241720,0.71167642
2241780,0.71167642
2241840,0.71167642
2241900,0.71167642
2241960,0.71167642
2242020,0.71167642
2242080,0.71167642
2242140,0.71167642
2242200,0.71167642
2242260,0.71167642
2242320,0.71167642
2242380,0.71167642
2242440,0.71167642
2242500,0.71167642
2242560,0.71167642
2242620,0.71167642
2242680,0.71167642
2242740,0.71167642
2242800,0.71167642
2242860,0.71167642
2242920,0.71167642
2242980,0.71167642
2243040,0.71167642
2243100,0.71167642
2243160,0.71167642
2243220,0.71167642
2243280,0.71167642
2243340,0.71167642
2243400,0.71167642
2243460,0.71167642
2243520,0.71167642
2243580,0.71167642
2243640,0.71167642
2243700,0.71167642
2243760,0.71167642
2243820,0.71167642
2243880,0.71167642
2243940,0.71167642
2244000,0.71167642
2244060,0.71167642
2244120,0.71167642
2244180,0.71167642
2244240,0.71167642
2244300,0.71167642
2244360,0.71167642
2244420,0.71167642
2244480,0.71167642
2244540,0.71167642
2244600,0.71167642
2244660,0.71167642
2244720,0.71167642
2244780,0.71167642
2244840,0.71167642
2244900,0.71167642
2244960,0.71167642
2245020,0.71167642
2245080,0.71167642
2245140,0.71167642
2245200,0.71167642
2245260,0.71167642
2245320,0.71167642
2245380,0.71167642
2245440,0.71167642
2245500,0.71167642
2245560,0.71167642
2245620,0.71167642
2245680,0.71167642
2245740,0.71167642
2245800,0.71167642
2245860,0.71167642
2245920,0.71167642
2245980,0.71167642
2246040,0.71167642
2246100,0.71167642
2246160,0.71167642
2246220,0.71167642
2246280,0.71167642
2246340,0.71167642
2246400,0.71167642
2246460,0.71167642
2246520,0.71167642
2246580,0.71167642
2246640,0.71167642
2246700,0.71167642
2246760,0.71167642
2246820,0.71167642
2246880,0.71167642
2246940,0.71167642
2247000,0.71167642
2247060,0.71167642
2247120,0.71167642
2247180,0.71167642
2247240,0.71167642
2247300,0.71167642
2247360,0.71167642
2247420,0.71167642
2247480,0.71167642
2247540,0.71167642
2247600,0.71167642
2247660,0.71167642
2247720,0.71167642
2247780,0.71167642
2247840,0.71167642
2247900,0.71167642
2247960,0.71167642
2248020,0.71167642
2248080,0.71167642
2248140,0.71167642
2248200,0.71167642
2248260,0.71167642
2248320,0.71167642
2248380,0.71167642
2248440,0.71167642
2248500,0.71167642
2248560,0.71167642
2248620,0.71167642
2248680,0.71167642
2248740,0.71167642
2248800,0.71167642
2248860,0.71167642
2248920,0.71167642
2248980,0.71167642
2249040,0.71167642
2249100,0.71167642
2249160,0.71167642
2249220,0.71167642
2249280,0.71167642
2249340,0.71167642
2249400,0.71167642
2249460,0.71167642
2249520,0.71167642
2249580,0.71167642
2249640,0.71167642
2249700,0.71167642
2249760,0.71167642
2249820,0.71167642
2249880,0.71167642
2249940,0.71167642
2250000,0.71167642
2250060,0.71167642
2250120,0.71167642
2250180,0.71167642
2250240,0.71167642
2250300,0.71167642
2250360,0.71167642
2250420,0.71167642
2250480,0.71167642
2250540,0.71167642
2250600,0.71167642
2250660,0.71167642
2250720,0.71167642
2250780,0.71167642
2250840,0.71167642
2250900,0.71167642
2250960,0.71167642
2251020,0.71167642
2251080,0.71167642
2251140,0.71167642
2251200,0.71167642
2251260,0.71167642
2251320,0.71167642
2251380,0.71167642
2251440,0.71167642
2251500,0.71167642
2251560,0.71167642
2251620,0.71167642
2251680,0.71167642
2251740,0.71167642
2251800,0.71167642
2251860,0.71167642
2251920,0.71167642
2251980,0.71167642
2252040,0.71167642
2252100,0.71167642
2252160,0.71167642
2252220,0.71167642
2252280,0.71167642
2252340,0.71167642
2252400,0.71167642
2252460,0.71167642
2252520,0.71167642
2252580,0.71167642
2252640,0.71167642
2252700,0.71167642
2252760,0.71167642
2252820,0.71167642
2252880,0.71167642
2252940,0.71167642
2253000,0.71167642
2253060,0.71167642
2253120,0.71167642
2253180,0.71167642
2253240,0.71167642
2253300,0.71167642
2253360,0.71167642
2253420,0.71167642
2253480,0.71167642
2253540,0.71167642
2253600,0.71167642
2253660,0.71167642
2253720,0.71167642
2253780,0.71167642
2253840,0.71167642
2253900,0.71167642
2253960,0.71167642
2254020,0.71167642
2254080,0.71167642
2254140,0.71167642
2254200,0.71167642
2254260,0.71167642
2254320,0.71167642
2254380,0.71167642
2254440,0.71167642
2254500,0.71167642
2254560,0.71167642
2254620,0.71167642
2254680,0.71167642
2254740,0.71167642
2254800,0.71167642
2254860,0.71167642
2254920,0.71167642
2254980,0.71167642
2255040,0.71167642
2255100,0.71167642
2255160,0.71167642
2255220,0.71167642
2255280,0.71167642
2255340,0.71167642
2255400,0.71167642
2255460,0.71167642
2255520,0.71167642
2255580,0.71167642
2255640,0.71167642
2255700,0.71167642
2255760,0.71167642
2255820,0.71167642
2255880,0.71167642
2255940,0.71167642
2256000,0.71167642
2256060,0.71167642
2256120,0.71167642
2256180,0.71167642
2256240,0.71167642
2256300,0.71167642
2256360,0.71167642
2256420,0.71167642
2256480,0.71167642
2256540,0.71167642
2256600,0.71167642
2256660,0.71167642
2256720,0.71167642
2256780,0.71167642
2256840,0.71167642
2256900,0.71167642
2256960,0.71167642
2257020,0.71167642
2257080,0.71167642
2257140,0.71167642
2257200,0.71167642
2257260,0.71167642
2257320,0.71167642
2257380,0.71167642
2257440,0.71167642
2257500,0.71167642
2257560,0.71167642
2257620,0.71167642
2257680,0.71167642
2257740,0.71167642
2257800,0.71167642
2257860,0.71167642
2257920,0.71167642
2257980,0.71167642
2258040,0.71167642
2258100,0.71167642
2258160,0.71167642
2258220,0.71167642
2258280,0.71167642
2258340,0.71167642
2258400,0.71167642
2258460,0.71167642
2258520,0.71167642
2258580,0.71167642
2258640,0.71167642
2258700,0.71167642
2258760,0.71167642
2258820,0.71167642
2258880,0.71167642
2258940,0.71167642
2259000,0.71167642
2259060,0.71167642
2259120,0.71167642
2259180,0.71167642
2259240,0.71167642
2259300,0.71167642
2259360,0.71167642
2259420,0.71167642
2259480,0.71167642
2259540,0.71167642
2259600,0.71167642
2259660,0.71167642
2259720,0.71167642
2259780,0.71167642
2259840,0.71167642
2259900,0.71167642
2259960,0.71167642
2260020,0.71167642
2260080,0.71167642
2260140,0.71167642
2260200,0.71167642
2260260,0.71167642
2260320,0.71167642
2260380,0.71167642
2260440,0.71167642
2260500,0.71167642
2260560,0.71167642
2260620,0.71167642
2260680,0.71167642
2260740,0.71167642
2260800,0.71167642
2260860,0.71167642
2260920,0.71167642
2260980,0.71167642
2261040,0.71167642
2261100,0.71167642
2261160,0.71167642
2261220,0.71167642
2261280,0.71167642
2261340,0.71167642
2261400,0.71167642
2261460,0.71167642
2261520,0.71167642
2261580,0.71167642
2261640,0.71167642
2261700,0.71167642
2261760,0.71167642
2261820,0.71167642
2261880,0.71167642
2261940,0.71167642
2262000,0.71167642
2262060,0.71167642
2262120,0.71167642
2262180,0.71167642
2262240,0.71167642
2262300,0.71167642
2262360,0.71167642
2262420,0.71167642
2262480,0.71167642
2262540,0.71167642
2262600,0.71167642
2262660,0.71167642
2262720,0.71167642
2262780,0.71167642
2262840,0.71167642
2262900,0.71167642
2262960,0.71167642
2263020,0.71167642
2263080,0.71167642
2263140,0.71167642
2263200,0.71167642
2263260,0.71167642
2263320,0.71167642
2263380,0.71167642
2263440,0.71167642
2263500,0.71167642
2263560,0.71167642
2263620,0.71167642
2263680,0.71167642
2263740,0.71167642
2263800,0.71167642
2263860,0.71167642
2263920,0.71167642
2263980,0.71167642
2264040,0.71167642
2264100,0.71167642
2264160,0.71167642
2264220,0.71167642
2264280,0.71167642
2264340,0.71167642
2264400,0.71167642
2264460,0.71167642
2264520,0.71167642
2264580,0.71167642
2264640,0.71167642
2264700,0.71167642
2264760,0.71167642
2264820,0.71167642
2264880,0.71167642
2264940,0.71167642
2265000,0.71167642
2265060,0.71167642
2265120,0.71167642
2265180,0.71167642
2265240,0.71167642
2265300,0.71167642
2265360,0.71167642
2265420,0.71167642
2265480,0.71167642
2265540,0.71167642
2265600,0.71167642
2265660,0.71167642
2265720,0.71167642
2265780,0.71167642
2265840,0.71167642
2265900,0.71167642
2265960,0.71167642
2266020,0.71167642
2266080,0.71167642
2266140,0.71167642
2266200,0.71167642
2266260,0.71167642
2266320,0.71167642
2266380,0.71167642
2266440,0.71167642
2266500,0.71167642
2266560,0.71167642
2266620,0.71167642
2266680,0.71167642
2266740,0.71167642
2266800,0.71167642
2266860,0.71167642
2266920,0.71167642
2266980,0.71167642
2267040,0.71167642
2267100,0.71167642
2267160,0.71167642
2267220,0.71167642
2267280,0.71167642
2267340,0.71167642
2267400,0.71167642
2267460,0.71167642
2267520,0.71167642
2267580,0.71167642
2267640,0.71167642
2267700,0.71167642
2267760,0.71167642
2267820,0.71167642
2267880,0.71167642
2267940,0.71167642
2268000,0.71167642
2268060,0.71167642
2268120,0.71167642
2268180,0.71167642
2268240,0.71167642
2268300,0.71167642
2268360,0.71167642
2268420,0.71167642
2268480,0.71167642
2268540,0.71167642
2268600,0.71167642
2268660,0.71167642
2268720,0.71167642
2268780,0.71167642
2268840,0.71167642
2268900,0.71167642
2268960,0.71167642
2269020,0.71167642
2269080,0.71167642
2269140,0.71167642
2269200,0.71167642
2269260,0.71167642
2269320,0.71167642
2269380,0.71167642
2269440,0.71167642
2269500,0.71167642
2269560,0.71167642
2269620,0.71167642
2269680,0.71167642
2269740,0.71167642
2269800,0.71167642
2269860,0.71167642
2269920,0.71167642
2269980,0.71167642
2270040,0.71167642
2270100,0.71167642
2270160,0.71167642
2270220,0.71167642
2270280,0.71167642
2270340,0.71167642
2270400,0.71167642
2270460,0.71167642
2270520,0.71167642
2270580,0.71167642
2270640,0.71167642
2270700,0.71167642
2270760,0.71167642
2270820,0.71167642
2270880,0.71167642
2270940,0.71167642
2271000,0.71167642
2271060,0.71167642
2271120,0.71167642
2271180,0.71167642
2271240,0.71167642
2271300,0.71167642
2271360,0.71167642
2271420,0.71167642
2271480,0.71167642
2271540,0.71167642
2271600,0.71167642
2271660,0.71167642
2271720,0.71167642
2271780,0.71167642
2271840,0.71167642
2271900,0.71167642
2271960,0.71167642
2272020,0.71167642
2272080,0.71167642
2272140,0.71167642
2272200,0.71167642
2272260,0.71167642
2272320,0.71167642
2272380,0.71167642
2272440,0.71167642
2272500,0.71167642
2272560,0.71167642
2272620,0.71167642
2272680,0.71167642
2272740,0.71167642
2272800,0.71167642
2272860,0.71167642
2272920,0.71167642
2272980,0.71167642
2273040,0.71167642
2273100,0.71167642
2273160,0.71167642
2273220,0.71167642
2273280,0.71167642
2273340,0.71167642
2273400,0.71167642
2273460,0.71167642
2273520,0.71167642
2273580,0.71167642
2273640,0.71167642
2273700,0.71167642
2273760,0.71167642
2273820,0.71167642
2273880,0.71167642
2273940,0.71167642
2274000,0.71167642
2274060,0.71167642
2274120,0.71167642
2274180,0.71167642
2274240,0.71167642
2274300,0.71167642
2274360,0.71167642
2274420,0.71167642
2274480,0.71167642
2274540,0.71167642
2274600,0.71167642
2274660,0.71167642
2274720,0.71167642
2274780,0.71167642
2274840,0.71167642
2274900,0.71167642
2274960,0.71167642
2275020,0.71167642
2275080,0.71167642
2275140,0.71167642
2275200,0.71167642
2275260,0.71167642
2275320,0.71167642
2275380,0.71167642
2275440,0.71167642
2275500,0.71167642
2275560,0.71167642
2275620,0.71167642
2275680,0.71167642
2275740,0.71167642
2275800,0.71167642
2275860,0.71167642
2275920,0.71167642
2275980,0.71167642
2276040,0.71167642
2276100,0.71167642
2276160,0.71167642
2276220,0.71167642
2276280,0.71167642
2276340,0.71167642
2276400,0.71167642
2276460,0.71167642
2276520,0.71167642
2276580,0.71167642
2276640,0.71167642
2276700,0.71167642
2276760,0.71167642
2276820,0.71167642
2276880,0.71167642
2276940,0.71167642
2277000,0.71167642
2277060,0.71167642
2277120,0.71167642
2277180,0.71167642
2277240,0.71167642
2277300,0.71167642
2277360,0.71167642
2277420,0.71167642
2277480,0.71167642
2277540,0.71167642
2277600,0.71167642
2277660,0.71167642
2277720,0.71167642
2277780,0.71167642
2277840,0.71167642
2277900,0.71167642
2277960,0.71167642
2278020,0.71167642
2278080,0.71167642
2278140,0.71167642
2278200,0.71167642
2278260,0.71167642
2278320,0.71167642
2278380,0.71167642
2278440,0.71167642
2278500,0.71167642
2278560,0.71167642
2278620,0.71167642
2278680,0.71167642
2278740,0.71167642
2278800,0.71167642
2278860,0.71167642
2278920,0.71167642
2278980,0.71167642
2279040,0.71167642
2279100,0.71167642
2279160,0.71167642
2279220,0.71167642
2279280,0.71167642
2279340,0.71167642
2279400,0.71167642
2279460,0.71167642
2279520,0.71167642
2279580,0.71167642
2279640,0.71167642
2279700,0.71167642
2279760,0.71167642
2279820,0.71167642
2279880,0.71167642
2279940,0.71167642
2280000,0.71167642
2280060,0.71167642
2280120,0.71167642
2280180,0.71167642
2280240,0.71167642
2280300,0.71167642
2280360,0.71167642
2280420,0.71167642
2280480,0.71167642
2280540,0.71167642
2280600,0.71167642
2280660,0.71167642
2280720,0.71167642
2280780,0.71167642
2280840,0.71167642
2280900,0.71167642
2280960,0.71167642
2281020,0.71167642
2281080,0.71167642
2281140,0.71167642
2281200,0.71167642
2281260,0.71167642
2281320,0.71167642
2281380,0.71167642
2281440,0.71167642
2281500,0.71167642
2281560,0.71167642
2281620,0.71167642
2281680,0.71167642
2281740,0.71167642
2281800,0.71167642
2281860,0.71167642
2281920,0.71167642
2281980,0.71167642
2282040,0.71167642
2282100,0.71167642
2282160,0.71167642
2282220,0.71167642
2282280,0.71167642
2282340,0.71167642
2282400,0.71167642
2282460,0.71167642
2282520,0.71167642
2282580,0.71167642
2282640,0.71167642
2282700,0.71167642
2282760,0.71167642
2282820,0.71167642
2282880,0.71167642
2282940,0.71167642
2283000,0.71167642
2283060,0.71167642
2283120,0.71167642
2283180,0.71167642
2283240,0.71167642
2283300,0.71167642
2283360,0.71167642
2283420,0.71167642
2283480,0.71167642
2283540,0.71167642
2283600,0.71167642
2283660,0.71167642
2283720,0.71167642
2283780,0.71167642
2283840,0.71167642
2283900,0.71167642
2283960,0.71167642
2284020,0.71167642
2284080,0.71167642
2284140,0.71167642
2284200,0.71167642
2284260,0.71167642
2284320,0.71167642
2284380,0.71167642
2284440,0.71167642
2284500,0.71167642
2284560,0.71167642
2284620,0.71167642
2284680,0.71167642
2284740,0.71167642
2284800,0.71167642
2284860,0.71167642
2284920,0.71167642
2284980,0.71167642
2285040,0.71167642
2285100,0.71167642
2285160,0.71167642
2285220,0.71167642
2285280,0.71167642
2285340,0.71167642
2285400,0.71167642
2285460,0.71167642
2285520,0.71167642
2285580,0.71167642
2285640,0.71167642
2285700,0.71167642
2285760,0.71167642
2285820,0.71167642
2285880,0.71167642
2285940,0.71167642
2286000,0.71167642
2286060,0.71167642
2286120,0.71167642
2286180,0.71167642
2286240,0.71167642
2286300,0.71167642
2286360,0.71167642
2286420,0.71167642
2286480,0.71167642
2286540,0.71167642
2286600,0.71167642
2286660,0.71167642
2286720,0.71167642
2286780,0.71167642
2286840,0.71167642
2286900,0.71167642
2286960,0.71167642
2287020,0.71167642
2287080,0.71167642
2287140,0.71167642
2287200,0.71167642
2287260,0.71167642
2287320,0.71167642
2287380,0.71167642
2287440,0.71167642
2287500,0.71167642
2287560,0.71167642
2287620,0.71167642
2287680,0.71167642
2287740,0.71167642
2287800,0.71167642
2287860,0.71167642
2287920,0.71167642
2287980,0.71167642
2288040,0.71167642
2288100,0.71167642
2288160,0.71167642
2288220,0.71167642
2288280,0.71167642
2288340,0.71167642
2288400,0.71167642
2288460,0.71167642
2288520,0.71167642
2288580,0.71167642
2288640,0.71167642
2288700,0.71167642
2288760,0.71167642
2288820,0.71167642
2288880,0.71167642
2288940,0.71167642
2289000,0.71167642
2289060,0.71167642
2289120,0.71167642
2289180,0.71167642
2289240,0.71167642
2289300,0.71167642
2289360,0.71167642
2289420,0.71167642
2289480,0.71167642
2289540,0.71167642
2289600,0.71167642
2289660,0.71167642
2289720,0.71167642
2289780,0.71167642
2289840,0.71167642
2289900,0.71167642
2289960,0.71167642
2290020,0.71167642
2290080,0.71167642
2290140,0.71167642
2290200,0.71167642
2290260,0.71167642
2290320,0.71167642
2290380,0.71167642
2290440,0.71167642
2290500,0.71167642
2290560,0.71167642
2290620,0.71167642
2290680,0.71167642
2290740,0.71167642
2290800,0.71167642
2290860,0.71167642
2290920,0.71167642
2290980,0.71167642
2291040,0.71167642
2291100,0.71167642
2291160,0.71167642
2291220,0.71167642
2291280,0.71167642
2291340,0.71167642
2291400,0.71167642
2291460,0.71167642
2291520,0.71167642
2291580,0.71167642
2291640,0.71167642
2291700,0.71167642
2291760,0.71167642
2291820,0.71167642
2291880,0.71167642
2291940,0.71167642
2292000,0.71167642
2292060,0.71167642
2292120,0.71167642
2292180,0.71167642
2292240,0.71167642
2292300,0.71167642
2292360,0.71167642
2292420,0.71167642
2292480,0.71167642
2292540,0.71167642
2292600,0.71167642
2292660,0.71167642
2292720,0.71167642
2292780,0.71167642
2292840,0.71167642
2292900,0.71167642
2292960,0.71167642
2293020,0.71167642
2293080,0.71167642
2293140,0.71167642
2293200,0.71167642
2293260,0.71167642
2293320,0.71167642
2293380,0.71167642
2293440,0.71167642
2293500,0.71167642
2293560,0.71167642
2293620,0.71167642
2293680,0.71167642
2293740,0.71167642
2293800,0.71167642
2293860,0.71167642
2293920,0.71167642
2293980,0.71167642
2294040,0.71167642
2294100,0.71167642
2294160,0.71167642
2294220,0.71167642
2294280,0.71167642
2294340,0.71167642
2294400,0.71167642
2294460,0.71167642
2294520,0.71167642
2294580,0.71167642
2294640,0.71167642
2294700,0.71167642
2294760,0.71167642
2294820,0.71167642
2294880,0.71167642
2294940,0.71167642
2295000,0.71167642
2295060,0.71167642
2295120,0.71167642
2295180,0.71167642
2295240,0.71167642
2295300,0.71167642
2295360,0.71167642
2295420,0.71167642
2295480,0.71167642
2295540,0.71167642
2295600,0.71167642
2295660,0.71167642
2295720,0.71167642
2295780,0.71167642
2295840,0.71167642
2295900,0.71167642
2295960,0.71167642
2296020,0.71167642
2296080,0.71167642
2296140,0.71167642
2296200,0.71167642
2296260,0.71167642
2296320,0.71167642
2296380,0.71167642
2296440,0.71167642
2296500,0.71167642
2296560,0.71167642
2296620,0.71167642
2296680,0.71167642
2296740,0.71167642
2296800,0.71167642
2296860,0.71167642
2296920,0.71167642
2296980,0.71167642
2297040,0.71167642
2297100,0.71167642
2297160,0.71167642
2297220,0.71167642
2297280,0.71167642
2297340,0.71167642
2297400,0.71167642
2297460,0.71167642
2297520,0.71167642
2297580,0.71167642
2297640,0.71167642
2297700,0.71167642
2297760,0.71167642
2297820,0.71167642
2297880,0.71167642
2297940,0.71167642
2298000,0.71167642
2298060,0.71167642
2298120,0.71167642
2298180,0.71167642
2298240,0.71167642
2298300,0.71167642
2298360,0.71167642
2298420,0.71167642
2298480,0.71167642
2298540,0.71167642
2298600,0.71167642
2298660,0.71167642
2298720,0.71167642
2298780,0.71167642
2298840,0.71167642
2298900,0.71167642
2298960,0.71167642
2299020,0.71167642
2299080,0.71167642
2299140,0.71167642
2299200,0.71167642
2299260,0.71167642
2299320,0.71167642
2299380,0.71167642
2299440,0.71167642
2299500,0.71167642
2299560,0.71167642
2299620,0.71167642
2299680,0.71167642
2299740,0.71167642
2299800,0.71167642
2299860,0.71167642
2299920,0.71167642
2299980,0.71167642
2300040,0.71167642
2300100,0.71167642
2300160,0.71167642
2300220,0.71167642
2300280,0.71167642
2300340,0.71167642
2300400,0.71167642
2300460,0.71167642
2300520,0.71167642
2300580,0.71167642
2300640,0.71167642
2300700,0.71167642
2300760,0.71167642
2300820,0.71167642
2300880,0.71167642
2300940,0.71167642
2301000,0.71167642
2301060,0.71167642
2301120,0.71167642
2301180,0.71167642
2301240,0.71167642
2301300,0.71167642
2301360,0.71167642
2301420,0.71167642
2301480,0.71167642
2301540,0.71167642
2301600,0.71167642
2301660,0.71167642
2301720,0.71167642
2301780,0.71167642
2301840,0.71167642
2301900,0.71167642
2301960,0.71167642
2302020,0.71167642
2302080,0.71167642
2302140,0.71167642
2302200,0.71167642
2302260,0.71167642
2302320,0.71167642
2302380,0.71167642
2302440,0.71167642
2302500,0.71167642
2302560,0.71167642
2302620,0.71167642
2302680,0.71167642
2302740,0.71167642
2302800,0.71167642
2302860,0.71167642
2302920,0.71167642
2302980,0.71167642
2303040,0.71167642
2303100,0.71167642
2303160,0.71167642
2303220,0.71167642
2303280,0.71167642
2303340,0.71167642
2303400,0.71167642
2303460,0.71167642
2303520,0.71167642
2303580,0.71167642
2303640,0.71167642
2303700,0.71167642
2303760,0.71167642
2303820,0.71167642
2303880,0.71167642
2303940,0.71167642
2304000,0.71167642
2304060,0.71167642
2304120,0.71167642
2304180,0.71167642
2304240,0.71167642
2304300,0.71167642
2304360,0.71167642
2304420,0.71167642
2304480,0.71167642
2304540,0.71167642
2304600,0.71167642
2304660,0.71167642
2304720,0.71167642
2304780,0.71167642
2304840,0.71167642
2304900,0.71167642
2304960,0.71167642
2305020,0.71167642
2305080,0.71167642
2305140,0.71167642
2305200,0.71167642
2305260,0.71167642
2305320,0.71167642
2305380,0.71167642
2305440,0.71167642
2305500,0.71167642
2305560,0.71167642
2305620,0.71167642
2305680,0.71167642
2305740,0.71167642
2305800,0.71167642
2305860,0.71167642
2305920,0.71167642
2305980,0.71167642
2306040,0.71167642
2306100,0.71167642
2306160,0.71167642
2306220,0.71167642
2306280,0.71167642
2306340,0.71167642
2306400,0.71167642
2306460,0.71167642
2306520,0.71167642
2306580,0.71167642
2306640,0.71167642
2306700,0.71167642
2306760,0.71167642
2306820,0.71167642
2306880,0.71167642
2306940,0.71167642
2307000,0.71167642
2307060,0.71167642
2307120,0.71167642
2307180,0.71167642
2307240,0.71167642
2307300,0.71167642
2307360,0.71167642
2307420,0.71167642
2307480,0.71167642
2307540,0.71167642
2307600,0.71167642
2307660,0.71167642
2307720,0.71167642
2307780,0.71167642
2307840,0.71167642
2307900,0.71167642
2307960,0.71167642
2308020,0.71167642
2308080,0.71167642
2308140,0.71167642
2308200,0.71167642
2308260,0.71167642
2308320,0.71167642
2308380,0.71167642
2308440,0.71167642
2308500,0.71167642
2308560,0.71167642
2308620,0.71167642
2308680,0.71167642
2308740,0.71167642
2308800,0.71167642
2308860,0.71167642
2308920,0.71167642
2308980,0.71167642
2309040,0.71167642
2309100,0.71167642
2309160,0.71167642
2309220,0.71167642
2309280,0.71167642
2309340,0.71167642
2309400,0.71167642
2309460,0.71167642
2309520,0.71167642
2309580,0.71167642
2309640,0.71167642
2309700,0.71167642
2309760,0.71167642
2309820,0.71167642
2309880,0.71167642
2309940,0.71167642
2310000,0.71167642
2310060,0.71167642
2310120,0.71167642
2310180,0.71167642
2310240,0.71167642
2310300,0.71167642
2310360,0.71167642
2310420,0.71167642
2310480,0.71167642
2310540,0.71167642
2310600,0.71167642
2310660,0.71167642
2310720,0.71167642
2310780,0.71167642
2310840,0.71167642
2310900,0.71167642
2310960,0.71167642
2311020,0.71167642
2311080,0.71167642
2311140,0.71167642
2311200,0.71167642
2311260,0.71167642
2311320,0.71167642
2311380,0.71167642
2311440,0.71167642
2311500,0.71167642
2311560,0.71167642
2311620,0.71167642
2311680,0.71167642
2311740,0.71167642
2311800,0.71167642
2311860,0.71167642
2311920,0.71167642
2311980,0.71167642
2312040,0.71167642
2312100,0.71167642
2312160,0.71167642
2312220,0.71167642
2312280,0.71167642
2312340,0.71167642
2312400,0.71167642
2312460,0.71167642
2312520,0.71167642
2312580,0.71167642
2312640,0.71167642
2312700,0.71167642
2312760,0.71167642
2312820,0.71167642
2312880,0.71167642
2312940,0.71167642
2313000,0.71167642
2313060,0.71167642
2313120,0.71167642
2313180,0.71167642
2313240,0.71167642
2313300,0.71167642
2313360,0.71167642
2313420,0.71167642
2313480,0.71167642
2313540,0.71167642
2313600,0.71167642
2313660,0.71167642
2313720,0.71167642
2313780,0.71167642
2313840,0.71167642
2313900,0.71167642
2313960,0.71167642
2314020,0.71167642
2314080,0.71167642
2314140,0.71167642
2314200,0.71167642
2314260,0.71167642
2314320,0.71167642
2314380,0.71167642
2314440,0.71167642
2314500,0.71167642
2314560,0.71167642
2314620,0.71167642
2314680,0.71167642
2314740,0.71167642
2314800,0.71167642
2314860,0.71167642
2314920,0.71167642
2314980,0.71167642
2315040,0.71167642
2315100,0.71167642
2315160,0.71167642
2315220,0.71167642
2315280,0.71167642
2315340,0.71167642
2315400,0.71167642
2315460,0.71167642
2315520,0.71167642
2315580,0.71167642
2315640,0.71167642
2315700,0.71167642
2315760,0.71167642
2315820,0.71167642
2315880,0.71167642
2315940,0.71167642
2316000,0.71167642
2316060,0.71167642
2316120,0.71167642
2316180,0.71167642
2316240,0.71167642
2316300,0.71167642
2316360,0.71167642
2316420,0.71167642
2316480,0.71167642
2316540,0.71167642
2316600,0.71167642
2316660,0.71167642
2316720,0.71167642
2316780,0.71167642
2316840,0.71167642
2316900,0.71167642
2316960,0.71167642
2317020,0.71167642
2317080,0.71167642
2317140,0.71167642
2317200,0.71167642
2317260,0.71167642
2317320,0.71167642
2317380,0.71167642
2317440,0.71167642
2317500,0.71167642
2317560,0.71167642
2317620,0.71167642
2317680,0.71167642
2317740,0.71167642
2317800,0.71167642
2317860,0.71167642
2317920,0.71167642
2317980,0.71167642
2318040,0.71167642
2318100,0.71167642
2318160,0.71167642
2318220,0.71167642
2318280,0.71167642
2318340,0.71167642
2318400,0.71167642
2318460,0.71167642
2318520,0.71167642
2318580,0.71167642
2318640,0.71167642
2318700,0.71167642
2318760,0.71167642
2318820,0.71167642
2318880,0.71167642
2318940,0.71167642
2319000,0.71167642
2319060,0.71167642
2319120,0.71167642
2319180,0.71167642
2319240,0.71167642
2319300,0.71167642
2319360,0.71167642
2319420,0.71167642
2319480,0.71167642
2319540,0.71167642
2319600,0.71167642
2319660,0.71167642
2319720,0.71167642
2319780,0.71167642
2319840,0.71167642
2319900,0.71167642
2319960,0.71167642
2320020,0.71167642
2320080,0.71167642
2320140,0.71167642
2320200,0.71167642
2320260,0.71167642
2320320,0.71167642
2320380,0.71167642
2320440,0.71167642
2320500,0.71167642
2320560,0.71167642
2320620,0.71167642
2320680,0.71167642
2320740,0.71167642
2320800,0.71167642
2320860,0.71167642
2320920,0.71167642
2320980,0.71167642
2321040,0.71167642
2321100,0.71167642
2321160,0.71167642
2321220,0.71167642
2321280,0.71167642
2321340,0.71167642
2321400,0.71167642
2321460,0.71167642
2321520,0.71167642
2321580,0.71167642
2321640,0.71167642
2321700,0.71167642
2321760,0.71167642
2321820,0.71167642
2321880,0.71167642
2321940,0.71167642
2322000,0.71167642
2322060,0.71167642
2322120,0.71167642
2322180,0.71167642
2322240,0.71167642
2322300,0.71167642
2322360,0.71167642
2322420,0.71167642
2322480,0.71167642
2322540,0.71167642
2322600,0.71167642
2322660,0.71167642
2322720,0.71167642
2322780,0.71167642
2322840,0.71167642
2322900,0.71167642
2322960,0.71167642
2323020,0.71167642
2323080,0.71167642
2323140,0.71167642
2323200,0.71167642
2323260,0.71167642
2323320,0.71167642
2323380,0.71167642
2323440,0.71167642
2323500,0.71167642
2323560,0.71167642
2323620,0.71167642
2323680,0.71167642
2323740,0.71167642
2323800,0.71167642
2323860,0.71167642
2323920,0.71167642
2323980,0.71167642
2324040,0.71167642
2324100,0.71167642
2324160,0.71167642
2324220,0.71167642
2324280,0.71167642
2324340,0.71167642
2324400,0.71167642
2324460,0.71167642
2324520,0.71167642
2324580,0.71167642
2324640,0.71167642
2324700,0.71167642
2324760,0.71167642
2324820,0.71167642
2324880,0.71167642
2324940,0.71167642
2325000,0.71167642
2325060,0.71167642
2325120,0.71167642
2325180,0.71167642
2325240,0.71167642
2325300,0.71167642
2325360,0.71167642
2325420,0.71167642
2325480,0.71167642
2325540,0.71167642
2325600,0.71167642
2325660,0.71167642
2325720,0.71167642
2325780,0.71167642
2325840,0.71167642
2325900,0.71167642
2325960,0.71167642
2326020,0.71167642
2326080,0.71167642
2326140,0.71167642
2326200,0.71167642
2326260,0.71167642
2326320,0.71167642
2326380,0.71167642
2326440,0.71167642
2326500,0.71167642
2326560,0.71167642
2326620,0.71167642
2326680,0.71167642
2326740,0.71167642
2326800,0.71167642
2326860,0.71167642
2326920,0.71167642
2326980,0.71167642
2327040,0.71167642
2327100,0.71167642
2327160,0.71167642
2327220,0.71167642
2327280,0.71167642
2327340,0.71167642
2327400,0.71167642
2327460,0.71167642
2327520,0.71167642
2327580,0.71167642
2327640,0.71167642
2327700,0.71167642
2327760,0.71167642
2327820,0.71167642
2327880,0.71167642
2327940,0.71167642
2328000,0.71167642
2328060,0.71167642
2328120,0.71167642
2328180,0.71167642
2328240,0.71167642
2328300,0.71167642
2328360,0.71167642
2328420,0.71167642
2328480,0.71167642
2328540,0.71167642
2328600,0.71167642
2328660,0.71167642
2328720,0.71167642
2328780,0.71167642
2328840,0.71167642
2328900,0.71167642
2328960,0.71167642
2329020,0.71167642
2329080,0.71167642
2329140,0.71167642
2329200,0.71167642
2329260,0.71167642
2329320,0.71167642
2329380,0.71167642
2329440,0.71167642
2329500,0.71167642
2329560,0.71167642
2329620,0.71167642
2329680,0.71167642
2329740,0.71167642
2329800,0.71167642
2329860,0.71167642
2329920,0.71167642
2329980,0.71167642
2330040,0.71167642
2330100,0.71167642
2330160,0.71167642
2330220,0.71167642
2330280,0.71167642
2330340,0.71167642
2330400,0.71167642
2330460,0.71167642
2330520,0.71167642
2330580,0.71167642
2330640,0.71167642
2330700,0.71167642
2330760,0.71167642
2330820,0.71167642
2330880,0.71167642
2330940,0.71167642
2331000,0.71167642
2331060,0.71167642
2331120,0.71167642
2331180,0.71167642
2331240,0.71167642
2331300,0.71167642
2331360,0.71167642
2331420,0.71167642
2331480,0.71167642
2331540,0.71167642
2331600,0.71167642
2331660,0.71167642
2331720,0.71167642
2331780,0.71167642
2331840,0.71167642
2331900,0.71167642
2331960,0.71167642
2332020,0.71167642
2332080,0.71167642
2332140,0.71167642
2332200,0.71167642
2332260,0.71167642
2332320,0.71167642
2332380,0.71167642
2332440,0.71167642
2332500,0.71167642
2332560,0.71167642
2332620,0.71167642
2332680,0.71167642
2332740,0.71167642
2332800,0.71167642
2332860,0.71167642
2332920,0.71167642
2332980,0.71167642
2333040,0.71167642
2333100,0.71167642
2333160,0.71167642
2333220,0.71167642
2333280,0.71167642
2333340,0.71167642
2333400,0.71167642
2333460,0.71167642
2333520,0.71167642
2333580,0.71167642
2333640,0.71167642
2333700,0.71167642
2333760,0.71167642
2333820,0.71167642
2333880,0.71167642
2333940,0.71167642
2334000,0.71167642
2334060,0.71167642
2334120,0.71167642
2334180,0.71167642
2334240,0.71167642
2334300,0.71167642
2334360,0.71167642
2334420,0.71167642
2334480,0.71167642
2334540,0.71167642
2334600,0.71167642
2334660,0.71167642
2334720,0.71167642
2334780,0.71167642
2334840,0.71167642
2334900,0.71167642
2334960,0.71167642
2335020,0.71167642
2335080,0.71167642
2335140,0.71167642
2335200,0.71167642
2335260,0.71167642
2335320,0.71167642
2335380,0.71167642
2335440,0.71167642
2335500,0.71167642
2335560,0.71167642
2335620,0.71167642
2335680,0.71167642
2335740,0.71167642
2335800,0.71167642
2335860,0.71167642
2335920,0.71167642
2335980,0.71167642
2336040,0.71167642
2336100,0.71167642
2336160,0.71167642
2336220,0.71167642
2336280,0.71167642
2336340,0.71167642
2336400,0.71167642
2336460,0.71167642
2336520,0.71167642
2336580,0.71167642
2336640,0.71167642
2336700,0.71167642
2336760,0.71167642
2336820,0.71167642
2336880,0.71167642
2336940,0.71167642
2337000,0.71167642
2337060,0.71167642
2337120,0.71167642
2337180,0.71167642
2337240,0.71167642
2337300,0.71167642
2337360,0.71167642
2337420,0.71167642
2337480,0.71167642
2337540,0.71167642
2337600,0.71167642
2337660,0.71167642
2337720,0.71167642
2337780,0.71167642
2337840,0.71167642
2337900,0.71167642
2337960,0.71167642
2338020,0.71167642
2338080,0.71167642
2338140,0.71167642
2338200,0.71167642
2338260,0.71167642
2338320,0.71167642
2338380,0.71167642
2338440,0.71167642
2338500,0.71167642
2338560,0.71167642
2338620,0.71167642
2338680,0.71167642
2338740,0.71167642
2338800,0.71167642
2338860,0.71167642
2338920,0.71167642
2338980,0.71167642
2339040,0.71167642
2339100,0.71167642
2339160,0.71167642
2339220,0.71167642
2339280,0.71167642
2339340,0.71167642
2339400,0.71167642
2339460,0.71167642
2339520,0.71167642
2339580,0.71167642
2339640,0.71167642
2339700,0.71167642
2339760,0.71167642
2339820,0.71167642
2339880,0.71167642
2339940,0.71167642
2340000,0.71167642
2340060,0.71167642
2340120,0.71167642
2340180,0.71167642
2340240,0.71167642
2340300,0.71167642
2340360,0.71167642
2340420,0.71167642
2340480,0.71167642
2340540,0.71167642
2340600,0.71167642
2340660,0.71167642
2340720,0.71167642
2340780,0.71167642
2340840,0.71167642
2340900,0.71167642
2340960,0.71167642
2341020,0.71167642
2341080,0.71167642
2341140,0.71167642
2341200,0.71167642
2341260,0.71167642
2341320,0.71167642
2341380,0.71167642
2341440,0.71167642
2341500,0.71167642
2341560,0.71167642
2341620,0.71167642
2341680,0.71167642
2341740,0.71167642
2341800,0.71167642
2341860,0.71167642
2341920,0.71167642
2341980,0.71167642
2342040,0.71167642
2342100,0.71167642
2342160,0.71167642
2342220,0.71167642
2342280,0.71167642
2342340,0.71167642
2342400,0.71167642
2342460,0.71167642
2342520,0.71167642
2342580,0.71167642
2342640,0.71167642
2342700,0.71167642
2342760,0.71167642
2342820,0.71167642
2342880,0.71167642
2342940,0.71167642
2343000,0.71167642
2343060,0.71167642
2343120,0.71167642
2343180,0.71167642
2343240,0.71167642
2343300,0.71167642
2343360,0.71167642
2343420,0.71167642
2343480,0.71167642
2343540,0.71167642
2343600,0.71167642
2343660,0.71167642
2343720,0.71167642
2343780,0.71167642
2343840,0.71167642
2343900,0.71167642
2343960,0.71167642
2344020,0.71167642
2344080,0.71167642
2344140,0.71167642
2344200,0.71167642
2344260,0.71167642
2344320,0.71167642
2344380,0.71167642
2344440,0.71167642
2344500,0.71167642
2344560,0.71167642
2344620,0.71167642
2344680,0.71167642
2344740,0.71167642
2344800,0.71167642
2344860,0.71167642
2344920,0.71167642
2344980,0.71167642
2345040,0.71167642
2345100,0.71167642
2345160,0.71167642
2345220,0.71167642
2345280,0.71167642
2345340,0.71167642
2345400,0.71167642
2345460,0.71167642
2345520,0.71167642
2345580,0.71167642
2345640,0.71167642
2345700,0.71167642
2345760,0.71167642
2345820,0.71167642
2345880,0.71167642
2345940,0.71167642
2346000,0.71167642
2346060,0.71167642
2346120,0.71167642
2346180,0.71167642
2346240,0.71167642
2346300,0.71167642
2346360,0.71167642
2346420,0.71167642
2346480,0.71167642
2346540,0.71167642
2346600,0.71167642
2346660,0.71167642
2346720,0.71167642
2346780,0.71167642
2346840,0.71167642
2346900,0.71167642
2346960,0.71167642
2347020,0.71167642
2347080,0.71167642
2347140,0.71167642
2347200,0.71167642
2347260,0.71167642
2347320,0.71167642
2347380,0.71167642
2347440,0.71167642
2347500,0.71167642
2347560,0.71167642
2347620,0.71167642
2347680,0.71167642
2347740,0.71167642
2347800,0.71167642
2347860,0.71167642
2347920,0.71167642
2347980,0.71167642
2348040,0.71167642
2348100,0.71167642
2348160,0.71167642
2348220,0.71167642
2348280,0.71167642
2348340,0.71167642
2348400,0.71167642
2348460,0.71167642
2348520,0.71167642
2348580,0.71167642
2348640,0.71167642
2348700,0.71167642
2348760,0.71167642
2348820,0.71167642
2348880,0.71167642
2348940,0.71167642
2349000,0.71167642
2349060,0.71167642
2349120,0.71167642
2349180,0.71167642
2349240,0.71167642
2349300,0.71167642
2349360,0.71167642
2349420,0.71167642
2349480,0.71167642
2349540,0.71167642
2349600,0.71167642
2349660,0.71167642
2349720,0.71167642
2349780,0.71167642
2349840,0.71167642
2349900,0.71167642
2349960,0.71167642
2350020,0.71167642
2350080,0.71167642
2350140,0.71167642
2350200,0.71167642
2350260,0.71167642
2350320,0.71167642
2350380,0.71167642
2350440,0.71167642
2350500,0.71167642
2350560,0.71167642
2350620,0.71167642
2350680,0.71167642
2350740,0.71167642
2350800,0.71167642
2350860,0.71167642
2350920,0.71167642
2350980,0.71167642
2351040,0.71167642
2351100,0.71167642
2351160,0.71167642
2351220,0.71167642
2351280,0.71167642
2351340,0.71167642
2351400,0.71167642
2351460,0.71167642
2351520,0.71167642
2351580,0.71167642
2351640,0.71167642
2351700,0.71167642
2351760,0.71167642
2351820,0.71167642
2351880,0.71167642
2351940,0.71167642
2352000,0.71167642
2352060,0.71167642
2352120,0.71167642
2352180,0.71167642
2352240,0.71167642
2352300,0.71167642
2352360,0.71167642
2352420,0.71167642
2352480,0.71167642
2352540,0.71167642
2352600,0.71167642
2352660,0.71167642
2352720,0.71167642
2352780,0.71167642
2352840,0.71167642
2352900,0.71167642
2352960,0.71167642
2353020,0.71167642
2353080,0.71167642
2353140,0.71167642
2353200,0.71167642
2353260,0.71167642
2353320,0.71167642
2353380,0.71167642
2353440,0.71167642
2353500,0.71167642
2353560,0.71167642
2353620,0.71167642
2353680,0.71167642
2353740,0.71167642
2353800,0.71167642
2353860,0.71167642
2353920,0.71167642
2353980,0.71167642
2354040,0.71167642
2354100,0.71167642
2354160,0.71167642
2354220,0.71167642
2354280,0.71167642
2354340,0.71167642
2354400,0.71167642
2354460,0.71167642
2354520,0.71167642
2354580,0.71167642
2354640,0.71167642
2354700,0.71167642
2354760,0.71167642
2354820,0.71167642
2354880,0.71167642
2354940,0.71167642
2355000,0.71167642
2355060,0.71167642
2355120,0.71167642
2355180,0.71167642
2355240,0.71167642
2355300,0.71167642
2355360,0.71167642
2355420,0.71167642
2355480,0.71167642
2355540,0.71167642
2355600,0.71167642
2355660,0.71167642
2355720,0.71167642
2355780,0.71167642
2355840,0.71167642
2355900,0.71167642
2355960,0.71167642
2356020,0.71167642
2356080,0.71167642
2356140,0.71167642
2356200,0.71167642
2356260,0.71167642
2356320,0.71167642
2356380,0.71167642
2356440,0.71167642
2356500,0.71167642
2356560,0.71167642
2356620,0.71167642
2356680,0.71167642
2356740,0.71167642
2356800,0.71167642
2356860,0.71167642
2356920,0.71167642
2356980,0.71167642
2357040,0.71167642
2357100,0.71167642
2357160,0.71167642
2357220,0.71167642
2357280,0.71167642
2357340,0.71167642
2357400,0.71167642
2357460,0.71167642
2357520,0.71167642
2357580,0.71167642
2357640,0.71167642
2357700,0.71167642
2357760,0.71167642
2357820,0.71167642
2357880,0.71167642
2357940,0.71167642
2358000,0.71167642
2358060,0.71167642
2358120,0.71167642
2358180,0.71167642
2358240,0.71167642
2358300,0.71167642
2358360,0.71167642
2358420,0.71167642
2358480,0.71167642
2358540,0.71167642
2358600,0.71167642
2358660,0.71167642
2358720,0.71167642
2358780,0.71167642
2358840,0.71167642
2358900,0.71167642
2358960,0.71167642
2359020,0.71167642
2359080,0.71167642
2359140,0.71167642
2359200,0.71167642
2359260,0.71167642
2359320,0.71167642
2359380,0.71167642
2359440,0.71167642
2359500,0.71167642
2359560,0.71167642
2359620,0.71167642
2359680,0.71167642
2359740,0.71167642
2359800,0.71167642
2359860,0.71167642
2359920,0.71167642
2359980,0.71167642
2360040,0.71167642
2360100,0.71167642
2360160,0.71167642
2360220,0.71167642
2360280,0.71167642
2360340,0.71167642
2360400,0.71167642
2360460,0.71167642
2360520,0.71167642
2360580,0.71167642
2360640,0.71167642
2360700,0.71167642
2360760,0.71167642
2360820,0.71167642
2360880,0.71167642
2360940,0.71167642
2361000,0.71167642
2361060,0.71167642
2361120,0.71167642
2361180,0.71167642
2361240,0.71167642
2361300,0.71167642
2361360,0.71167642
2361420,0.71167642
2361480,0.71167642
2361540,0.71167642
2361600,0.71167642
2361660,0.71167642
2361720,0.71167642
2361780,0.71167642
2361840,0.71167642
2361900,0.71167642
2361960,0.71167642
2362020,0.71167642
2362080,0.71167642
2362140,0.71167642
2362200,0.71167642
2362260,0.71167642
2362320,0.71167642
2362380,0.71167642
2362440,0.71167642
2362500,0.71167642
2362560,0.71167642
2362620,0.71167642
2362680,0.71167642
2362740,0.71167642
2362800,0.71167642
2362860,0.71167642
2362920,0.71167642
2362980,0.71167642
2363040,0.71167642
2363100,0.71167642
2363160,0.71167642
2363220,0.71167642
2363280,0.71167642
2363340,0.71167642
2363400,0.71167642
2363460,0.71167642
2363520,0.71167642
2363580,0.71167642
2363640,0.71167642
2363700,0.71167642
2363760,0.71167642
2363820,0.71167642
2363880,0.71167642
2363940,0.71167642
2364000,0.71167642
2364060,0.71167642
2364120,0.71167642
2364180,0.71167642
2364240,0.71167642
2364300,0.71167642
2364360,0.71167642
2364420,0.71167642
2364480,0.71167642
2364540,0.71167642
2364600,0.71167642
2364660,0.71167642
2364720,0.71167642
2364780,0.71167642
2364840,0.71167642
2364900,0.71167642
2364960,0.71167642
2365020,0.71167642
2365080,0.71167642
2365140,0.71167642
2365200,0.71167642
2365260,0.71167642
2365320,0.71167642
2365380,0.71167642
2365440,0.71167642
2365500,0.71167642
2365560,0.71167642
2365620,0.71167642
2365680,0.71167642
2365740,0.71167642
2365800,0.71167642
2365860,0.71167642
2365920,0.71167642
2365980,0.71167642
2366040,0.71167642
2366100,0.71167642
2366160,0.71167642
2366220,0.71167642
2366280,0.71167642
2366340,0.71167642
2366400,0.71167642
2366460,0.71167642
2366520,0.71167642
2366580,0.71167642
2366640,0.71167642
2366700,0.71167642
2366760,0.71167642
2366820,0.71167642
2366880,0.71167642
2366940,0.71167642
2367000,0.71167642
2367060,0.71167642
2367120,0.71167642
2367180,0.71167642
2367240,0.71167642
2367300,0.71167642
2367360,0.71167642
2367420,0.71167642
2367480,0.71167642
2367540,0.71167642
2367600,0.71167642
2367660,0.71167642
2367720,0.71167642
2367780,0.71167642
2367840,0.71167642
2367900,0.71167642
2367960,0.71167642
2368020,0.71167642
2368080,0.71167642
2368140,0.71167642
2368200,0.71167642
2368260,0.71167642
2368320,0.71167642
2368380,0.71167642
2368440,0.71167642
2368500,0.71167642
2368560,0.71167642
2368620,0.71167642
2368680,0.71167642
2368740,0.71167642
2368800,0.71167642
2368860,0.71167642
2368920,0.71167642
2368980,0.71167642
2369040,0.71167642
2369100,0.71167642
2369160,0.71167642
2369220,0.71167642
2369280,0.71167642
2369340,0.71167642
2369400,0.71167642
2369460,0.71167642
2369520,0.71167642
2369580,0.71167642
2369640,0.71167642
2369700,0.71167642
2369760,0.71167642
2369820,0.71167642
2369880,0.71167642
2369940,0.71167642
2370000,0.71167642
2370060,0.71167642
2370120,0.71167642
2370180,0.71167642
2370240,0.71167642
2370300,0.71167642
2370360,0.71167642
2370420,0.71167642
2370480,0.71167642
2370540,0.71167642
2370600,0.71167642
2370660,0.71167642
2370720,0.71167642
2370780,0.71167642
2370840,0.71167642
2370900,0.71167642
2370960,0.71167642
2371020,0.71167642
2371080,0.71167642
2371140,0.71167642
2371200,0.71167642
2371260,0.71167642
2371320,0.71167642
2371380,0.71167642
2371440,0.71167642
2371500,0.71167642
2371560,0.71167642
2371620,0.71167642
2371680,0.71167642
2371740,0.71167642
2371800,0.71167642
2371860,0.71167642
2371920,0.71167642
2371980,0.71167642
2372040,0.71167642
2372100,0.71167642
2372160,0.71167642
2372220,0.71167642
2372280,0.71167642
2372340,0.71167642
2372400,0.71167642
2372460,0.71167642
2372520,0.71167642
2372580,0.71167642
2372640,0.71167642
2372700,0.71167642
2372760,0.71167642
2372820,0.71167642
2372880,0.71167642
2372940,0.71167642
2373000,0.71167642
2373060,0.71167642
2373120,0.71167642
2373180,0.71167642
2373240,0.71167642
2373300,0.71167642
2373360,0.71167642
2373420,0.71167642
2373480,0.71167642
2373540,0.71167642
2373600,0.71167642
2373660,0.71167642
2373720,0.71167642
2373780,0.71167642
2373840,0.71167642
2373900,0.71167642
2373960,0.71167642
2374020,0.71167642
2374080,0.71167642
2374140,0.71167642
2374200,0.71167642
2374260,0.71167642
2374320,0.71167642
2374380,0.71167642
2374440,0.71167642
2374500,0.71167642
2374560,0.71167642
2374620,0.71167642
2374680,0.71167642
2374740,0.71167642
2374800,0.71167642
2374860,0.71167642
2374920,0.71167642
2374980,0.71167642
2375040,0.71167642
2375100,0.71167642
2375160,0.71167642
2375220,0.71167642
2375280,0.71167642
2375340,0.71167642
2375400,0.71167642
2375460,0.71167642
2375520,0.71167642
2375580,0.71167642
2375640,0.71167642
2375700,0.71167642
2375760,0.71167642
2375820,0.71167642
2375880,0.71167642
2375940,0.71167642
2376000,0.71167642
2376060,0.71167642
2376120,0.71167642
2376180,0.71167642
2376240,0.71167642
2376300,0.71167642
2376360,0.71167642
2376420,0.71167642
2376480,0.71167642
2376540,0.71167642
2376600,0.71167642
2376660,0.71167642
2376720,0.71167642
2376780,0.71167642
2376840,0.71167642
2376900,0.71167642
2376960,0.71167642
2377020,0.71167642
2377080,0.71167642
2377140,0.71167642
2377200,0.71167642
2377260,0.71167642
2377320,0.71167642
2377380,0.71167642
2377440,0.71167642
2377500,0.71167642
2377560,0.71167642
2377620,0.71167642
2377680,0.71167642
2377740,0.71167642
2377800,0.71167642
2377860,0.71167642
2377920,0.71167642
2377980,0.71167642
2378040,0.71167642
2378100,0.71167642
2378160,0.71167642
2378220,0.71167642
2378280,0.71167642
2378340,0.71167642
2378400,0.71167642
2378460,0.71167642
2378520,0.71167642
2378580,0.71167642
2378640,0.71167642
2378700,0.71167642
2378760,0.71167642
2378820,0.71167642
2378880,0.71167642
2378940,0.71167642
2379000,0.71167642
2379060,0.71167642
2379120,0.71167642
2379180,0.71167642
2379240,0.71167642
2379300,0.71167642
2379360,0.71167642
2379420,0.71167642
2379480,0.71167642
2379540,0.71167642
2379600,0.71167642
2379660,0.71167642
2379720,0.71167642
2379780,0.71167642
2379840,0.71167642
2379900,0.71167642
2379960,0.71167642
2380020,0.71167642
2380080,0.71167642
2380140,0.71167642
2380200,0.71167642
2380260,0.71167642
2380320,0.71167642
2380380,0.71167642
2380440,0.71167642
2380500,0.71167642
2380560,0.71167642
2380620,0.71167642
2380680,0.71167642
2380740,0.71167642
2380800,0.71167642
2380860,0.71167642
2380920,0.71167642
2380980,0.71167642
2381040,0.71167642
2381100,0.71167642
2381160,0.71167642
2381220,0.71167642
2381280,0.71167642
2381340,0.71167642
2381400,0.71167642
2381460,0.71167642
2381520,0.71167642
2381580,0.71167642
2381640,0.71167642
2381700,0.71167642
2381760,0.71167642
2381820,0.71167642
2381880,0.71167642
2381940,0.71167642
2382000,0.71167642
2382060,0.71167642
2382120,0.71167642
2382180,0.71167642
2382240,0.71167642
2382300,0.71167642
2382360,0.71167642
2382420,0.71167642
2382480,0.71167642
2382540,0.71167642
2382600,0.71167642
2382660,0.71167642
2382720,0.71167642
2382780,0.71167642
2382840,0.71167642
2382900,0.71167642
2382960,0.71167642
2383020,0.71167642
2383080,0.71167642
2383140,0.71167642
2383200,0.71167642
2383260,0.71167642
2383320,0.71167642
2383380,0.71167642
2383440,0.71167642
2383500,0.71167642
2383560,0.71167642
2383620,0.71167642
2383680,0.71167642
2383740,0.71167642
2383800,0.71167642
2383860,0.71167642
2383920,0.71167642
2383980,0.71167642
2384040,0.71167642
2384100,0.71167642
2384160,0.71167642
2384220,0.71167642
2384280,0.71167642
2384340,0.71167642
2384400,0.71167642
2384460,0.71167642
2384520,0.71167642
2384580,0.71167642
2384640,0.71167642
2384700,0.71167642
2384760,0.71167642
2384820,0.71167642
2384880,0.71167642
2384940,0.71167642
2385000,0.71167642
2385060,0.71167642
2385120,0.71167642
2385180,0.71167642
2385240,0.71167642
2385300,0.71167642
2385360,0.71167642
2385420,0.71167642
2385480,0.71167642
2385540,0.71167642
2385600,0.71167642
2385660,0.71167642
2385720,0.71167642
2385780,0.71167642
2385840,0.71167642
2385900,0.71167642
2385960,0.71167642
2386020,0.71167642
2386080,0.71167642
2386140,0.71167642
2386200,0.71167642
2386260,0.71167642
2386320,0.71167642
2386380,0.71167642
2386440,0.71167642
2386500,0.71167642
2386560,0.71167642
2386620,0.71167642
2386680,0.71167642
2386740,0.71167642
2386800,0.71167642
2386860,0.71167642
2386920,0.71167642
2386980,0.71167642
2387040,0.71167642
2387100,0.71167642
2387160,0.71167642
2387220,0.71167642
2387280,0.71167642
2387340,0.71167642
2387400,0.71167642
2387460,0.71167642
2387520,0.71167642
2387580,0.71167642
2387640,0.71167642
2387700,0.71167642
2387760,0.71167642
2387820,0.71167642
2387880,0.71167642
2387940,0.71167642
2388000,0.71167642
2388060,0.71167642
2388120,0.71167642
2388180,0.71167642
2388240,0.71167642
2388300,0.71167642
2388360,0.71167642
2388420,0.71167642
2388480,0.71167642
2388540,0.71167642
2388600,0.71167642
2388660,0.71167642
2388720,0.71167642
2388780,0.71167642
2388840,0.71167642
2388900,0.71167642
2388960,0.71167642
2389020,0.71167642
2389080,0.71167642
2389140,0.71167642
2389200,0.71167642
2389260,0.71167642
2389320,0.71167642
2389380,0.71167642
2389440,0.71167642
2389500,0.71167642
2389560,0.71167642
2389620,0.71167642
2389680,0.71167642
2389740,0.71167642
2389800,0.71167642
2389860,0.71167642
2389920,0.71167642
2389980,0.71167642
2390040,0.71167642
2390100,0.71167642
2390160,0.71167642
2390220,0.71167642
2390280,0.71167642
2390340,0.71167642
2390400,0.71167642
2390460,0.71167642
2390520,0.71167642
2390580,0.71167642
2390640,0.71167642
2390700,0.71167642
2390760,0.71167642
2390820,0.71167642
2390880,0.71167642
2390940,0.71167642
2391000,0.71167642
2391060,0.71167642
2391120,0.71167642
2391180,0.71167642
2391240,0.71167642
2391300,0.71167642
2391360,0.71167642
2391420,0.71167642
2391480,0.71167642
2391540,0.71167642
2391600,0.71167642
2391660,0.71167642
2391720,0.71167642
2391780,0.71167642
2391840,0.71167642
2391900,0.71167642
2391960,0.71167642
2392020,0.71167642
2392080,0.71167642
2392140,0.71167642
2392200,0.71167642
2392260,0.71167642
2392320,0.71167642
2392380,0.71167642
2392440,0.71167642
2392500,0.71167642
2392560,0.71167642
2392620,0.71167642
2392680,0.71167642
2392740,0.71167642
2392800,0.71167642
2392860,0.71167642
2392920,0.71167642
2392980,0.71167642
2393040,0.71167642
2393100,0.71167642
2393160,0.71167642
2393220,0.71167642
2393280,0.71167642
2393340,0.71167642
2393400,0.71167642
2393460,0.71167642
2393520,0.71167642
2393580,0.71167642
2393640,0.71167642
2393700,0.71167642
2393760,0.71167642
2393820,0.71167642
2393880,0.71167642
2393940,0.71167642
2394000,0.71167642
2394060,0.71167642
2394120,0.71167642
2394180,0.71167642
2394240,0.71167642
2394300,0.71167642
2394360,0.71167642
2394420,0.71167642
2394480,0.71167642
2394540,0.71167642
2394600,0.71167642
2394660,0.71167642
2394720,0.71167642
2394780,0.71167642
2394840,0.71167642
2394900,0.71167642
2394960,0.71167642
2395020,0.71167642
2395080,0.71167642
2395140,0.71167642
2395200,0.71167642
2395260,0.71167642
2395320,0.71167642
2395380,0.71167642
2395440,0.71167642
2395500,0.71167642
2395560,0.71167642
2395620,0.71167642
2395680,0.71167642
2395740,0.71167642
2395800,0.71167642
2395860,0.71167642
2395920,0.71167642
2395980,0.71167642
2396040,0.71167642
2396100,0.71167642
2396160,0.71167642
2396220,0.71167642
2396280,0.71167642
2396340,0.71167642
2396400,0.71167642
2396460,0.71167642
2396520,0.71167642
2396580,0.71167642
2396640,0.71167642
2396700,0.71167642
2396760,0.71167642
2396820,0.71167642
2396880,0.71167642
2396940,0.71167642
2397000,0.71167642
2397060,0.71167642
2397120,0.71167642
2397180,0.71167642
2397240,0.71167642
2397300,0.71167642
2397360,0.71167642
2397420,0.71167642
2397480,0.71167642
2397540,0.71167642
2397600,0.71167642
2397660,0.71167642
2397720,0.71167642
2397780,0.71167642
2397840,0.71167642
2397900,0.71167642
2397960,0.71167642
2398020,0.71167642
2398080,0.71167642
2398140,0.71167642
2398200,0.71167642
2398260,0.71167642
2398320,0.71167642
2398380,0.71167642
2398440,0.71167642
2398500,0.71167642
2398560,0.71167642
2398620,0.71167642
2398680,0.71167642
2398740,0.71167642
2398800,0.71167642
2398860,0.71167642
2398920,0.71167642
2398980,0.71167642
2399040,0.71167642
2399100,0.71167642
2399160,0.71167642
2399220,0.71167642
2399280,0.71167642
2399340,0.71167642
2399400,0.71167642
2399460,0.71167642
2399520,0.71167642
2399580,0.71167642
2399640,0.71167642
2399700,0.71167642
2399760,0.71167642
2399820,0.71167642
2399880,0.71167642
2399940,0.71167642
2400000,0.71167642
2400060,0.71167642
2400120,0.71167642
2400180,0.71167642
2400240,0.71167642
2400300,0.71167642
2400360,0.71167642
2400420,0.71167642
2400480,0.71167642
2400540,0.71167642
2400600,0.71167642
2400660,0.71167642
2400720,0.71167642
2400780,0.71167642
2400840,0.71167642
2400900,0.71167642
2400960,0.71167642
2401020,0.71167642
2401080,0.71167642
2401140,0.71167642
2401200,0.71167642
2401260,0.71167642
2401320,0.71167642
2401380,0.71167642
2401440,0.71167642
2401500,0.71167642
2401560,0.71167642
2401620,0.71167642
2401680,0.71167642
2401740,0.71167642
2401800,0.71167642
2401860,0.71167642
2401920,0.71167642
2401980,0.71167642
2402040,0.71167642
2402100,0.71167642
2402160,0.71167642
2402220,0.71167642
2402280,0.71167642
2402340,0.71167642
2402400,0.71167642
2402460,0.71167642
2402520,0.71167642
2402580,0.71167642
2402640,0.71167642
2402700,0.71167642
2402760,0.71167642
2402820,0.71167642
2402880,0.71167642
2402940,0.71167642
2403000,0.71167642
2403060,0.71167642
2403120,0.71167642
2403180,0.71167642
2403240,0.71167642
2403300,0.71167642
2403360,0.71167642
2403420,0.71167642
2403480,0.71167642
2403540,0.71167642
2403600,0.71167642
2403660,0.71167642
2403720,0.71167642
2403780,0.71167642
2403840,0.71167642
2403900,0.71167642
2403960,0.71167642
2404020,0.71167642
2404080,0.71167642
2404140,0.71167642
2404200,0.71167642
2404260,0.71167642
2404320,0.71167642
2404380,0.71167642
2404440,0.71167642
2404500,0.71167642
2404560,0.71167642
2404620,0.71167642
2404680,0.71167642
2404740,0.71167642
2404800,0.71167642
2404860,0.71167642
2404920,0.71167642
2404980,0.71167642
2405040,0.71167642
2405100,0.71167642
2405160,0.71167642
2405220,0.71167642
2405280,0.71167642
2405340,0.71167642
2405400,0.71167642
2405460,0.71167642
2405520,0.71167642
2405580,0.71167642
2405640,0.71167642
2405700,0.71167642
2405760,0.71167642
2405820,0.71167642
2405880,0.71167642
2405940,0.71167642
2406000,0.71167642
2406060,0.71167642
2406120,0.71167642
2406180,0.71167642
2406240,0.71167642
2406300,0.71167642
2406360,0.71167642
2406420,0.71167642
2406480,0.71167642
2406540,0.71167642
2406600,0.71167642
2406660,0.71167642
2406720,0.71167642
2406780,0.71167642
2406840,0.71167642
2406900,0.71167642
2406960,0.71167642
2407020,0.71167642
2407080,0.71167642
2407140,0.71167642
2407200,0.71167642
2407260,0.71167642
2407320,0.71167642
2407380,0.71167642
2407440,0.71167642
2407500,0.71167642
2407560,0.71167642
2407620,0.71167642
2407680,0.71167642
2407740,0.71167642
2407800,0.71167642
2407860,0.71167642
2407920,0.71167642
2407980,0.71167642
2408040,0.71167642
2408100,0.71167642
2408160,0.71167642
2408220,0.71167642
2408280,0.71167642
2408340,0.71167642
2408400,0.71167642
2408460,0.71167642
2408520,0.71167642
2408580,0.71167642
2408640,0.71167642
2408700,0.71167642
2408760,0.71167642
2408820,0.71167642
2408880,0.71167642
2408940,0.71167642
2409000,0.71167642
2409060,0.71167642
2409120,0.71167642
2409180,0.71167642
2409240,0.71167642
2409300,0.71167642
2409360,0.71167642
2409420,0.71167642
2409480,0.71167642
2409540,0.71167642
2409600,0.71167642
2409660,0.71167642
2409720,0.71167642
2409780,0.71167642
2409840,0.71167642
2409900,0.71167642
2409960,0.71167642
2410020,0.71167642
2410080,0.71167642
2410140,0.71167642
2410200,0.71167642
2410260,0.71167642
2410320,0.71167642
2410380,0.71167642
2410440,0.71167642
2410500,0.71167642
2410560,0.71167642
2410620,0.71167642
2410680,0.71167642
2410740,0.71167642
2410800,0.71167642
2410860,0.71167642
2410920,0.71167642
2410980,0.71167642
2411040,0.71167642
2411100,0.71167642
2411160,0.71167642
2411220,0.71167642
2411280,0.71167642
2411340,0.71167642
2411400,0.71167642
2411460,0.71167642
2411520,0.71167642
2411580,0.71167642
2411640,0.71167642
2411700,0.71167642
2411760,0.71167642
2411820,0.71167642
2411880,0.71167642
2411940,0.71167642
2412000,0.71167642
2412060,0.71167642
2412120,0.71167642
2412180,0.71167642
2412240,0.71167642
2412300,0.71167642
2412360,0.71167642
2412420,0.71167642
2412480,0.71167642
2412540,0.71167642
2412600,0.71167642
2412660,0.71167642
2412720,0.71167642
2412780,0.71167642
2412840,0.71167642
2412900,0.71167642
2412960,0.71167642
2413020,0.71167642
2413080,0.71167642
2413140,0.71167642
2413200,0.71167642
2413260,0.71167642
2413320,0.71167642
2413380,0.71167642
2413440,0.71167642
2413500,0.71167642
2413560,0.71167642
2413620,0.71167642
2413680,0.71167642
2413740,0.71167642
2413800,0.71167642
2413860,0.71167642
2413920,0.71167642
2413980,0.71167642
2414040,0.71167642
2414100,0.71167642
2414160,0.71167642
2414220,0.71167642
2414280,0.71167642
2414340,0.71167642
2414400,0.71167642
2414460,0.71167642
2414520,0.71167642
2414580,0.71167642
2414640,0.71167642
2414700,0.71167642
2414760,0.71167642
2414820,0.71167642
2414880,0.71167642
2414940,0.71167642
2415000,0.71167642
2415060,0.71167642
2415120,0.71167642
2415180,0.71167642
2415240,0.71167642
2415300,0.71167642
2415360,0.71167642
2415420,0.71167642
2415480,0.71167642
2415540,0.71167642
2415600,0.71167642
2415660,0.71167642
2415720,0.71167642
2415780,0.71167642
2415840,0.71167642
2415900,0.71167642
2415960,0.71167642
2416020,0.71167642
2416080,0.71167642
2416140,0.71167642
2416200,0.71167642
2416260,0.71167642
2416320,0.71167642
2416380,0.71167642
2416440,0.71167642
2416500,0.71167642
2416560,0.71167642
2416620,0.71167642
2416680,0.71167642
2416740,0.71167642
2416800,0.71167642
2416860,0.71167642
2416920,0.71167642
2416980,0.71167642
2417040,0.71167642
2417100,0.71167642
2417160,0.71167642
2417220,0.71167642
2417280,0.71167642
2417340,0.71167642
2417400,0.71167642
2417460,0.71167642
2417520,0.71167642
2417580,0.71167642
2417640,0.71167642
2417700,0.71167642
2417760,0.71167642
2417820,0.71167642
2417880,0.71167642
2417940,0.71167642
2418000,0.71167642
2418060,0.71167642
2418120,0.71167642
2418180,0.71167642
2418240,0.71167642
2418300,0.71167642
2418360,0.71167642
2418420,0.71167642
2418480,0.71167642
2418540,0.71167642
2418600,0.71167642
2418660,0.71167642
2418720,0.71167642
2418780,0.71167642
2418840,0.71167642
2418900,0.71167642
2418960,0.71167642
2419020,0.71167642
2419080,0.71167642
2419140,0.71167642
2419200,0.71167642
2419260,0.71167642
2419320,0.71167642
2419380,0.71167642
2419440,0.71167642
2419500,0.71167642
2419560,0.71167642
2419620,0.71167642
2419680,0.71167642
2419740,0.71167642
2419800,0.71167642
2419860,0.71167642
2419920,0.71167642
2419980,0.71167642
2420040,0.71167642
2420100,0.71167642
2420160,0.71167642
2420220,0.71167642
2420280,0.71167642
2420340,0.71167642
2420400,0.71167642
2420460,0.71167642
2420520,0.71167642
2420580,0.71167642
2420640,0.71167642
2420700,0.71167642
2420760,0.71167642
2420820,0.71167642
2420880,0.71167642
2420940,0.71167642
2421000,0.71167642
2421060,0.71167642
2421120,0.71167642
2421180,0.71167642
2421240,0.71167642
2421300,0.71167642
2421360,0.71167642
2421420,0.71167642
2421480,0.71167642
2421540,0.71167642
2421600,0.71167642
2421660,0.71167642
2421720,0.71167642
2421780,0.71167642
2421840,0.71167642
2421900,0.71167642
2421960,0.71167642
2422020,0.71167642
2422080,0.71167642
2422140,0.71167642
2422200,0.71167642
2422260,0.71167642
2422320,0.71167642
2422380,0.71167642
2422440,0.71167642
2422500,0.71167642
2422560,0.71167642
2422620,0.71167642
2422680,0.71167642
2422740,0.71167642
2422800,0.71167642
2422860,0.71167642
2422920,0.71167642
2422980,0.71167642
2423040,0.71167642
2423100,0.71167642
2423160,0.71167642
2423220,0.71167642
2423280,0.71167642
2423340,0.71167642
2423400,0.71167642
2423460,0.71167642
2423520,0.71167642
2423580,0.71167642
2423640,0.71167642
2423700,0.71167642
2423760,0.71167642
2423820,0.71167642
2423880,0.71167642
2423940,0.71167642
2424000,0.71167642
2424060,0.71167642
2424120,0.71167642
2424180,0.71167642
2424240,0.71167642
2424300,0.71167642
2424360,0.71167642
2424420,0.71167642
2424480,0.71167642
2424540,0.71167642
2424600,0.71167642
2424660,0.71167642
2424720,0.71167642
2424780,0.71167642
2424840,0.71167642
2424900,0.71167642
2424960,0.71167642
2425020,0.71167642
2425080,0.71167642
2425140,0.71167642
2425200,0.71167642
2425260,0.71167642
2425320,0.71167642
2425380,0.71167642
2425440,0.71167642
2425500,0.71167642
2425560,0.71167642
2425620,0.71167642
2425680,0.71167642
2425740,0.71167642
2425800,0.71167642
2425860,0.71167642
2425920,0.71167642
2425980,0.71167642
2426040,0.71167642
2426100,0.71167642
2426160,0.71167642
2426220,0.71167642
2426280,0.71167642
2426340,0.71167642
2426400,0.71167642
2426460,0.71167642
2426520,0.71167642
2426580,0.71167642
2426640,0.71167642
2426700,0.71167642
2426760,0.71167642
2426820,0.71167642
2426880,0.71167642
2426940,0.71167642
2427000,0.71167642
2427060,0.71167642
2427120,0.71167642
2427180,0.71167642
2427240,0.71167642
2427300,0.71167642
2427360,0.71167642
2427420,0.71167642
2427480,0.71167642
2427540,0.71167642
2427600,0.71167642
2427660,0.71167642
2427720,0.71167642
2427780,0.71167642
2427840,0.71167642
2427900,0.71167642
2427960,0.71167642
2428020,0.71167642
2428080,0.71167642
2428140,0.71167642
2428200,0.71167642
2428260,0.71167642
2428320,0.71167642
2428380,0.71167642
2428440,0.71167642
2428500,0.71167642
2428560,0.71167642
2428620,0.71167642
2428680,0.71167642
2428740,0.71167642
2428800,0.71167642
2428860,0.71167642
2428920,0.71167642
2428980,0.71167642
2429040,0.71167642
2429100,0.71167642
2429160,0.71167642
2429220,0.71167642
2429280,0.71167642
2429340,0.71167642
2429400,0.71167642
2429460,0.71167642
2429520,0.71167642
2429580,0.71167642
2429640,0.71167642
2429700,0.71167642
2429760,0.71167642
2429820,0.71167642
2429880,0.71167642
2429940,0.71167642
2430000,0.71167642
2430060,0.71167642
2430120,0.71167642
2430180,0.71167642
2430240,0.71167642
2430300,0.71167642
2430360,0.71167642
2430420,0.71167642
2430480,0.71167642
2430540,0.71167642
2430600,0.71167642
2430660,0.71167642
2430720,0.71167642
2430780,0.71167642
2430840,0.71167642
2430900,0.71167642
2430960,0.71167642
2431020,0.71167642
2431080,0.71167642
2431140,0.71167642
2431200,0.71167642
2431260,0.71167642
2431320,0.71167642
2431380,0.71167642
2431440,0.71167642
2431500,0.71167642
2431560,0.71167642
2431620,0.71167642
2431680,0.71167642
2431740,0.71167642
2431800,0.71167642
2431860,0.71167642
2431920,0.71167642
2431980,0.71167642
2432040,0.71167642
2432100,0.71167642
2432160,0.71167642
2432220,0.71167642
2432280,0.71167642
2432340,0.71167642
2432400,0.71167642
2432460,0.71167642
2432520,0.71167642
2432580,0.71167642
2432640,0.71167642
2432700,0.71167642
2432760,0.71167642
2432820,0.71167642
2432880,0.71167642
2432940,0.71167642
2433000,0.71167642
2433060,0.71167642
2433120,0.71167642
2433180,0.71167642
2433240,0.71167642
2433300,0.71167642
2433360,0.71167642
2433420,0.71167642
2433480,0.71167642
2433540,0.71167642
2433600,0.71167642
2433660,0.71167642
2433720,0.71167642
2433780,0.71167642
2433840,0.71167642
2433900,0.71167642
2433960,0.71167642
2434020,0.71167642
2434080,0.71167642
2434140,0.71167642
2434200,0.71167642
2434260,0.71167642
2434320,0.71167642
2434380,0.71167642
2434440,0.71167642
2434500,0.71167642
2434560,0.71167642
2434620,0.71167642
2434680,0.71167642
2434740,0.71167642
2434800,0.71167642
2434860,0.71167642
2434920,0.71167642
2434980,0.71167642
2435040,0.71167642
2435100,0.71167642
2435160,0.71167642
2435220,0.71167642
2435280,0.71167642
2435340,0.71167642
2435400,0.71167642
2435460,0.71167642
2435520,0.71167642
2435580,0.71167642
2435640,0.71167642
2435700,0.71167642
2435760,0.71167642
2435820,0.71167642
2435880,0.71167642
2435940,0.71167642
2436000,0.71167642
2436060,0.71167642
2436120,0.71167642
2436180,0.71167642
2436240,0.71167642
2436300,0.71167642
2436360,0.71167642
2436420,0.71167642
2436480,0.71167642
2436540,0.71167642
2436600,0.71167642
2436660,0.71167642
2436720,0.71167642
2436780,0.71167642
2436840,0.71167642
2436900,0.71167642
2436960,0.71167642
2437020,0.71167642
2437080,0.71167642
2437140,0.71167642
2437200,0.71167642
2437260,0.71167642
2437320,0.71167642
2437380,0.71167642
2437440,0.71167642
2437500,0.71167642
2437560,0.71167642
2437620,0.71167642
2437680,0.71167642
2437740,0.71167642
2437800,0.71167642
2437860,0.71167642
2437920,0.71167642
2437980,0.71167642
2438040,0.71167642
2438100,0.71167642
2438160,0.71167642
2438220,0.71167642
2438280,0.71167642
2438340,0.71167642
2438400,0.71167642
2438460,0.71167642
2438520,0.71167642
2438580,0.71167642
2438640,0.71167642
2438700,0.71167642
2438760,0.71167642
2438820,0.71167642
2438880,0.71167642
2438940,0.71167642
2439000,0.71167642
2439060,0.71167642
2439120,0.71167642
2439180,0.71167642
2439240,0.71167642
2439300,0.71167642
2439360,0.71167642
2439420,0.71167642
2439480,0.71167642
2439540,0.71167642
2439600,0.71167642
2439660,0.71167642
2439720,0.71167642
2439780,0.71167642
2439840,0.71167642
2439900,0.71167642
2439960,0.71167642
2440020,0.71167642
2440080,0.71167642
2440140,0.71167642
2440200,0.71167642
2440260,0.71167642
2440320,0.71167642
2440380,0.71167642
2440440,0.71167642
2440500,0.71167642
2440560,0.71167642
2440620,0.71167642
2440680,0.71167642
2440740,0.71167642
2440800,0.71167642
2440860,0.71167642
2440920,0.71167642
2440980,0.71167642
2441040,0.71167642
2441100,0.71167642
2441160,0.71167642
2441220,0.71167642
2441280,0.71167642
2441340,0.71167642
2441400,0.71167642
2441460,0.71167642
2441520,0.71167642
2441580,0.71167642
2441640,0.71167642
2441700,0.71167642
2441760,0.71167642
2441820,0.71167642
2441880,0.71167642
2441940,0.71167642
2442000,0.71167642
2442060,0.71167642
2442120,0.71167642
2442180,0.71167642
2442240,0.71167642
2442300,0.71167642
2442360,0.71167642
2442420,0.71167642
2442480,0.71167642
2442540,0.71167642
2442600,0.71167642
2442660,0.71167642
2442720,0.71167642
2442780,0.71167642
2442840,0.71167642
2442900,0.71167642
2442960,0.71167642
2443020,0.71167642
2443080,0.71167642
2443140,0.71167642
2443200,0.71167642
2443260,0.71167642
2443320,0.71167642
2443380,0.71167642
2443440,0.71167642
2443500,0.71167642
2443560,0.71167642
2443620,0.71167642
2443680,0.71167642
2443740,0.71167642
2443800,0.71167642
2443860,0.71167642
2443920,0.71167642
2443980,0.71167642
2444040,0.71167642
2444100,0.71167642
2444160,0.71167642
2444220,0.71167642
2444280,0.71167642
2444340,0.71167642
2444400,0.71167642
2444460,0.71167642
2444520,0.71167642
2444580,0.71167642
2444640,0.71167642
2444700,0.71167642
2444760,0.71167642
2444820,0.71167642
2444880,0.71167642
2444940,0.71167642
2445000,0.71167642
2445060,0.71167642
2445120,0.71167642
2445180,0.71167642
2445240,0.71167642
2445300,0.71167642
2445360,0.71167642
2445420,0.71167642
2445480,0.71167642
2445540,0.71167642
2445600,0.71167642
2445660,0.71167642
2445720,0.71167642
2445780,0.71167642
2445840,0.71167642
2445900,0.71167642
2445960,0.71167642
2446020,0.71167642
2446080,0.71167642
2446140,0.71167642
2446200,0.71167642
2446260,0.71167642
2446320,0.71167642
2446380,0.71167642
2446440,0.71167642
2446500,0.71167642
2446560,0.71167642
2446620,0.71167642
2446680,0.71167642
2446740,0.71167642
2446800,0.71167642
2446860,0.71167642
2446920,0.71167642
2446980,0.71167642
2447040,0.71167642
2447100,0.71167642
2447160,0.71167642
2447220,0.71167642
2447280,0.71167642
2447340,0.71167642
2447400,0.71167642
2447460,0.71167642
2447520,0.71167642
2447580,0.71167642
2447640,0.71167642
2447700,0.71167642
2447760,0.71167642
2447820,0.71167642
2447880,0.71167642
2447940,0.71167642
2448000,0.71167642
2448060,0.71167642
2448120,0.71167642
2448180,0.71167642
2448240,0.71167642
2448300,0.71167642
2448360,0.71167642
2448420,0.71167642
2448480,0.71167642
2448540,0.71167642
2448600,0.71167642
2448660,0.71167642
2448720,0.71167642
2448780,0.71167642
2448840,0.71167642
2448900,0.71167642
2448960,0.71167642
2449020,0.71167642
2449080,0.71167642
2449140,0.71167642
2449200,0.71167642
2449260,0.71167642
2449320,0.71167642
2449380,0.71167642
2449440,0.71167642
2449500,0.71167642
2449560,0.71167642
2449620,0.71167642
2449680,0.71167642
2449740,0.71167642
2449800,0.71167642
2449860,0.71167642
2449920,0.71167642
2449980,0.71167642
2450040,0.71167642
2450100,0.71167642
2450160,0.71167642
2450220,0.71167642
2450280,0.71167642
2450340,0.71167642
2450400,0.71167642
2450460,0.71167642
2450520,0.71167642
2450580,0.71167642
2450640,0.71167642
2450700,0.71167642
2450760,0.71167642
2450820,0.71167642
2450880,0.71167642
2450940,0.71167642
2451000,0.71167642
2451060,0.71167642
2451120,0.71167642
2451180,0.71167642
2451240,0.71167642
2451300,0.71167642
2451360,0.71167642
2451420,0.71167642
2451480,0.71167642
2451540,0.71167642
2451600,0.71167642
2451660,0.71167642
2451720,0.71167642
2451780,0.71167642
2451840,0.71167642
2451900,0.71167642
2451960,0.71167642
2452020,0.71167642
2452080,0.71167642
2452140,0.71167642
2452200,0.71167642
2452260,0.71167642
2452320,0.71167642
2452380,0.71167642
2452440,0.71167642
2452500,0.71167642
2452560,0.71167642
2452620,0.71167642
2452680,0.71167642
2452740,0.71167642
2452800,0.71167642
2452860,0.71167642
2452920,0.71167642
2452980,0.71167642
2453040,0.71167642
2453100,0.71167642
2453160,0.71167642
2453220,0.71167642
2453280,0.71167642
2453340,0.71167642
2453400,0.71167642
2453460,0.71167642
2453520,0.71167642
2453580,0.71167642
2453640,0.71167642
2453700,0.71167642
2453760,0.71167642
2453820,0.71167642
2453880,0.71167642
2453940,0.71167642
2454000,0.71167642
2454060,0.71167642
2454120,0.71167642
2454180,0.71167642
2454240,0.71167642
2454300,0.71167642
2454360,0.71167642
2454420,0.71167642
2454480,0.71167642
2454540,0.71167642
2454600,0.71167642
2454660,0.71167642
2454720,0.71167642
2454780,0.71167642
2454840,0.71167642
2454900,0.71167642
2454960,0.71167642
2455020,0.71167642
2455080,0.71167642
2455140,0.71167642
2455200,0.71167642
2455260,0.71167642
2455320,0.71167642
2455380,0.71167642
2455440,0.71167642
2455500,0.71167642
2455560,0.71167642
2455620,0.71167642
2455680,0.71167642
2455740,0.71167642
2455800,0.71167642
2455860,0.71167642
2455920,0.71167642
2455980,0.71167642
2456040,0.71167642
2456100,0.71167642
2456160,0.71167642
2456220,0.71167642
2456280,0.71167642
2456340,0.71167642
2456400,0.71167642
2456460,0.71167642
2456520,0.71167642
2456580,0.71167642
2456640,0.71167642
2456700,0.71167642
2456760,0.71167642
2456820,0.71167642
2456880,0.71167642
2456940,0.71167642
2457000,0.71167642
2457060,0.71167642
2457120,0.71167642
2457180,0.71167642
2457240,0.71167642
2457300,0.71167642
2457360,0.71167642
2457420,0.71167642
2457480,0.71167642
2457540,0.71167642
2457600,0.71167642
2457660,0.71167642
2457720,0.71167642
2457780,0.71167642
2457840,0.71167642
2457900,0.71167642
2457960,0.71167642
2458020,0.71167642
2458080,0.71167642
2458140,0.71167642
2458200,0.71167642
2458260,0.71167642
2458320,0.71167642
2458380,0.71167642
2458440,0.71167642
2458500,0.71167642
2458560,0.71167642
2458620,0.71167642
2458680,0.71167642
2458740,0.71167642
2458800,0.71167642
2458860,0.71167642
2458920,0.71167642
2458980,0.71167642
2459040,0.71167642
2459100,0.71167642
2459160,0.71167642
2459220,0.71167642
2459280,0.71167642
2459340,0.71167642
2459400,0.71167642
2459460,0.71167642
2459520,0.71167642
2459580,0.71167642
2459640,0.71167642
2459700,0.71167642
2459760,0.71167642
2459820,0.71167642
2459880,0.71167642
2459940,0.71167642
2460000,0.71167642
2460060,0.71167642
2460120,0.71167642
2460180,0.71167642
2460240,0.71167642
2460300,0.71167642
2460360,0.71167642
2460420,0.71167642
2460480,0.71167642
2460540,0.71167642
2460600,0.71167642
2460660,0.71167642
2460720,0.71167642
2460780,0.71167642
2460840,0.71167642
2460900,0.71167642
2460960,0.71167642
2461020,0.71167642
2461080,0.71167642
2461140,0.71167642
2461200,0.71167642
2461260,0.71167642
2461320,0.71167642
2461380,0.71167642
2461440,0.71167642
2461500,0.71167642
2461560,0.71167642
2461620,0.71167642
2461680,0.71167642
2461740,0.71167642
2461800,0.71167642
2461860,0.71167642
2461920,0.71167642
2461980,0.71167642
2462040,0.71167642
2462100,0.71167642
2462160,0.71167642
2462220,0.71167642
2462280,0.71167642
2462340,0.71167642
2462400,0.71167642
2462460,0.71167642
2462520,0.71167642
2462580,0.71167642
2462640,0.71167642
2462700,0.71167642
2462760,0.71167642
2462820,0.71167642
2462880,0.71167642
2462940,0.71167642
2463000,0.71167642
2463060,0.71167642
2463120,0.71167642
2463180,0.71167642
2463240,0.71167642
2463300,0.71167642
2463360,0.71167642
2463420,0.71167642
2463480,0.71167642
2463540,0.71167642
2463600,0.71167642
2463660,0.71167642
2463720,0.71167642
2463780,0.71167642
2463840,0.71167642
2463900,0.71167642
2463960,0.71167642
2464020,0.71167642
2464080,0.71167642
2464140,0.71167642
2464200,0.71167642
2464260,0.71167642
2464320,0.71167642
2464380,0.71167642
2464440,0.71167642
2464500,0.71167642
2464560,0.71167642
2464620,0.71167642
2464680,0.71167642
2464740,0.71167642
2464800,0.71167642
2464860,0.71167642
2464920,0.71167642
2464980,0.71167642
2465040,0.71167642
2465100,0.71167642
2465160,0.71167642
2465220,0.71167642
2465280,0.71167642
2465340,0.71167642
2465400,0.71167642
2465460,0.71167642
2465520,0.71167642
2465580,0.71167642
2465640,0.71167642
2465700,0.71167642
2465760,0.71167642
2465820,0.71167642
2465880,0.71167642
2465940,0.71167642
2466000,0.71167642
2466060,0.71167642
2466120,0.71167642
2466180,0.71167642
2466240,0.71167642
2466300,0.71167642
2466360,0.71167642
2466420,0.71167642
2466480,0.71167642
2466540,0.71167642
2466600,0.71167642
2466660,0.71167642
2466720,0.71167642
2466780,0.71167642
2466840,0.71167642
2466900,0.71167642
2466960,0.71167642
2467020,0.71167642
2467080,0.71167642
2467140,0.71167642
2467200,0.71167642
2467260,0.71167642
2467320,0.71167642
2467380,0.71167642
2467440,0.71167642
2467500,0.71167642
2467560,0.71167642
2467620,0.71167642
2467680,0.71167642
2467740,0.71167642
2467800,0.71167642
2467860,0.71167642
2467920,0.71167642
2467980,0.71167642
2468040,0.71167642
2468100,0.71167642
2468160,0.71167642
2468220,0.71167642
2468280,0.71167642
2468340,0.71167642
2468400,0.71167642
2468460,0.71167642
2468520,0.71167642
2468580,0.71167642
2468640,0.71167642
2468700,0.71167642
2468760,0.71167642
2468820,0.71167642
2468880,0.71167642
2468940,0.71167642
2469000,0.71167642
2469060,0.71167642
2469120,0.71167642
2469180,0.71167642
2469240,0.71167642
2469300,0.71167642
2469360,0.71167642
2469420,0.71167642
2469480,0.71167642
2469540,0.71167642
2469600,0.71167642
2469660,0.71167642
2469720,0.71167642
2469780,0.71167642
2469840,0.71167642
2469900,0.71167642
2469960,0.71167642
2470020,0.71167642
2470080,0.71167642
2470140,0.71167642
2470200,0.71167642
2470260,0.71167642
2470320,0.71167642
2470380,0.71167642
2470440,0.71167642
2470500,0.71167642
2470560,0.71167642
2470620,0.71167642
2470680,0.71167642
2470740,0.71167642
2470800,0.71167642
2470860,0.71167642
2470920,0.71167642
2470980,0.71167642
2471040,0.71167642
2471100,0.71167642
2471160,0.71167642
2471220,0.71167642
2471280,0.71167642
2471340,0.71167642
2471400,0.71167642
2471460,0.71167642
2471520,0.71167642
2471580,0.71167642
2471640,0.71167642
2471700,0.71167642
2471760,0.71167642
2471820,0.71167642
2471880,0.71167642
2471940,0.71167642
2472000,0.71167642
2472060,0.71167642
2472120,0.71167642
2472180,0.71167642
2472240,0.71167642
2472300,0.71167642
2472360,0.71167642
2472420,0.71167642
2472480,0.71167642
2472540,0.71167642
2472600,0.71167642
2472660,0.71167642
2472720,0.71167642
2472780,0.71167642
2472840,0.71167642
2472900,0.71167642
2472960,0.71167642
2473020,0.71167642
2473080,0.71167642
2473140,0.71167642
2473200,0.71167642
2473260,0.71167642
2473320,0.71167642
2473380,0.71167642
2473440,0.71167642
2473500,0.71167642
2473560,0.71167642
2473620,0.71167642
2473680,0.71167642
2473740,0.71167642
2473800,0.71167642
2473860,0.71167642
2473920,0.71167642
2473980,0.71167642
2474040,0.71167642
2474100,0.71167642
2474160,0.71167642
2474220,0.71167642
2474280,0.71167642
2474340,0.71167642
2474400,0.71167642
2474460,0.71167642
2474520,0.71167642
2474580,0.71167642
2474640,0.71167642
2474700,0.71167642
2474760,0.71167642
2474820,0.71167642
2474880,0.71167642
2474940,0.71167642
2475000,0.71167642
2475060,0.71167642
2475120,0.71167642
2475180,0.71167642
2475240,0.71167642
2475300,0.71167642
2475360,0.71167642
2475420,0.71167642
2475480,0.71167642
2475540,0.71167642
2475600,0.71167642
2475660,0.71167642
2475720,0.71167642
2475780,0.71167642
2475840,0.71167642
2475900,0.71167642
2475960,0.71167642
2476020,0.71167642
2476080,0.71167642
2476140,0.71167642
2476200,0.71167642
2476260,0.71167642
2476320,0.71167642
2476380,0.71167642
2476440,0.71167642
2476500,0.71167642
2476560,0.71167642
2476620,0.71167642
2476680,0.71167642
2476740,0.71167642
2476800,0.71167642
2476860,0.71167642
2476920,0.71167642
2476980,0.71167642
2477040,0.71167642
2477100,0.71167642
2477160,0.71167642
2477220,0.71167642
2477280,0.71167642
2477340,0.71167642
2477400,0.71167642
2477460,0.71167642
2477520,0.71167642
2477580,0.71167642
2477640,0.71167642
2477700,0.71167642
2477760,0.71167642
2477820,0.71167642
2477880,0.71167642
2477940,0.71167642
2478000,0.71167642
2478060,0.71167642
2478120,0.71167642
2478180,0.71167642
2478240,0.71167642
2478300,0.71167642
2478360,0.71167642
2478420,0.71167642
2478480,0.71167642
2478540,0.71167642
2478600,0.71167642
2478660,0.71167642
2478720,0.71167642
2478780,0.71167642
2478840,0.71167642
2478900,0.71167642
2478960,0.71167642
2479020,0.71167642
2479080,0.71167642
2479140,0.71167642
2479200,0.71167642
2479260,0.71167642
2479320,0.71167642
2479380,0.71167642
2479440,0.71167642
2479500,0.71167642
2479560,0.71167642
2479620,0.71167642
2479680,0.71167642
2479740,0.71167642
2479800,0.71167642
2479860,0.71167642
2479920,0.71167642
2479980,0.71167642
2480040,0.71167642
2480100,0.71167642
2480160,0.71167642
2480220,0.71167642
2480280,0.71167642
2480340,0.71167642
2480400,0.71167642
2480460,0.71167642
2480520,0.71167642
2480580,0.71167642
2480640,0.71167642
2480700,0.71167642
2480760,0.71167642
2480820,0.71167642
2480880,0.71167642
2480940,0.71167642
2481000,0.71167642
2481060,0.71167642
2481120,0.71167642
2481180,0.71167642
2481240,0.71167642
2481300,0.71167642
2481360,0.71167642
2481420,0.71167642
2481480,0.71167642
2481540,0.71167642
2481600,0.71167642
2481660,0.71167642
2481720,0.71167642
2481780,0.71167642
2481840,0.71167642
2481900,0.71167642
2481960,0.71167642
2482020,0.71167642
2482080,0.71167642
2482140,0.71167642
2482200,0.71167642
2482260,0.71167642
2482320,0.71167642
2482380,0.71167642
2482440,0.71167642
2482500,0.71167642
2482560,0.71167642
2482620,0.71167642
2482680,0.71167642
2482740,0.71167642
2482800,0.71167642
2482860,0.71167642
2482920,0.71167642
2482980,0.71167642
2483040,0.71167642
2483100,0.71167642
2483160,0.71167642
2483220,0.71167642
2483280,0.71167642
2483340,0.71167642
2483400,0.71167642
2483460,0.71167642
2483520,0.71167642
2483580,0.71167642
2483640,0.71167642
2483700,0.71167642
2483760,0.71167642
2483820,0.71167642
2483880,0.71167642
2483940,0.71167642
2484000,0.71167642
2484060,0.71167642
2484120,0.71167642
2484180,0.71167642
2484240,0.71167642
2484300,0.71167642
2484360,0.71167642
2484420,0.71167642
2484480,0.71167642
2484540,0.71167642
2484600,0.71167642
2484660,0.71167642
2484720,0.71167642
2484780,0.71167642
2484840,0.71167642
2484900,0.71167642
2484960,0.71167642
2485020,0.71167642
2485080,0.71167642
2485140,0.71167642
2485200,0.71167642
2485260,0.71167642
2485320,0.71167642
2485380,0.71167642
2485440,0.71167642
2485500,0.71167642
2485560,0.71167642
2485620,0.71167642
2485680,0.71167642
2485740,0.71167642
2485800,0.71167642
2485860,0.71167642
2485920,0.71167642
2485980,0.71167642
2486040,0.71167642
2486100,0.71167642
2486160,0.71167642
2486220,0.71167642
2486280,0.71167642
2486340,0.71167642
2486400,0.71167642
2486460,0.71167642
2486520,0.71167642
2486580,0.71167642
2486640,0.71167642
2486700,0.71167642
2486760,0.71167642
2486820,0.71167642
2486880,0.71167642
2486940,0.71167642
2487000,0.71167642
2487060,0.71167642
2487120,0.71167642
2487180,0.71167642
2487240,0.71167642
2487300,0.71167642
2487360,0.71167642
2487420,0.71167642
2487480,0.71167642
2487540,0.71167642
2487600,0.71167642
2487660,0.71167642
2487720,0.71167642
2487780,0.71167642
2487840,0.71167642
2487900,0.71167642
2487960,0.71167642
2488020,0.71167642
2488080,0.71167642
2488140,0.71167642
2488200,0.71167642
2488260,0.71167642
2488320,0.71167642
2488380,0.71167642
2488440,0.71167642
2488500,0.71167642
2488560,0.71167642
2488620,0.71167642
2488680,0.71167642
2488740,0.71167642
2488800,0.71167642
2488860,0.71167642
2488920,0.71167642
2488980,0.71167642
2489040,0.71167642
2489100,0.71167642
2489160,0.71167642
2489220,0.71167642
2489280,0.71167642
2489340,0.71167642
2489400,0.71167642
2489460,0.71167642
2489520,0.71167642
2489580,0.71167642
2489640,0.71167642
2489700,0.71167642
2489760,0.71167642
2489820,0.71167642
2489880,0.71167642
2489940,0.71167642
2490000,0.71167642
2490060,0.71167642
2490120,0.71167642
2490180,0.71167642
2490240,0.71167642
2490300,0.71167642
2490360,0.71167642
2490420,0.71167642
2490480,0.71167642
2490540,0.71167642
2490600,0.71167642
2490660,0.71167642
2490720,0.71167642
2490780,0.71167642
2490840,0.71167642
2490900,0.71167642
2490960,0.71167642
2491020,0.71167642
2491080,0.71167642
2491140,0.71167642
2491200,0.71167642
2491260,0.71167642
2491320,0.71167642
2491380,0.71167642
2491440,0.71167642
2491500,0.71167642
2491560,0.71167642
2491620,0.71167642
2491680,0.71167642
2491740,0.71167642
2491800,0.71167642
2491860,0.71167642
2491920,0.71167642
2491980,0.71167642
2492040,0.71167642
2492100,0.71167642
2492160,0.71167642
2492220,0.71167642
2492280,0.71167642
2492340,0.71167642
2492400,0.71167642
2492460,0.71167642
2492520,0.71167642
2492580,0.71167642
2492640,0.71167642
2492700,0.71167642
2492760,0.71167642
2492820,0.71167642
2492880,0.71167642
2492940,0.71167642
2493000,0.71167642
2493060,0.71167642
2493120,0.71167642
2493180,0.71167642
2493240,0.71167642
2493300,0.71167642
2493360,0.71167642
2493420,0.71167642
2493480,0.71167642
2493540,0.71167642
2493600,0.71167642
2493660,0.71167642
2493720,0.71167642
2493780,0.71167642
2493840,0.71167642
2493900,0.71167642
2493960,0.71167642
2494020,0.71167642
2494080,0.71167642
2494140,0.71167642
2494200,0.71167642
2494260,0.71167642
2494320,0.71167642
2494380,0.71167642
2494440,0.71167642
2494500,0.71167642
2494560,0.71167642
2494620,0.71167642
2494680,0.71167642
2494740,0.71167642
2494800,0.71167642
2494860,0.71167642
2494920,0.71167642
2494980,0.71167642
2495040,0.71167642
2495100,0.71167642
2495160,0.71167642
2495220,0.71167642
2495280,0.71167642
2495340,0.71167642
2495400,0.71167642
2495460,0.71167642
2495520,0.71167642
2495580,0.71167642
2495640,0.71167642
2495700,0.71167642
2495760,0.71167642
2495820,0.71167642
2495880,0.71167642
2495940,0.71167642
2496000,0.71167642
2496060,0.71167642
2496120,0.71167642
2496180,0.71167642
2496240,0.71167642
2496300,0.71167642
2496360,0.71167642
2496420,0.71167642
2496480,0.71167642
2496540,0.71167642
2496600,0.71167642
2496660,0.71167642
2496720,0.71167642
2496780,0.71167642
2496840,0.71167642
2496900,0.71167642
2496960,0.71167642
2497020,0.71167642
2497080,0.71167642
2497140,0.71167642
2497200,0.71167642
2497260,0.71167642
2497320,0.71167642
2497380,0.71167642
2497440,0.71167642
2497500,0.71167642
2497560,0.71167642
2497620,0.71167642
2497680,0.71167642
2497740,0.71167642
2497800,0.71167642
2497860,0.71167642
2497920,0.71167642
2497980,0.71167642
2498040,0.71167642
2498100,0.71167642
2498160,0.71167642
2498220,0.71167642
2498280,0.71167642
2498340,0.71167642
2498400,0.71167642
2498460,0.71167642
2498520,0.71167642
2498580,0.71167642
2498640,0.71167642
2498700,0.71167642
2498760,0.71167642
2498820,0.71167642
2498880,0.71167642
2498940,0.71167642
2499000,0.71167642
2499060,0.71167642
2499120,0.71167642
2499180,0.71167642
2499240,0.71167642
2499300,0.71167642
2499360,0.71167642
2499420,0.71167642
2499480,0.71167642
2499540,0.71167642
2499600,0.71167642
2499660,0.71167642
2499720,0.71167642
2499780,0.71167642
2499840,0.71167642
2499900,0.71167642
2499960,0.71167642
2500020,0.71167642
2500080,0.71167642
2500140,0.71167642
2500200,0.71167642
2500260,0.71167642
2500320,0.71167642
2500380,0.71167642
2500440,0.71167642
2500500,0.71167642
2500560,0.71167642
2500620,0.71167642
2500680,0.71167642
2500740,0.71167642
2500800,0.71167642
2500860,0.71167642
2500920,0.71167642
2500980,0.71167642
2501040,0.71167642
2501100,0.71167642
2501160,0.71167642
2501220,0.71167642
2501280,0.71167642
2501340,0.71167642
2501400,0.71167642
2501460,0.71167642
2501520,0.71167642
2501580,0.71167642
2501640,0.71167642
2501700,0.71167642
2501760,0.71167642
2501820,0.71167642
2501880,0.71167642
2501940,0.71167642
2502000,0.71167642
2502060,0.71167642
2502120,0.71167642
2502180,0.71167642
2502240,0.71167642
2502300,0.71167642
2502360,0.71167642
2502420,0.71167642
2502480,0.71167642
2502540,0.71167642
2502600,0.71167642
2502660,0.71167642
2502720,0.71167642
2502780,0.71167642
2502840,0.71167642
2502900,0.71167642
2502960,0.71167642
2503020,0.71167642
2503080,0.71167642
2503140,0.71167642
2503200,0.71167642
2503260,0.71167642
2503320,0.71167642
2503380,0.71167642
2503440,0.71167642
2503500,0.71167642
2503560,0.71167642
2503620,0.71167642
2503680,0.71167642
2503740,0.71167642
2503800,0.71167642
2503860,0.71167642
2503920,0.71167642
2503980,0.71167642
2504040,0.71167642
2504100,0.71167642
2504160,0.71167642
2504220,0.71167642
2504280,0.71167642
2504340,0.71167642
2504400,0.71167642
2504460,0.71167642
2504520,0.71167642
2504580,0.71167642
2504640,0.71167642
2504700,0.71167642
2504760,0.71167642
2504820,0.71167642
2504880,0.71167642
2504940,0.71167642
2505000,0.71167642
2505060,0.71167642
2505120,0.71167642
2505180,0.71167642
2505240,0.71167642
2505300,0.71167642
2505360,0.71167642
2505420,0.71167642
2505480,0.71167642
2505540,0.71167642
2505600,0.71167642
